gift_id,donor_id,fund_id,campaign_id,gift_date,gift_amount,gift_type
GFT-000001,DNR-00234,FND-005,CAM-005,2026-01-23,1014.42,Pledge Payment
GFT-000002,DNR-00642,FND-007,CAM-004,2026-06-15,168.62,Cash
GFT-000003,DNR-00713,FND-006,CAM-005,2024-02-19,36.86,Cash
GFT-000004,DNR-00610,FND-002,,2024-06-18,16.14,Pledge Payment
GFT-000005,DNR-00242,FND-004,CAM-002,2025-04-02,58.95,Cash
GFT-000006,DNR-00375,FND-006,,2024-02-25,395.12,Pledge Payment
GFT-000007,DNR-00796,FND-007,,2026-05-12,44.33,Matching Gift
GFT-000008,DNR-00867,FND-003,CAM-005,2025-08-24,473.29,Cash
GFT-000009,DNR-01137,FND-003,CAM-005,2024-06-19,370.64,Cash
GFT-000010,DNR-00288,FND-003,CAM-003,2025-02-11,162.54,Pledge Payment
GFT-000011,DNR-00110,FND-006,,2026-01-09,33.85,Matching Gift
GFT-000012,DNR-00280,FND-004,CAM-004,2026-03-19,84.68,Cash
GFT-000013,DNR-01014,FND-007,CAM-005,2026-05-01,139.02,Cash
GFT-000014,DNR-00910,FND-008,,2025-10-29,267.0,Cash
GFT-000015,DNR-01158,FND-001,CAM-001,2023-12-17,45.76,Stock
GFT-000016,DNR-00067,FND-005,CAM-001,2025-02-18,887.26,Cash
GFT-000017,DNR-00345,FND-008,CAM-005,2025-02-11,264.28,Pledge Payment
GFT-000018,DNR-00232,FND-002,CAM-002,2026-05-12,299.59,Stock
GFT-000019,DNR-01111,FND-001,CAM-005,2025-07-21,367.6,Cash
GFT-000020,DNR-00871,FND-002,CAM-001,2024-09-20,782.17,Cash
GFT-000021,DNR-00067,FND-008,CAM-002,2025-03-01,225.02,Pledge Payment
GFT-000022,DNR-00179,FND-008,,2025-06-13,395.4,Cash
GFT-000023,DNR-00430,FND-006,CAM-004,2024-10-28,86.14,Cash
GFT-000024,DNR-00286,FND-004,CAM-001,2024-06-04,1314.27,Cash
GFT-000025,DNR-01168,FND-006,CAM-006,2023-10-30,208.7,Cash
GFT-000026,DNR-01104,FND-003,CAM-003,2025-01-26,85.7,Pledge Payment
GFT-000027,DNR-00593,FND-005,CAM-006,2025-02-19,110.96,Cash
GFT-000028,DNR-00278,FND-007,,2024-01-12,22.68,Cash
GFT-000029,DNR-00260,FND-003,CAM-001,2025-01-18,110.22,Pledge Payment
GFT-000030,DNR-00660,FND-004,CAM-004,2024-04-25,12.6,Cash
GFT-000031,DNR-00292,FND-005,CAM-004,2026-03-29,430.26,Pledge Payment
GFT-000032,DNR-00926,FND-002,,2025-08-07,289.46,Cash
GFT-000033,DNR-01056,FND-005,CAM-003,2025-10-03,62.57,Cash
GFT-000034,DNR-01000,FND-006,,2026-01-17,172.0,Matching Gift
GFT-000035,DNR-00939,FND-006,,2024-01-07,180.56,Pledge Payment
GFT-000036,DNR-00815,FND-004,CAM-004,2026-06-29,50.69,Pledge Payment
GFT-000037,DNR-01014,FND-005,CAM-003,2024-09-06,142.16,Cash
GFT-000038,DNR-00692,FND-003,CAM-005,2025-01-31,186.71,Cash
GFT-000039,DNR-00100,FND-001,,2025-06-03,138.12,Cash
GFT-000040,DNR-00034,FND-002,,2026-01-27,85.61,Cash
GFT-000041,DNR-00935,FND-001,CAM-004,2025-12-20,60.23,Pledge Payment
GFT-000042,DNR-00271,FND-005,,2024-08-18,133.06,Pledge Payment
GFT-000043,DNR-00192,FND-006,CAM-002,2025-01-12,96.71,Cash
GFT-000044,DNR-00762,FND-003,,2023-12-16,340.3,Cash
GFT-000045,DNR-00626,FND-004,CAM-004,2025-09-19,844.96,Cash
GFT-000046,DNR-00195,FND-001,CAM-001,2024-01-03,501.25,Matching Gift
GFT-000047,DNR-00160,FND-003,CAM-001,2026-03-03,193.56,Pledge Payment
GFT-000048,DNR-00912,FND-001,,2026-05-29,88.98,Stock
GFT-000049,DNR-00247,FND-007,,2025-06-03,485.27,Cash
GFT-000050,DNR-00146,FND-004,CAM-004,2026-03-05,364.56,Stock
GFT-000051,DNR-00210,FND-002,CAM-003,2023-12-30,772.11,Cash
GFT-000052,DNR-00613,FND-003,CAM-004,2025-07-22,225.28,Pledge Payment
GFT-000053,DNR-00293,FND-002,CAM-006,2024-03-29,1223.61,Cash
GFT-000054,DNR-00337,FND-008,CAM-003,2023-07-18,225.36,Cash
GFT-000055,DNR-00311,FND-007,CAM-005,2024-09-09,88.54,Stock
GFT-000056,DNR-00178,FND-002,,2024-09-17,106.46,Cash
GFT-000057,DNR-DUP007,FND-007,CAM-003,2024-03-09,322.18,Pledge Payment
GFT-000058,DNR-00645,FND-003,CAM-001,2025-11-26,96.44,Cash
GFT-000059,DNR-00173,FND-004,CAM-006,2025-01-18,1212.33,Cash
GFT-000060,DNR-00055,FND-005,CAM-001,2025-02-03,292.94,Matching Gift
GFT-000061,DNR-01044,FND-004,CAM-004,2026-05-26,189.01,Cash
GFT-000062,DNR-00112,FND-004,CAM-005,2025-02-25,206.86,Pledge Payment
GFT-000063,DNR-00231,FND-004,CAM-005,2025-08-29,136.58,Stock
GFT-000064,DNR-01082,FND-001,CAM-003,2023-11-23,28.92,Pledge Payment
GFT-000065,DNR-00271,FND-007,CAM-004,2025-04-09,106.54,Cash
GFT-000066,DNR-01119,FND-003,CAM-005,2025-07-18,1023.91,Cash
GFT-000067,DNR-00035,FND-002,,2023-11-27,232.04,Cash
GFT-000068,DNR-00442,FND-001,,2024-12-18,573.53,Pledge Payment
GFT-000069,DNR-01038,FND-005,CAM-006,2025-09-23,593.8,Matching Gift
GFT-000070,DNR-00868,FND-007,,2025-10-28,173.75,Cash
GFT-000071,DNR-00569,FND-002,CAM-002,2024-05-08,371.5,Matching Gift
GFT-000072,DNR-01048,FND-004,,2023-12-09,32.01,Cash
GFT-000073,DNR-00801,FND-002,CAM-002,2025-04-30,919.84,Pledge Payment
GFT-000074,DNR-00489,FND-001,CAM-001,2025-12-12,827.24,Cash
GFT-000075,DNR-00890,FND-002,CAM-005,2023-12-24,312.13,Cash
GFT-000076,DNR-00634,FND-003,,2023-10-21,241.47,Cash
GFT-000077,DNR-00282,FND-001,,2023-07-26,176.25,Cash
GFT-000078,DNR-00711,FND-005,,2026-04-12,658.52,Stock
GFT-000079,DNR-00260,FND-005,,2025-07-31,423.63,Cash
GFT-000080,DNR-00687,FND-007,CAM-002,2023-08-30,7.9,Pledge Payment
GFT-000081,DNR-00131,FND-005,,2026-06-07,121.67,Matching Gift
GFT-000082,DNR-00933,FND-006,,2026-04-12,52.9,Cash
GFT-000083,DNR-01161,FND-003,CAM-003,2026-04-19,43.63,Pledge Payment
GFT-000084,DNR-00523,FND-002,,2024-05-18,649.96,Cash
GFT-000085,DNR-01043,FND-001,,2024-10-10,172.15,Cash
GFT-000086,DNR-00501,FND-001,CAM-005,2023-07-26,306.36,Cash
GFT-000087,DNR-00785,FND-003,,2025-07-15,197.26,Cash
GFT-000088,DNR-01133,FND-007,CAM-001,2023-09-11,44.2,Stock
GFT-000089,DNR-00509,FND-007,CAM-003,2025-04-20,32.71,Pledge Payment
GFT-000090,DNR-00160,FND-006,,2025-01-06,113.19,Pledge Payment
GFT-000091,DNR-00108,FND-003,CAM-001,2026-04-24,123.53,Cash
GFT-000092,DNR-00095,FND-007,,2026-05-22,123.45,Pledge Payment
GFT-000093,DNR-00579,FND-005,CAM-003,2026-02-07,127.26,Stock
GFT-000094,DNR-01133,FND-008,,2023-12-24,1780.1,Stock
GFT-000095,DNR-00411,FND-005,CAM-002,2025-07-25,563.02,Cash
GFT-000096,DNR-00951,FND-006,CAM-005,2024-11-08,235.73,Cash
GFT-000097,DNR-01120,FND-004,,2024-08-04,167.54,Cash
GFT-000098,DNR-00840,FND-001,CAM-001,2023-07-14,174.0,Matching Gift
GFT-000099,DNR-00020,FND-006,,2025-06-09,405.82,Cash
GFT-000100,DNR-00630,FND-002,CAM-001,2025-08-09,165.87,Cash
GFT-000101,DNR-00488,FND-007,CAM-005,2026-06-20,496.69,Cash
GFT-000102,DNR-00292,FND-005,,2023-10-31,265.37,Cash
GFT-000103,DNR-00475,FND-007,CAM-003,2023-09-28,1803.01,Cash
GFT-000104,DNR-00174,FND-002,CAM-006,2026-01-24,155.47,Cash
GFT-000105,DNR-00808,FND-002,,2024-03-30,613.39,Cash
GFT-000106,DNR-00268,FND-004,CAM-002,2025-12-07,57.75,Pledge Payment
GFT-000107,DNR-00646,FND-007,CAM-003,2024-12-16,91.27,Stock
GFT-000108,DNR-00928,FND-005,CAM-001,2025-04-12,1488.37,Cash
GFT-000109,DNR-00416,FND-003,,2023-11-30,472.05,Matching Gift
GFT-000110,DNR-00217,FND-003,CAM-005,2024-05-14,312.7,Pledge Payment
GFT-000111,DNR-00644,FND-007,,2026-02-09,2549.77,Stock
GFT-000112,DNR-00426,FND-008,CAM-002,2025-07-03,170.14,Pledge Payment
GFT-000113,DNR-00543,FND-002,,2026-02-03,611.6,Cash
GFT-000114,DNR-00624,FND-001,CAM-001,2024-05-18,668.97,Pledge Payment
GFT-000115,DNR-00304,FND-002,CAM-001,2025-05-02,1093.1,Cash
GFT-000116,DNR-00812,FND-001,CAM-002,2025-06-28,51.37,Pledge Payment
GFT-000117,DNR-00357,FND-001,CAM-004,2024-12-14,168.92,Stock
GFT-000118,DNR-01139,FND-004,,2026-01-12,260.25,Pledge Payment
GFT-000119,DNR-00209,FND-003,,2026-02-01,1069.65,Stock
GFT-000120,DNR-00127,FND-004,,2023-07-25,298.54,Cash
GFT-000121,DNR-00821,FND-006,,2024-08-09,670.76,Stock
GFT-000122,DNR-00154,FND-001,,2024-12-12,46.98,Pledge Payment
GFT-000123,DNR-00909,FND-003,,2024-08-08,130.67,Stock
GFT-000124,DNR-00251,FND-001,CAM-005,2025-05-10,823.26,Cash
GFT-000125,DNR-00345,FND-007,CAM-004,2023-10-12,149.85,Cash
GFT-000126,DNR-00061,FND-007,CAM-004,2026-04-12,184.41,Cash
GFT-000127,DNR-00725,FND-004,,2024-06-18,1047.28,Cash
GFT-000128,DNR-00574,FND-008,,2025-01-14,71.4,Cash
GFT-000129,DNR-00504,FND-005,CAM-005,2023-09-09,89.76,Cash
GFT-000130,DNR-01128,FND-008,,2025-10-21,42.29,Cash
GFT-000131,DNR-00573,FND-007,,2023-12-27,1103.47,Pledge Payment
GFT-000132,DNR-00409,FND-004,CAM-006,2025-11-05,550.48,Cash
GFT-000133,DNR-00784,FND-006,CAM-005,2023-08-09,533.76,Cash
GFT-000134,DNR-00705,FND-006,CAM-004,2026-03-19,126.81,Cash
GFT-000135,DNR-00369,FND-001,CAM-003,2025-01-04,39.31,Pledge Payment
GFT-000136,DNR-00061,FND-005,,2024-09-21,29.67,Cash
GFT-000137,DNR-01085,FND-006,CAM-001,2026-02-21,831.06,Stock
GFT-000138,DNR-00206,FND-004,CAM-001,2024-05-22,337.07,Pledge Payment
GFT-000139,DNR-01093,FND-001,CAM-001,2024-12-27,417.72,Cash
GFT-000140,DNR-00727,FND-003,,2025-09-03,246.98,Matching Gift
GFT-000141,DNR-DUP013,FND-006,CAM-003,2024-10-27,79.09,Cash
GFT-000142,DNR-00721,FND-003,CAM-001,2023-08-27,133.12,Cash
GFT-000143,DNR-01111,FND-005,,2026-04-04,61.1,Stock
GFT-000144,DNR-00078,FND-002,,2026-03-31,53.84,Cash
GFT-000145,DNR-00449,FND-001,CAM-006,2024-10-19,497.78,Pledge Payment
GFT-000146,DNR-00002,FND-006,CAM-001,2026-03-05,32.22,Cash
GFT-000147,DNR-00698,FND-003,CAM-003,2024-03-24,61.51,Cash
GFT-000148,DNR-00045,FND-003,,2023-10-30,141.59,Pledge Payment
GFT-000149,DNR-01078,FND-006,,2024-02-13,203.55,Pledge Payment
GFT-000150,DNR-00811,FND-002,CAM-003,2025-08-04,41.79,Cash
GFT-000151,DNR-00661,FND-003,,2025-03-10,31.43,Matching Gift
GFT-000152,DNR-00998,FND-006,,2025-12-11,294.28,Cash
GFT-000153,DNR-00458,FND-003,CAM-004,2025-06-30,231.9,Cash
GFT-000154,DNR-00604,FND-003,,2025-03-20,812.86,Pledge Payment
GFT-000155,DNR-01174,FND-007,,2023-07-04,207.37,Stock
GFT-000156,DNR-00652,FND-004,,2024-07-07,329.52,Stock
GFT-000157,DNR-00289,FND-006,,2026-04-12,83.75,Pledge Payment
GFT-000158,DNR-00711,FND-006,,2024-10-30,87.43,Cash
GFT-000159,DNR-00688,FND-008,,2023-12-29,46.14,Pledge Payment
GFT-000160,DNR-00430,FND-004,,2024-12-25,84.59,Cash
GFT-000161,DNR-00526,FND-002,,2025-06-17,131.05,Pledge Payment
GFT-000162,DNR-00791,FND-008,CAM-004,2023-10-07,715.17,Cash
GFT-000163,DNR-00848,FND-008,CAM-004,2024-06-05,72.32,Pledge Payment
GFT-000164,DNR-01119,FND-007,,2025-06-19,1919.2,Cash
GFT-000165,DNR-01184,FND-004,,2026-03-08,364.0,Cash
GFT-000166,DNR-00151,FND-001,CAM-002,2026-01-10,285.77,Cash
GFT-000167,DNR-00653,FND-005,,2023-08-11,190.22,Pledge Payment
GFT-000168,DNR-00701,FND-003,CAM-004,2023-11-29,154.21,Cash
GFT-000169,DNR-00154,FND-002,CAM-003,2024-05-25,98.18,Pledge Payment
GFT-000170,DNR-00064,FND-007,,2026-03-15,40.17,Cash
GFT-000171,DNR-00322,FND-001,,2025-12-06,74.89,Cash
GFT-000172,DNR-00421,FND-004,CAM-004,2025-05-09,1099.96,Pledge Payment
GFT-000173,DNR-00577,FND-005,CAM-001,2024-12-25,338.96,Cash
GFT-000174,DNR-00102,FND-007,CAM-006,2024-01-13,1087.06,Cash
GFT-000175,DNR-00315,FND-001,CAM-003,2026-04-01,95.6,Cash
GFT-000176,DNR-00876,FND-002,CAM-002,2023-07-08,59.37,Cash
GFT-000177,DNR-00409,FND-002,,2026-03-10,188.2,Cash
GFT-000178,DNR-00350,FND-005,,2024-08-27,77.71,Stock
GFT-000179,DNR-00237,FND-005,CAM-004,2026-02-24,234.43,Stock
GFT-000180,DNR-01002,FND-005,,2026-02-19,32.74,Pledge Payment
GFT-000181,DNR-00379,FND-006,CAM-004,2025-09-01,20.22,Cash
GFT-000182,DNR-00383,FND-008,,2025-07-26,273.54,Pledge Payment
GFT-000183,DNR-00901,FND-008,CAM-002,2024-12-21,1141.19,Cash
GFT-000184,DNR-00551,FND-001,,2024-10-06,287.41,Cash
GFT-000185,DNR-00176,FND-006,CAM-006,2024-01-15,335.01,Cash
GFT-000186,DNR-DUP007,FND-004,CAM-006,2025-10-25,197.08,Pledge Payment
GFT-000187,DNR-00793,FND-007,CAM-006,2023-11-02,218.39,Cash
GFT-000188,DNR-01173,FND-004,CAM-005,2026-02-27,38.28,Cash
GFT-000189,DNR-00162,FND-007,,2025-03-04,80.71,Pledge Payment
GFT-000190,DNR-01170,FND-003,,2026-04-24,706.06,Pledge Payment
GFT-000191,DNR-00355,FND-003,CAM-001,2026-01-05,54.51,Matching Gift
GFT-000192,DNR-00259,FND-001,CAM-004,2024-07-29,127.99,Matching Gift
GFT-000193,DNR-00892,FND-004,,2023-12-08,688.43,Cash
GFT-000194,DNR-00655,FND-002,,2024-12-10,211.85,Pledge Payment
GFT-000195,DNR-01140,FND-007,CAM-006,2025-09-02,223.91,Cash
GFT-000196,DNR-00566,FND-008,,2025-04-28,129.02,Stock
GFT-000197,DNR-00860,FND-002,CAM-004,2026-06-05,395.01,Cash
GFT-000198,DNR-00304,FND-002,,2024-05-02,519.24,Cash
GFT-000199,DNR-00586,FND-006,CAM-004,2024-01-23,76.36,Cash
GFT-000200,DNR-00785,FND-008,CAM-005,2024-12-22,41.91,Matching Gift
GFT-000201,DNR-00353,FND-005,CAM-004,2023-09-15,24.05,Cash
GFT-000202,DNR-00823,FND-001,CAM-004,2024-04-20,316.96,Cash
GFT-000203,DNR-00487,FND-001,CAM-005,2025-05-09,277.95,Matching Gift
GFT-000204,DNR-00763,FND-001,CAM-003,2025-01-01,2813.82,Cash
GFT-000205,DNR-00637,FND-005,CAM-005,2025-03-12,198.35,Cash
GFT-000206,DNR-00467,FND-003,CAM-002,2024-01-18,162.59,Stock
GFT-000207,DNR-00658,FND-005,CAM-004,2025-12-24,243.26,Pledge Payment
GFT-000208,DNR-00385,FND-008,CAM-001,2023-12-30,258.23,Cash
GFT-000209,DNR-00993,FND-006,,2025-10-11,149.54,Cash
GFT-000210,DNR-00326,FND-002,CAM-002,2026-05-21,78.94,Pledge Payment
GFT-000211,DNR-00827,FND-003,CAM-006,2026-05-03,186.98,Pledge Payment
GFT-000212,DNR-00356,FND-004,CAM-001,2023-08-29,179.46,Stock
GFT-000213,DNR-00511,FND-001,CAM-005,2023-10-27,176.35,Pledge Payment
GFT-000214,DNR-00739,FND-004,CAM-002,2023-10-12,445.65,Pledge Payment
GFT-000215,DNR-00951,FND-007,,2025-07-24,183.35,Cash
GFT-000216,DNR-00496,FND-006,CAM-005,2023-09-01,42.82,Cash
GFT-000217,DNR-00364,FND-008,CAM-006,2025-12-30,92.72,Cash
GFT-000218,DNR-00706,FND-003,CAM-002,2025-06-16,147.57,Cash
GFT-000219,DNR-00584,FND-001,CAM-004,2024-01-02,192.93,Matching Gift
GFT-000220,DNR-00334,FND-004,CAM-001,2023-10-10,324.62,Cash
GFT-000221,DNR-00424,FND-005,CAM-004,2024-10-04,194.6,Cash
GFT-000222,DNR-00042,FND-001,CAM-005,2026-05-17,20.63,Cash
GFT-000223,DNR-00355,FND-001,CAM-001,2024-03-27,47.91,Pledge Payment
GFT-000224,DNR-00626,FND-005,CAM-004,2024-11-28,350.7,Pledge Payment
GFT-000225,DNR-00715,FND-008,CAM-002,2025-08-10,143.34,Cash
GFT-000226,DNR-00956,FND-005,CAM-006,2024-09-19,934.3,Matching Gift
GFT-000227,DNR-01198,FND-002,,2025-09-21,213.48,Matching Gift
GFT-000228,DNR-00767,FND-005,CAM-002,2026-05-13,125.11,Cash
GFT-000229,DNR-00987,FND-002,CAM-003,2024-02-07,92.32,Pledge Payment
GFT-000230,DNR-00666,FND-005,CAM-002,2025-01-17,129.97,Cash
GFT-000231,DNR-00386,FND-003,CAM-006,2025-03-03,216.29,Stock
GFT-000232,DNR-00117,FND-007,CAM-003,2024-11-04,181.88,Pledge Payment
GFT-000233,DNR-00053,FND-008,CAM-002,2024-04-12,515.18,Cash
GFT-000234,DNR-00858,FND-007,CAM-004,2024-12-13,35.4,Cash
GFT-000235,DNR-01195,FND-004,CAM-003,2023-09-11,40.3,Cash
GFT-000236,DNR-01095,FND-008,CAM-003,2024-09-28,141.56,Cash
GFT-000237,DNR-00615,FND-003,CAM-006,2026-05-04,328.85,Pledge Payment
GFT-000238,DNR-00602,FND-002,CAM-005,2024-07-05,417.83,Cash
GFT-000239,DNR-00530,FND-003,CAM-003,2024-03-19,96.14,Cash
GFT-000240,DNR-00456,FND-006,CAM-001,2023-12-30,10.48,Cash
GFT-000241,DNR-00862,FND-006,CAM-003,2025-03-20,99.4,Cash
GFT-000242,DNR-01200,FND-005,CAM-005,2024-12-15,278.94,Cash
GFT-000243,DNR-00964,FND-001,,2024-02-27,178.25,Cash
GFT-000244,DNR-00399,FND-002,CAM-004,2026-02-22,342.83,Cash
GFT-000245,DNR-00612,FND-007,,2026-06-20,676.02,Cash
GFT-000246,DNR-00282,FND-004,CAM-003,2024-05-04,152.26,Cash
GFT-000247,DNR-01167,FND-008,,2025-10-16,111.32,Pledge Payment
GFT-000248,DNR-00370,FND-002,CAM-005,2025-04-08,68.49,Cash
GFT-000249,DNR-00363,FND-006,,2025-05-12,40.08,Cash
GFT-000250,DNR-00926,FND-005,CAM-001,2023-07-10,30.73,Pledge Payment
GFT-000251,DNR-01181,FND-003,CAM-005,2024-06-10,86.84,Pledge Payment
GFT-000252,DNR-00266,FND-007,CAM-004,2023-12-28,569.01,Cash
GFT-000253,DNR-00879,FND-008,CAM-004,2025-10-04,382.11,Cash
GFT-000254,DNR-00078,FND-004,CAM-003,2023-07-10,105.98,Matching Gift
GFT-000255,DNR-00660,FND-004,,2023-07-29,1945.04,Pledge Payment
GFT-000256,DNR-00510,FND-004,CAM-003,2023-07-09,93.1,Stock
GFT-000257,DNR-00265,FND-002,CAM-004,2025-03-31,758.93,Cash
GFT-000258,DNR-DUP005,FND-005,,2026-04-26,1009.96,Cash
GFT-000259,DNR-00094,FND-005,CAM-002,2023-11-11,300.66,Cash
GFT-000260,DNR-01066,FND-006,CAM-004,2026-01-19,86.01,Pledge Payment
GFT-000261,DNR-00702,FND-008,CAM-003,2024-03-31,121.29,Cash
GFT-000262,DNR-00338,FND-007,,2024-07-20,222.1,Cash
GFT-000263,DNR-00460,FND-003,CAM-001,2024-10-10,41.19,Cash
GFT-000264,DNR-DUP007,FND-003,,2023-08-14,62.25,Pledge Payment
GFT-000265,DNR-00077,FND-007,CAM-002,2025-07-20,57.31,Cash
GFT-000266,DNR-00100,FND-001,,2026-06-30,327.12,Cash
GFT-000267,DNR-00099,FND-002,CAM-004,2023-08-10,667.99,Cash
GFT-000268,DNR-00779,FND-002,CAM-006,2025-12-26,399.75,Cash
GFT-000269,DNR-00972,FND-003,CAM-001,2024-11-29,542.21,Pledge Payment
GFT-000270,DNR-00617,FND-007,,2023-07-20,78.85,Cash
GFT-000271,DNR-00553,FND-003,CAM-004,2026-05-31,127.11,Pledge Payment
GFT-000272,DNR-01048,FND-002,CAM-002,2024-01-31,137.56,Pledge Payment
GFT-000273,DNR-00218,FND-008,CAM-001,2024-02-19,299.31,Cash
GFT-000274,DNR-00539,FND-004,CAM-003,2024-08-13,1961.57,Matching Gift
GFT-000275,DNR-00605,FND-003,,2025-10-17,89.31,Matching Gift
GFT-000276,DNR-00426,FND-008,CAM-003,2026-04-12,503.02,Pledge Payment
GFT-000277,DNR-00006,FND-001,,2024-10-23,973.91,Stock
GFT-000278,DNR-01176,FND-008,,2024-02-12,316.91,Pledge Payment
GFT-000279,DNR-01048,FND-002,,2024-01-01,121.33,Matching Gift
GFT-000280,DNR-00474,FND-008,CAM-002,2024-12-06,72.01,Cash
GFT-000281,DNR-00951,FND-001,,2024-12-22,57.44,Cash
GFT-000282,DNR-00081,FND-005,CAM-003,2024-06-22,20.84,Pledge Payment
GFT-000283,DNR-00873,FND-002,,2025-04-01,142.11,Stock
GFT-000284,DNR-00020,FND-003,,2023-10-02,133.69,Pledge Payment
GFT-000285,DNR-00733,FND-008,CAM-002,2025-05-04,467.09,Stock
GFT-000286,DNR-00764,FND-006,,2024-01-07,95.45,Stock
GFT-000287,DNR-00821,FND-007,CAM-005,2024-02-19,150.83,Pledge Payment
GFT-000288,DNR-00790,FND-008,CAM-004,2025-01-07,247.36,Cash
GFT-000289,DNR-00232,FND-003,,2024-06-06,311.09,Pledge Payment
GFT-000290,DNR-00213,FND-007,CAM-005,2024-05-22,406.82,Pledge Payment
GFT-000291,DNR-00372,FND-007,CAM-003,2025-12-14,221.21,Matching Gift
GFT-000292,DNR-00268,FND-008,CAM-005,2023-08-29,43.53,Matching Gift
GFT-000293,DNR-00843,FND-008,,2024-02-17,281.37,Stock
GFT-000294,DNR-00536,FND-006,,2023-11-07,88.54,Cash
GFT-000295,DNR-01181,FND-004,CAM-003,2026-06-09,707.76,Pledge Payment
GFT-000296,DNR-01072,FND-002,CAM-004,2026-05-29,185.56,Cash
GFT-000297,DNR-00987,FND-006,CAM-004,2024-11-21,236.24,Cash
GFT-000298,DNR-01144,FND-001,,2024-04-30,3171.16,Pledge Payment
GFT-000299,DNR-01036,FND-008,CAM-005,2024-05-17,415.16,Pledge Payment
GFT-000300,DNR-00154,FND-008,CAM-003,2024-06-03,275.69,Pledge Payment
GFT-000301,DNR-00678,FND-005,,2024-11-05,155.66,Cash
GFT-000302,DNR-00457,FND-007,CAM-004,2026-05-04,47.15,Cash
GFT-000303,DNR-00162,FND-008,CAM-005,2024-10-24,144.04,Stock
GFT-000304,DNR-00181,FND-008,CAM-005,2026-01-03,71.12,Cash
GFT-000305,DNR-00244,FND-008,,2025-04-08,1137.85,Pledge Payment
GFT-000306,DNR-00827,FND-007,,2024-01-27,279.82,Cash
GFT-000307,DNR-00187,FND-005,CAM-006,2023-07-01,676.07,Pledge Payment
GFT-000308,DNR-00935,FND-006,CAM-003,2024-08-27,92.69,Cash
GFT-000309,DNR-00457,FND-008,CAM-003,2023-10-20,76.45,Matching Gift
GFT-000310,DNR-00745,FND-008,,2026-02-23,369.85,Cash
GFT-000311,DNR-00455,FND-001,CAM-003,2024-01-16,68.29,Cash
GFT-000312,DNR-00598,FND-006,,2025-06-27,112.03,Stock
GFT-000313,DNR-00337,FND-008,,2023-10-02,1211.56,Stock
GFT-000314,DNR-00220,FND-005,CAM-001,2025-10-16,116.79,Pledge Payment
GFT-000315,DNR-00248,FND-007,CAM-001,2024-07-19,38.08,Pledge Payment
GFT-000316,DNR-00391,FND-006,,2026-01-22,26.13,Cash
GFT-000317,DNR-00096,FND-002,CAM-005,2025-10-26,33.84,Pledge Payment
GFT-000318,DNR-DUP006,FND-003,CAM-005,2026-01-22,726.94,Cash
GFT-000319,DNR-01087,FND-001,CAM-006,2023-07-09,98.79,Pledge Payment
GFT-000320,DNR-01199,FND-008,CAM-006,2025-12-03,3023.04,Cash
GFT-000321,DNR-01185,FND-003,,2024-06-27,988.63,Pledge Payment
GFT-000322,DNR-00794,FND-006,CAM-006,2024-01-29,1646.99,Pledge Payment
GFT-000323,DNR-00858,FND-004,CAM-002,2025-08-26,559.18,Cash
GFT-000324,DNR-00703,FND-005,CAM-005,2025-09-22,347.85,Stock
GFT-000325,DNR-00283,FND-007,CAM-006,2024-03-30,73.7,Cash
GFT-000326,DNR-01122,FND-006,CAM-006,2025-03-04,180.6,Cash
GFT-000327,DNR-00412,FND-004,CAM-002,2024-09-18,389.95,Pledge Payment
GFT-000328,DNR-00272,FND-003,CAM-006,2025-06-07,518.45,Cash
GFT-000329,DNR-00237,FND-006,CAM-006,2025-04-21,51.63,Cash
GFT-000330,DNR-01194,FND-007,CAM-006,2026-03-10,146.49,Cash
GFT-000331,DNR-00866,FND-001,CAM-006,2025-02-05,165.51,Pledge Payment
GFT-000332,DNR-00052,FND-007,,2024-02-04,158.55,Pledge Payment
GFT-000333,DNR-00116,FND-004,CAM-002,2023-10-17,58.76,Pledge Payment
GFT-000334,DNR-00587,FND-005,,2024-05-25,1393.4,Pledge Payment
GFT-000335,DNR-00605,FND-004,CAM-006,2023-11-05,141.3,Stock
GFT-000336,DNR-00735,FND-008,,2023-09-05,63.09,Cash
GFT-000337,DNR-01150,FND-007,CAM-001,2024-10-02,1440.93,Cash
GFT-000338,DNR-00590,FND-001,CAM-004,2026-05-12,989.86,Cash
GFT-000339,DNR-00854,FND-006,CAM-006,2025-09-01,211.66,Cash
GFT-000340,DNR-00027,FND-005,CAM-001,2023-10-19,25.91,Matching Gift
GFT-000341,DNR-00462,FND-006,CAM-006,2025-12-24,108.57,Stock
GFT-000342,DNR-00397,FND-005,CAM-005,2024-08-06,31.37,Stock
GFT-000343,DNR-00153,FND-003,,2024-06-28,318.93,Cash
GFT-000344,DNR-00245,FND-007,,2026-05-18,100.89,Cash
GFT-000345,DNR-00572,FND-005,,2025-11-24,175.87,Cash
GFT-000346,DNR-01197,FND-005,,2024-05-25,1273.44,Pledge Payment
GFT-000347,DNR-00956,FND-003,,2025-05-07,93.46,Pledge Payment
GFT-000348,DNR-00661,FND-001,CAM-002,2024-05-10,303.58,Cash
GFT-000349,DNR-01173,FND-006,,2026-03-31,421.02,Matching Gift
GFT-000350,DNR-01077,FND-004,,2025-04-11,698.98,Cash
GFT-000351,DNR-00140,FND-003,CAM-004,2026-06-01,162.36,Cash
GFT-000352,DNR-00189,FND-006,CAM-001,2025-10-04,144.89,Cash
GFT-000353,DNR-00680,FND-006,CAM-003,2024-09-09,141.3,Cash
GFT-000354,DNR-00448,FND-008,CAM-006,2025-02-21,271.54,Pledge Payment
GFT-000355,DNR-00235,FND-006,CAM-005,2023-07-19,936.32,Cash
GFT-000356,DNR-00500,FND-001,CAM-003,2024-11-04,134.53,Cash
GFT-000357,DNR-00233,FND-007,CAM-002,2025-08-20,12.6,Cash
GFT-000358,DNR-00051,FND-006,CAM-006,2025-01-30,479.36,Stock
GFT-000359,DNR-00913,FND-008,,2026-05-07,195.13,Matching Gift
GFT-000360,DNR-00395,FND-006,CAM-006,2025-02-27,319.75,Cash
GFT-000361,DNR-00197,FND-003,CAM-006,2023-12-16,32.5,Pledge Payment
GFT-000362,DNR-00016,FND-002,CAM-001,2026-06-27,101.3,Matching Gift
GFT-000363,DNR-00869,FND-002,CAM-001,2024-09-09,434.28,Cash
GFT-000364,DNR-00148,FND-003,,2025-12-08,45.62,Pledge Payment
GFT-000365,DNR-00680,FND-001,,2026-01-26,302.8,Pledge Payment
GFT-000366,DNR-00112,FND-003,CAM-002,2023-11-28,174.3,Cash
GFT-000367,DNR-01178,FND-004,CAM-002,2023-11-22,80.8,Stock
GFT-000368,DNR-00795,FND-008,CAM-004,2025-10-12,74.35,Pledge Payment
GFT-000369,DNR-00648,FND-001,CAM-004,2025-12-03,59.3,Stock
GFT-000370,DNR-01096,FND-001,,2024-02-28,194.0,Pledge Payment
GFT-000371,DNR-00149,FND-006,CAM-006,2023-10-02,220.1,Cash
GFT-000372,DNR-00594,FND-005,,2024-02-03,121.06,Cash
GFT-000373,DNR-00897,FND-007,CAM-004,2025-01-27,55.74,Cash
GFT-000374,DNR-00971,FND-003,CAM-006,2023-09-02,7.29,Matching Gift
GFT-000375,DNR-00280,FND-007,CAM-006,2024-09-23,293.01,Cash
GFT-000376,DNR-00296,FND-005,CAM-003,2025-02-24,489.96,Cash
GFT-000377,DNR-01134,FND-003,,2023-07-23,358.19,Cash
GFT-000378,DNR-00011,FND-007,CAM-006,2023-09-24,1742.79,Cash
GFT-000379,DNR-00625,FND-004,CAM-003,2023-12-22,148.24,Cash
GFT-000380,DNR-00846,FND-003,,2024-09-06,822.51,Pledge Payment
GFT-000381,DNR-00453,FND-005,CAM-001,2024-07-11,89.07,Cash
GFT-000382,DNR-00372,FND-001,CAM-006,2024-02-20,75.26,Cash
GFT-000383,DNR-01126,FND-002,CAM-002,2026-01-30,207.46,Cash
GFT-000384,DNR-00514,FND-002,CAM-001,2023-11-15,1082.63,Stock
GFT-000385,DNR-00678,FND-006,,2026-03-24,131.5,Matching Gift
GFT-000386,DNR-00205,FND-005,,2024-10-23,32.48,Pledge Payment
GFT-000387,DNR-00651,FND-008,CAM-005,2024-07-31,478.87,Cash
GFT-000388,DNR-00627,FND-003,CAM-003,2025-05-03,166.4,Cash
GFT-000389,DNR-00878,FND-003,,2025-04-08,251.8,Stock
GFT-000390,DNR-00505,FND-004,CAM-004,2025-04-02,79.28,Cash
GFT-000391,DNR-00737,FND-003,CAM-003,2025-01-17,205.33,Cash
GFT-000392,DNR-00948,FND-008,CAM-003,2026-03-09,37.26,Pledge Payment
GFT-000393,DNR-00998,FND-002,,2025-03-17,1423.15,Pledge Payment
GFT-000394,DNR-00575,FND-003,CAM-006,2023-12-15,594.7,Cash
GFT-000395,DNR-00540,FND-002,,2024-08-06,195.32,Cash
GFT-000396,DNR-01039,FND-001,CAM-004,2023-08-08,463.15,Pledge Payment
GFT-000397,DNR-00076,FND-005,CAM-006,2024-09-08,89.31,Stock
GFT-000398,DNR-00305,FND-006,CAM-004,2026-02-21,562.82,Matching Gift
GFT-000399,DNR-DUP007,FND-005,,2024-09-30,125.43,Cash
GFT-000400,DNR-01027,FND-002,CAM-004,2026-02-06,116.28,Stock
GFT-000401,DNR-01029,FND-001,CAM-001,2025-07-15,63.39,Cash
GFT-000402,DNR-01053,FND-003,CAM-005,2024-06-04,288.86,Pledge Payment
GFT-000403,DNR-00367,FND-003,CAM-005,2024-05-22,186.17,Matching Gift
GFT-000404,DNR-00083,FND-004,CAM-005,2025-07-04,857.0,Cash
GFT-000405,DNR-00129,FND-005,CAM-003,2024-10-17,56.34,Stock
GFT-000406,DNR-00088,FND-004,CAM-006,2024-10-22,290.36,Cash
GFT-000407,DNR-00795,FND-008,CAM-005,2025-07-09,669.23,Pledge Payment
GFT-000408,DNR-00082,FND-006,,2023-10-04,3129.16,Stock
GFT-000409,DNR-00561,FND-005,CAM-006,2026-06-02,224.49,Cash
GFT-000410,DNR-00772,FND-007,CAM-003,2024-06-21,122.92,Stock
GFT-000411,DNR-01059,FND-005,CAM-004,2023-12-07,218.18,Pledge Payment
GFT-000412,DNR-01058,FND-007,CAM-003,2024-09-29,772.29,Cash
GFT-000413,DNR-00998,FND-008,,2025-06-06,771.88,Cash
GFT-000414,DNR-00285,FND-008,,2026-04-23,159.19,Cash
GFT-000415,DNR-00158,FND-005,CAM-001,2024-10-14,754.98,Cash
GFT-000416,DNR-00383,FND-003,CAM-003,2024-05-03,176.77,Cash
GFT-000417,DNR-00472,FND-007,CAM-003,2024-02-28,457.0,Cash
GFT-000418,DNR-00987,FND-008,CAM-005,2024-02-18,330.76,Cash
GFT-000419,DNR-DUP009,FND-003,CAM-004,2024-09-04,117.81,Cash
GFT-000420,DNR-00500,FND-001,,2023-08-15,65.72,Pledge Payment
GFT-000421,DNR-00276,FND-001,,2024-05-25,691.51,Cash
GFT-000422,DNR-00341,FND-005,,2023-10-23,966.27,Stock
GFT-000423,DNR-00831,FND-001,CAM-002,2026-05-24,282.62,Pledge Payment
GFT-000424,DNR-00444,FND-008,CAM-005,2023-12-23,176.51,Cash
GFT-000425,DNR-00350,FND-004,CAM-004,2026-03-13,49.55,Pledge Payment
GFT-000426,DNR-01194,FND-003,CAM-006,2024-04-18,669.44,Cash
GFT-000427,DNR-00344,FND-006,CAM-005,2024-12-23,247.55,Cash
GFT-000428,DNR-00471,FND-007,CAM-004,2023-11-18,136.35,Stock
GFT-000429,DNR-00223,FND-001,CAM-001,2024-03-27,472.68,Pledge Payment
GFT-000430,DNR-01033,FND-007,,2026-06-05,41.24,Cash
GFT-000431,DNR-00364,FND-008,,2024-01-14,60.32,Cash
GFT-000432,DNR-01031,FND-002,,2026-06-23,86.01,Cash
GFT-000433,DNR-00267,FND-001,CAM-004,2026-03-14,319.03,Stock
GFT-000434,DNR-00862,FND-006,,2026-06-04,220.86,Pledge Payment
GFT-000435,DNR-00879,FND-004,CAM-005,2026-06-20,364.38,Cash
GFT-000436,DNR-00718,FND-002,CAM-004,2025-08-19,614.41,Matching Gift
GFT-000437,DNR-00522,FND-008,CAM-001,2024-03-31,379.87,Cash
GFT-000438,DNR-00581,FND-007,CAM-002,2023-12-19,1465.38,Cash
GFT-000439,DNR-00012,FND-001,CAM-006,2024-07-22,612.65,Cash
GFT-000440,DNR-01065,FND-001,CAM-004,2024-02-27,158.79,Cash
GFT-000441,DNR-00647,FND-007,CAM-003,2024-08-24,100.6,Pledge Payment
GFT-000442,DNR-00317,FND-007,CAM-002,2024-02-04,164.09,Matching Gift
GFT-000443,DNR-01098,FND-007,CAM-003,2024-12-17,395.6,Cash
GFT-000444,DNR-00814,FND-004,CAM-004,2025-01-15,112.28,Matching Gift
GFT-000445,DNR-00367,FND-006,CAM-006,2026-03-15,408.58,Cash
GFT-000446,DNR-00520,FND-005,CAM-003,2026-03-17,356.7,Matching Gift
GFT-000447,DNR-00283,FND-002,CAM-001,2025-09-23,64.78,Stock
GFT-000448,DNR-00332,FND-002,CAM-001,2025-12-31,598.59,Cash
GFT-000449,DNR-00821,FND-006,CAM-006,2026-05-07,271.51,Cash
GFT-000450,DNR-00330,FND-007,,2023-10-15,1369.23,Cash
GFT-000451,DNR-00298,FND-008,CAM-004,2024-01-03,177.44,Cash
GFT-000452,DNR-00132,FND-005,CAM-001,2023-12-28,129.87,Pledge Payment
GFT-000453,DNR-00164,FND-001,CAM-004,2025-07-29,56.88,Pledge Payment
GFT-000454,DNR-01068,FND-005,,2025-09-28,56.0,Cash
GFT-000455,DNR-01013,FND-008,,2024-06-23,515.6,Stock
GFT-000456,DNR-01062,FND-005,CAM-001,2024-08-17,1189.96,Cash
GFT-000457,DNR-01046,FND-004,,2023-09-07,161.6,Pledge Payment
GFT-000458,DNR-00737,FND-004,,2023-09-12,150.55,Cash
GFT-000459,DNR-00178,FND-005,CAM-004,2024-05-18,195.79,Cash
GFT-000460,DNR-00810,FND-007,CAM-001,2025-06-23,650.71,Stock
GFT-000461,DNR-00032,FND-002,,2026-05-26,65.36,Cash
GFT-000462,DNR-01146,FND-006,CAM-003,2025-02-02,235.62,Matching Gift
GFT-000463,DNR-00464,FND-004,CAM-005,2025-01-17,529.92,Stock
GFT-000464,DNR-01178,FND-001,CAM-002,2025-10-05,314.57,Pledge Payment
GFT-000465,DNR-00834,FND-002,CAM-006,2024-06-23,9.27,Cash
GFT-000466,DNR-01031,FND-005,CAM-003,2023-11-26,382.09,Cash
GFT-000467,DNR-01052,FND-005,CAM-006,2024-02-25,318.09,Stock
GFT-000468,DNR-00907,FND-007,CAM-005,2024-11-24,821.41,Cash
GFT-000469,DNR-00696,FND-008,CAM-005,2024-11-10,1067.96,Pledge Payment
GFT-000470,DNR-00988,FND-002,CAM-002,2023-08-26,770.01,Pledge Payment
GFT-000471,DNR-00784,FND-004,CAM-001,2023-11-16,196.96,Cash
GFT-000472,DNR-00845,FND-006,CAM-006,2025-04-07,31.12,Cash
GFT-000473,DNR-00540,FND-004,CAM-002,2023-07-20,1974.43,Matching Gift
GFT-000474,DNR-00818,FND-006,,2024-01-07,149.38,Pledge Payment
GFT-000475,DNR-00976,FND-006,CAM-003,2024-06-30,190.18,Pledge Payment
GFT-000476,DNR-01175,FND-005,,2024-09-20,1169.76,Cash
GFT-000477,DNR-01022,FND-004,CAM-001,2024-07-24,80.1,Cash
GFT-000478,DNR-00544,FND-004,CAM-001,2024-11-07,42.44,Cash
GFT-000479,DNR-00512,FND-006,,2024-08-19,113.04,Matching Gift
GFT-000480,DNR-00246,FND-002,CAM-005,2024-02-04,84.63,Cash
GFT-000481,DNR-01109,FND-001,CAM-005,2023-07-14,38.59,Pledge Payment
GFT-000482,DNR-00646,FND-008,CAM-002,2025-07-30,165.44,Cash
GFT-000483,DNR-00375,FND-005,CAM-004,2026-04-01,198.48,Cash
GFT-000484,DNR-01182,FND-003,,2024-09-27,36.48,Cash
GFT-000485,DNR-00867,FND-008,CAM-006,2026-06-11,129.01,Stock
GFT-000486,DNR-01030,FND-006,CAM-004,2023-09-05,79.25,Pledge Payment
GFT-000487,DNR-00937,FND-002,CAM-006,2024-06-22,23.04,Matching Gift
GFT-000488,DNR-00647,FND-001,,2026-01-28,205.72,Cash
GFT-000489,DNR-00778,FND-002,CAM-003,2024-09-04,229.18,Cash
GFT-000490,DNR-00532,FND-003,CAM-006,2025-07-10,79.27,Cash
GFT-000491,DNR-00486,FND-005,CAM-005,2024-12-20,592.06,Cash
GFT-000492,DNR-00750,FND-003,CAM-005,2025-06-02,185.57,Pledge Payment
GFT-000493,DNR-00432,FND-007,CAM-003,2025-11-15,83.16,Cash
GFT-000494,DNR-00821,FND-005,CAM-005,2025-07-17,34.29,Cash
GFT-000495,DNR-01171,FND-003,CAM-001,2024-07-03,243.19,Pledge Payment
GFT-000496,DNR-00553,FND-004,CAM-006,2024-01-21,317.22,Cash
GFT-000497,DNR-00781,FND-004,,2025-12-02,106.55,Cash
GFT-000498,DNR-00969,FND-001,,2024-05-02,213.04,Cash
GFT-000499,DNR-01024,FND-003,CAM-006,2025-11-10,1067.89,Cash
GFT-000500,DNR-00647,FND-008,CAM-002,2026-06-28,486.15,Cash
GFT-000501,DNR-01152,FND-001,CAM-004,2024-11-25,17.0,Cash
GFT-000502,DNR-00335,FND-001,CAM-001,2024-01-19,82.18,Cash
GFT-000503,DNR-00976,FND-002,CAM-005,2024-12-02,156.9,Cash
GFT-000504,DNR-00533,FND-006,CAM-003,2025-05-16,197.26,Cash
GFT-000505,DNR-00705,FND-001,CAM-004,2024-12-09,218.22,Pledge Payment
GFT-000506,DNR-00720,FND-004,CAM-006,2024-03-05,294.75,Cash
GFT-000507,DNR-00583,FND-006,CAM-003,2024-06-22,162.64,Pledge Payment
GFT-000508,DNR-00999,FND-008,,2026-05-11,185.07,Matching Gift
GFT-000509,DNR-00587,FND-008,,2025-08-19,517.21,Pledge Payment
GFT-000510,DNR-00691,FND-007,CAM-004,2024-06-08,248.6,Cash
GFT-000511,DNR-00163,FND-003,CAM-003,2023-11-24,51.52,Cash
GFT-000512,DNR-00643,FND-006,CAM-002,2024-10-10,204.26,Cash
GFT-000513,DNR-00810,FND-005,CAM-005,2024-12-29,157.37,Pledge Payment
GFT-000514,DNR-DUP002,FND-008,CAM-004,2025-07-13,22.87,Cash
GFT-000515,DNR-00377,FND-001,,2024-06-07,216.12,Cash
GFT-000516,DNR-00516,FND-002,CAM-001,2024-10-23,58.53,Pledge Payment
GFT-000517,DNR-00814,FND-002,,2024-06-06,526.58,Pledge Payment
GFT-000518,DNR-00970,FND-001,,2023-11-08,290.01,Cash
GFT-000519,DNR-01074,FND-002,,2025-09-21,48.76,Cash
GFT-000520,DNR-00319,FND-002,CAM-004,2024-12-19,498.23,Pledge Payment
GFT-000521,DNR-00470,FND-004,CAM-002,2025-03-25,838.58,Stock
GFT-000522,DNR-00259,FND-003,CAM-006,2025-12-24,137.68,Stock
GFT-000523,DNR-00059,FND-001,CAM-003,2024-06-14,156.38,Cash
GFT-000524,DNR-00976,FND-008,CAM-006,2025-04-27,442.26,Pledge Payment
GFT-000525,DNR-01124,FND-008,,2025-01-08,761.11,Pledge Payment
GFT-000526,DNR-DUP010,FND-008,CAM-004,2024-06-27,29.12,Pledge Payment
GFT-000527,DNR-01094,FND-005,CAM-003,2026-06-07,54.59,Cash
GFT-000528,DNR-01106,FND-004,,2026-03-13,115.37,Cash
GFT-000529,DNR-00631,FND-006,CAM-004,2025-12-21,129.17,Cash
GFT-000530,DNR-00319,FND-005,,2024-12-14,427.36,Cash
GFT-000531,DNR-01072,FND-003,CAM-003,2023-07-01,766.12,Cash
GFT-000532,DNR-00961,FND-001,CAM-005,2025-02-07,841.56,Cash
GFT-000533,DNR-00614,FND-001,CAM-004,2026-03-04,28.45,Pledge Payment
GFT-000534,DNR-00474,FND-001,CAM-006,2025-02-19,74.7,Pledge Payment
GFT-000535,DNR-00387,FND-007,CAM-006,2025-08-04,46.63,Matching Gift
GFT-000536,DNR-00809,FND-004,,2025-12-12,94.47,Cash
GFT-000537,DNR-00775,FND-004,CAM-002,2025-09-06,74.4,Cash
GFT-000538,DNR-00865,FND-004,CAM-006,2023-12-10,289.01,Cash
GFT-000539,DNR-00584,FND-005,CAM-004,2025-01-07,330.6,Cash
GFT-000540,DNR-00141,FND-003,,2024-07-20,182.56,Cash
GFT-000541,DNR-00227,FND-008,CAM-005,2025-02-13,164.48,Cash
GFT-000542,DNR-01008,FND-004,CAM-003,2025-01-08,120.66,Cash
GFT-000543,DNR-00312,FND-001,CAM-006,2023-08-09,136.36,Cash
GFT-000544,DNR-00381,FND-002,CAM-002,2023-08-15,1052.07,Matching Gift
GFT-000545,DNR-00257,FND-008,,2025-01-02,390.2,Pledge Payment
GFT-000546,DNR-00185,FND-003,,2024-10-19,125.56,Stock
GFT-000547,DNR-00445,FND-006,CAM-004,2026-04-06,161.09,Cash
GFT-000548,DNR-01021,FND-006,CAM-005,2025-03-30,296.63,Cash
GFT-000549,DNR-00677,FND-002,,2023-09-03,48.75,Pledge Payment
GFT-000550,DNR-00546,FND-007,,2023-10-23,212.14,Cash
GFT-000551,DNR-00372,FND-004,CAM-002,2026-02-17,365.72,Cash
GFT-000552,DNR-00026,FND-002,CAM-001,2025-08-20,314.48,Cash
GFT-000553,DNR-00908,FND-004,,2025-08-27,76.21,Cash
GFT-000554,DNR-00944,FND-002,CAM-006,2024-08-11,91.57,Cash
GFT-000555,DNR-00969,FND-007,CAM-002,2024-08-30,20.55,Pledge Payment
GFT-000556,DNR-00325,FND-001,CAM-006,2025-04-22,412.69,Cash
GFT-000557,DNR-00251,FND-005,CAM-005,2026-06-01,1774.89,Cash
GFT-000558,DNR-00407,FND-006,,2025-03-03,65.94,Cash
GFT-000559,DNR-00232,FND-004,CAM-004,2024-09-19,608.54,Pledge Payment
GFT-000560,DNR-00031,FND-003,CAM-002,2025-04-25,1562.72,Cash
GFT-000561,DNR-00811,FND-004,,2024-03-02,108.65,Cash
GFT-000562,DNR-01191,FND-008,,2023-09-25,161.33,Cash
GFT-000563,DNR-00184,FND-004,,2025-07-30,239.63,Cash
GFT-000564,DNR-00188,FND-006,,2026-04-19,303.22,Stock
GFT-000565,DNR-00729,FND-003,CAM-006,2023-10-31,254.39,Cash
GFT-000566,DNR-00258,FND-008,CAM-001,2024-02-05,117.82,Pledge Payment
GFT-000567,DNR-01144,FND-006,CAM-005,2025-04-09,359.15,Matching Gift
GFT-000568,DNR-00044,FND-007,CAM-003,2024-07-30,120.71,Cash
GFT-000569,DNR-00514,FND-001,CAM-005,2024-04-01,274.46,Cash
GFT-000570,DNR-01145,FND-005,CAM-006,2025-12-13,175.53,Stock
GFT-000571,DNR-00389,FND-003,CAM-006,2026-03-30,25.78,Cash
GFT-000572,DNR-00663,FND-008,CAM-002,2025-06-12,726.41,Cash
GFT-000573,DNR-00142,FND-003,CAM-005,2024-05-24,94.14,Cash
GFT-000574,DNR-00540,FND-006,CAM-005,2025-02-25,822.12,Cash
GFT-000575,DNR-01037,FND-007,,2023-07-02,579.21,Matching Gift
GFT-000576,DNR-00746,FND-004,CAM-003,2023-08-08,231.73,Cash
GFT-000577,DNR-01104,FND-007,CAM-001,2023-11-07,321.58,Pledge Payment
GFT-000578,DNR-01019,FND-003,CAM-002,2026-06-08,368.61,Matching Gift
GFT-000579,DNR-00840,FND-006,,2025-04-21,145.9,Stock
GFT-000580,DNR-01072,FND-002,,2024-01-14,153.48,Cash
GFT-000581,DNR-00366,FND-001,CAM-001,2024-03-22,348.25,Pledge Payment
GFT-000582,DNR-00995,FND-004,,2024-02-05,7.14,Matching Gift
GFT-000583,DNR-01170,FND-007,CAM-005,2023-09-04,177.58,Pledge Payment
GFT-000584,DNR-DUP008,FND-005,,2026-06-11,118.23,Pledge Payment
GFT-000585,DNR-00453,FND-002,,2025-07-20,77.47,Cash
GFT-000586,DNR-01007,FND-002,CAM-005,2024-08-31,283.65,Cash
GFT-000587,DNR-00740,FND-999,CAM-003,2023-11-02,90.98,Cash
GFT-000588,DNR-00545,FND-001,,2023-10-28,468.08,Matching Gift
GFT-000589,DNR-00160,FND-004,CAM-006,2025-03-14,517.2,Cash
GFT-000590,DNR-00208,FND-004,CAM-006,2024-01-15,318.75,Cash
GFT-000591,DNR-00389,FND-004,CAM-006,2025-08-28,402.46,Pledge Payment
GFT-000592,DNR-01168,FND-003,CAM-006,2024-11-21,319.83,Cash
GFT-000593,DNR-00217,FND-006,CAM-005,2025-10-28,437.23,Pledge Payment
GFT-000594,DNR-00214,FND-003,,2025-11-21,415.6,Pledge Payment
GFT-000595,DNR-01034,FND-006,,2025-09-30,266.83,Cash
GFT-000596,DNR-00908,FND-006,CAM-003,2026-06-28,588.26,Cash
GFT-000597,DNR-00762,FND-007,CAM-004,2025-04-25,151.51,Cash
GFT-000598,DNR-00493,FND-004,CAM-004,2025-04-23,79.89,Cash
GFT-000599,DNR-00738,FND-008,CAM-005,2024-12-02,75.82,Stock
GFT-000600,DNR-00001,FND-001,CAM-002,2025-09-21,129.18,Matching Gift
GFT-000601,DNR-01061,FND-003,CAM-002,2023-08-03,22.58,Cash
GFT-000602,DNR-00616,FND-004,CAM-001,2023-07-14,229.21,Cash
GFT-000603,DNR-00045,FND-005,CAM-006,2025-04-05,374.34,Cash
GFT-000604,DNR-01140,FND-003,,2026-05-13,508.43,Cash
GFT-000605,DNR-00943,FND-006,,2023-09-16,30.93,Cash
GFT-000606,DNR-00543,FND-006,CAM-001,2024-04-09,78.34,Cash
GFT-000607,DNR-00525,FND-005,,2024-10-20,451.43,Cash
GFT-000608,DNR-01166,FND-004,,2025-09-26,146.47,Cash
GFT-000609,DNR-00989,FND-003,CAM-005,2025-04-25,364.66,Matching Gift
GFT-000610,DNR-00616,FND-001,CAM-004,2024-01-12,46.38,Pledge Payment
GFT-000611,DNR-00115,FND-006,CAM-003,2023-12-08,809.75,Cash
GFT-000612,DNR-00854,FND-002,CAM-001,2025-12-06,42.96,Stock
GFT-000613,DNR-00784,FND-001,CAM-002,2023-07-24,6.54,Pledge Payment
GFT-000614,DNR-00085,FND-006,CAM-006,2026-06-08,221.9,Pledge Payment
GFT-000615,DNR-00670,FND-004,,2024-05-02,228.29,Cash
GFT-000616,DNR-00805,FND-008,CAM-006,2023-10-12,105.55,Pledge Payment
GFT-000617,DNR-00455,FND-007,CAM-002,2024-01-01,306.13,Pledge Payment
GFT-000618,DNR-00304,FND-003,CAM-003,2025-09-15,316.09,Cash
GFT-000619,DNR-00975,FND-001,CAM-006,2023-12-17,279.12,Cash
GFT-000620,DNR-00538,FND-002,CAM-004,2025-09-25,103.56,Cash
GFT-000621,DNR-00890,FND-003,,2026-04-23,84.42,Pledge Payment
GFT-000622,DNR-01146,FND-004,CAM-005,2026-03-11,115.56,Cash
GFT-000623,DNR-01171,FND-004,CAM-006,2025-09-17,73.36,Cash
GFT-000624,DNR-00505,FND-004,,2026-06-08,622.12,Cash
GFT-000625,DNR-00881,FND-006,,2024-12-27,126.38,Stock
GFT-000626,DNR-00848,FND-007,CAM-003,2024-02-16,215.02,Cash
GFT-000627,DNR-00391,FND-006,CAM-003,2025-06-13,449.26,Cash
GFT-000628,DNR-00625,FND-003,CAM-003,2023-08-19,69.84,Cash
GFT-000629,DNR-00299,FND-008,,2025-12-22,41.25,Stock
GFT-000630,DNR-00409,FND-006,,2024-10-21,73.61,Cash
GFT-000631,DNR-00231,FND-001,CAM-001,2023-12-23,241.97,Cash
GFT-000632,DNR-00590,FND-001,CAM-003,2024-04-28,224.29,Matching Gift
GFT-000633,DNR-00625,FND-008,CAM-005,2024-02-13,278.53,Cash
GFT-000634,DNR-00680,FND-004,CAM-006,2023-08-16,161.82,Pledge Payment
GFT-000635,DNR-00418,FND-005,CAM-006,2024-09-06,12.4,Pledge Payment
GFT-000636,DNR-00290,FND-001,CAM-004,2026-03-16,156.38,Pledge Payment
GFT-000637,DNR-00090,FND-005,,2026-06-13,524.23,Matching Gift
GFT-000638,DNR-00582,FND-004,CAM-002,2023-11-01,706.09,Pledge Payment
GFT-000639,DNR-00953,FND-001,,2023-10-17,199.84,Cash
GFT-000640,DNR-00556,FND-006,,2025-09-03,225.21,Cash
GFT-000641,DNR-00600,FND-007,CAM-001,2023-08-09,356.86,Cash
GFT-000642,DNR-01042,FND-002,CAM-003,2025-08-18,681.48,Cash
GFT-000643,DNR-01089,FND-002,,2026-03-19,181.38,Cash
GFT-000644,DNR-01026,FND-008,CAM-006,2024-08-11,351.19,Cash
GFT-000645,DNR-00082,FND-004,CAM-006,2023-08-14,98.93,Cash
GFT-000646,DNR-00684,FND-008,CAM-004,2025-03-16,47.33,Cash
GFT-000647,DNR-00038,FND-006,CAM-003,2024-05-17,110.1,Stock
GFT-000648,DNR-00620,FND-004,CAM-006,2025-06-27,895.8,Stock
GFT-000649,DNR-00127,FND-005,CAM-004,2025-01-15,359.4,Cash
GFT-000650,DNR-01137,FND-005,CAM-001,2023-08-30,51.79,Stock
GFT-000651,DNR-00700,FND-007,,2024-05-06,379.0,Pledge Payment
GFT-000652,DNR-00783,FND-004,CAM-004,2023-12-27,55.75,Cash
GFT-000653,DNR-01174,FND-003,CAM-004,2024-11-04,274.25,Pledge Payment
GFT-000654,DNR-00675,FND-008,CAM-006,2025-03-31,67.2,Cash
GFT-000655,DNR-00424,FND-003,CAM-006,2024-03-26,48.99,Pledge Payment
GFT-000656,DNR-00283,FND-005,CAM-006,2024-08-18,1104.27,Cash
GFT-000657,DNR-00881,FND-003,,2024-04-02,126.28,Cash
GFT-000658,DNR-00139,FND-002,,2025-04-11,351.96,Cash
GFT-000659,DNR-00299,FND-001,CAM-003,2025-04-11,189.62,Cash
GFT-000660,DNR-00843,FND-005,CAM-005,2025-10-25,60.2,Stock
GFT-000661,DNR-00312,FND-004,,2025-01-11,140.97,Cash
GFT-000662,DNR-00379,FND-001,CAM-002,2024-03-26,60.72,Cash
GFT-000663,DNR-00476,FND-004,,2024-10-15,2575.7,Cash
GFT-000664,DNR-00163,FND-008,,2025-07-05,429.69,Cash
GFT-000665,DNR-00961,FND-006,,2026-04-24,185.81,Pledge Payment
GFT-000666,DNR-01007,FND-008,,2025-09-01,330.9,Cash
GFT-000667,DNR-00396,FND-004,,2024-05-31,398.19,Cash
GFT-000668,DNR-00031,FND-005,CAM-004,2025-10-14,399.42,Matching Gift
GFT-000669,DNR-00416,FND-004,,2024-09-28,379.99,Cash
GFT-000670,DNR-00900,FND-008,CAM-003,2024-06-27,347.58,Cash
GFT-000671,DNR-00506,FND-007,CAM-004,2026-01-23,202.76,Cash
GFT-000672,DNR-00780,FND-006,CAM-004,2023-09-24,996.17,Cash
GFT-000673,DNR-00079,FND-002,CAM-005,2026-06-10,217.29,Stock
GFT-000674,DNR-00087,FND-004,CAM-006,2026-01-21,191.71,Cash
GFT-000675,DNR-00081,FND-007,CAM-006,2025-09-18,219.35,Pledge Payment
GFT-000676,DNR-00389,FND-005,CAM-005,2023-10-09,237.07,Cash
GFT-000677,DNR-00624,FND-005,CAM-005,2025-09-23,31.16,Cash
GFT-000678,DNR-00866,FND-005,,2024-06-05,72.87,Cash
GFT-000679,DNR-00292,FND-008,CAM-005,2026-05-24,161.81,Pledge Payment
GFT-000680,DNR-01026,FND-002,,2024-01-02,29.74,Cash
GFT-000681,DNR-00806,FND-007,CAM-003,2024-04-03,185.49,Matching Gift
GFT-000682,DNR-00052,FND-003,CAM-005,2026-01-09,233.64,Cash
GFT-000683,DNR-00932,FND-002,CAM-002,2024-08-17,45.32,Cash
GFT-000684,DNR-00336,FND-002,,2025-04-24,92.02,Cash
GFT-000685,DNR-00921,FND-006,,2024-02-19,742.34,Pledge Payment
GFT-000686,DNR-00787,FND-003,CAM-004,2026-06-07,334.78,Cash
GFT-000687,DNR-00090,FND-003,CAM-003,2025-08-18,313.58,Cash
GFT-000688,DNR-00333,FND-003,,2024-05-03,635.34,Pledge Payment
GFT-000689,DNR-00860,FND-005,CAM-002,2023-10-14,74.3,Matching Gift
GFT-000690,DNR-00592,FND-003,,2025-12-30,45.45,Cash
GFT-000691,DNR-00416,FND-001,CAM-002,2024-03-26,537.04,Pledge Payment
GFT-000692,DNR-00940,FND-008,CAM-005,2023-07-26,166.74,Cash
GFT-000693,DNR-01011,FND-004,CAM-001,2023-07-12,72.34,Cash
GFT-000694,DNR-00930,FND-007,CAM-005,2026-03-01,1805.32,Matching Gift
GFT-000695,DNR-00014,FND-004,CAM-006,2023-12-10,30.93,Cash
GFT-000696,DNR-01142,FND-004,,2025-01-20,222.12,Pledge Payment
GFT-000697,DNR-00304,FND-001,CAM-003,2024-07-13,147.08,Stock
GFT-000698,DNR-00298,FND-001,CAM-002,2023-09-14,122.34,Cash
GFT-000699,DNR-00180,FND-001,,2025-05-09,15.91,Cash
GFT-000700,DNR-00366,FND-003,CAM-002,2025-10-31,979.24,Cash
GFT-000701,DNR-00933,FND-006,,2024-06-28,37.85,Cash
GFT-000702,DNR-00613,FND-006,CAM-003,2024-01-07,135.19,Stock
GFT-000703,DNR-00139,FND-007,CAM-006,2025-08-15,113.05,Matching Gift
GFT-000704,DNR-00600,FND-008,,2023-11-10,346.34,Cash
GFT-000705,DNR-00563,FND-006,CAM-006,2024-03-06,31.25,Cash
GFT-000706,DNR-01075,FND-004,CAM-001,2025-10-25,301.39,Pledge Payment
GFT-000707,DNR-00224,FND-002,CAM-005,2023-10-28,223.34,Matching Gift
GFT-000708,DNR-00875,FND-006,CAM-002,2025-02-08,87.52,Cash
GFT-000709,DNR-01178,FND-006,,2026-06-11,289.59,Pledge Payment
GFT-000710,DNR-01065,FND-008,CAM-005,2026-04-12,185.13,Cash
GFT-000711,DNR-00477,FND-005,CAM-001,2024-07-03,1319.2,Cash
GFT-000712,DNR-00243,FND-001,CAM-005,2023-07-04,146.94,Pledge Payment
GFT-000713,DNR-00425,FND-007,CAM-004,2024-02-27,63.3,Pledge Payment
GFT-000714,DNR-00684,FND-006,CAM-006,2023-10-02,304.8,Pledge Payment
GFT-000715,DNR-00024,FND-004,CAM-002,2024-09-07,128.46,Cash
GFT-000716,DNR-00139,FND-005,CAM-002,2024-12-03,181.13,Cash
GFT-000717,DNR-01127,FND-006,,2026-05-03,45.81,Cash
GFT-000718,DNR-00683,FND-006,CAM-004,2024-02-19,352.47,Stock
GFT-000719,DNR-00360,FND-004,CAM-003,2023-08-29,108.09,Cash
GFT-000720,DNR-00982,FND-008,,2025-05-23,242.86,Cash
GFT-000721,DNR-00987,FND-003,CAM-005,2024-04-04,1825.65,Cash
GFT-000722,DNR-00948,FND-007,,2025-05-17,138.14,Cash
GFT-000723,DNR-00614,FND-006,CAM-006,2026-06-02,411.01,Matching Gift
GFT-000724,DNR-00427,FND-006,CAM-003,2023-08-08,148.51,Cash
GFT-000725,DNR-00306,FND-005,,2023-11-13,88.74,Cash
GFT-000726,DNR-00769,FND-003,CAM-004,2025-05-25,775.44,Pledge Payment
GFT-000727,DNR-00240,FND-005,CAM-003,2024-07-18,23.26,Pledge Payment
GFT-000728,DNR-00557,FND-007,,2023-09-03,549.09,Cash
GFT-000729,DNR-00487,FND-006,CAM-005,2026-04-13,20.76,Pledge Payment
GFT-000730,DNR-00443,FND-005,,2025-03-11,483.89,Cash
GFT-000731,DNR-00767,FND-001,CAM-001,2024-02-15,184.14,Cash
GFT-000732,DNR-00909,FND-001,CAM-005,2024-01-06,63.48,Cash
GFT-000733,DNR-00316,FND-004,CAM-003,2026-04-20,115.85,Matching Gift
GFT-000734,DNR-01073,FND-005,CAM-003,2026-03-17,385.66,Pledge Payment
GFT-000735,DNR-00202,FND-003,CAM-001,2024-04-19,1594.13,Cash
GFT-000736,DNR-00941,FND-007,CAM-006,2023-09-13,32.44,Pledge Payment
GFT-000737,DNR-00009,FND-005,,2024-02-23,67.45,Stock
GFT-000738,DNR-00683,FND-008,,2023-12-26,41.96,Matching Gift
GFT-000739,DNR-01067,FND-005,,2024-01-28,147.23,Pledge Payment
GFT-000740,DNR-00430,FND-006,CAM-001,2025-03-31,499.6,Cash
GFT-000741,DNR-00587,FND-005,CAM-006,2024-07-29,36.73,Pledge Payment
GFT-000742,DNR-00904,FND-002,CAM-002,2025-04-14,178.88,Cash
GFT-000743,DNR-00323,FND-005,,2024-05-01,480.86,Cash
GFT-000744,DNR-01147,FND-002,CAM-001,2023-08-01,114.11,Cash
GFT-000745,DNR-01126,FND-006,CAM-002,2025-06-17,10.33,Stock
GFT-000746,DNR-00581,FND-004,,2024-04-15,225.62,Stock
GFT-000747,DNR-00638,FND-006,CAM-006,2023-11-23,705.82,Pledge Payment
GFT-000748,DNR-00104,FND-003,,2025-12-25,55.8,Pledge Payment
GFT-000749,DNR-00104,FND-002,CAM-004,2026-02-19,25.62,Cash
GFT-000750,DNR-00177,FND-007,CAM-004,2023-10-19,257.65,Cash
GFT-000751,DNR-DUP013,FND-008,CAM-003,2024-07-01,265.72,Cash
GFT-000752,DNR-00681,FND-004,CAM-006,2025-03-31,106.06,Cash
GFT-000753,DNR-00954,FND-003,,2023-12-08,86.2,Matching Gift
GFT-000754,DNR-00200,FND-008,CAM-002,2026-02-14,188.21,Cash
GFT-000755,DNR-00964,FND-004,CAM-001,2026-02-08,54.82,Cash
GFT-000756,DNR-00529,FND-006,CAM-004,2024-04-20,54.9,Cash
GFT-000757,DNR-00677,FND-006,CAM-005,2024-07-10,382.72,Pledge Payment
GFT-000758,DNR-00062,FND-002,CAM-005,2026-03-25,51.23,Stock
GFT-000759,DNR-00720,FND-008,CAM-005,2024-02-17,27.16,Cash
GFT-000760,DNR-00579,FND-006,,2024-06-14,86.03,Pledge Payment
GFT-000761,DNR-00211,FND-007,,2026-05-06,108.76,Cash
GFT-000762,DNR-01139,FND-002,CAM-002,2025-04-28,301.35,Matching Gift
GFT-000763,DNR-00945,FND-007,CAM-004,2026-06-26,93.95,Pledge Payment
GFT-000764,DNR-00500,FND-003,CAM-005,2024-10-31,866.63,Pledge Payment
GFT-000765,DNR-00136,FND-006,CAM-001,2025-08-25,199.11,Pledge Payment
GFT-000766,DNR-00892,FND-006,CAM-006,2025-11-29,74.51,Cash
GFT-000767,DNR-00355,FND-002,CAM-005,2024-10-26,287.22,Matching Gift
GFT-000768,DNR-DUP012,FND-008,CAM-003,2024-02-20,847.05,Cash
GFT-000769,DNR-00912,FND-003,CAM-002,2024-01-16,370.74,Cash
GFT-000770,DNR-00143,FND-002,CAM-004,2025-10-09,34.7,Pledge Payment
GFT-000771,DNR-01013,FND-001,,2025-05-01,118.82,Cash
GFT-000772,DNR-00285,FND-001,,2024-09-18,238.7,Cash
GFT-000773,DNR-00928,FND-005,CAM-004,2024-05-01,353.33,Stock
GFT-000774,DNR-00401,FND-004,CAM-003,2026-01-01,148.19,Pledge Payment
GFT-000775,DNR-01168,FND-005,CAM-004,2025-03-05,127.39,Matching Gift
GFT-000776,DNR-00183,FND-001,CAM-006,2025-06-05,1306.01,Pledge Payment
GFT-000777,DNR-00262,FND-005,,2025-10-05,377.1,Cash
GFT-000778,DNR-01125,FND-001,,2025-07-26,288.23,Stock
GFT-000779,DNR-00225,FND-005,,2025-07-05,98.09,Cash
GFT-000780,DNR-00885,FND-007,CAM-003,2024-10-24,54.05,Matching Gift
GFT-000781,DNR-00832,FND-007,CAM-004,2025-08-22,293.96,Pledge Payment
GFT-000782,DNR-00356,FND-008,,2024-09-05,427.02,Pledge Payment
GFT-000783,DNR-01138,FND-007,CAM-003,2024-07-20,180.16,Cash
GFT-000784,DNR-00316,FND-005,,2025-11-01,378.27,Cash
GFT-000785,DNR-00024,FND-002,,2024-04-01,389.59,Cash
GFT-000786,DNR-00997,FND-007,,2024-04-20,461.28,Cash
GFT-000787,DNR-00282,FND-007,CAM-005,2023-12-21,34.14,Pledge Payment
GFT-000788,DNR-00369,FND-008,CAM-006,2025-11-18,122.4,Stock
GFT-000789,DNR-01131,FND-008,CAM-004,2025-11-15,314.42,Cash
GFT-000790,DNR-00463,FND-003,CAM-004,2025-06-27,191.47,Cash
GFT-000791,DNR-01184,FND-008,CAM-001,2023-07-16,391.0,Cash
GFT-000792,DNR-00552,FND-007,CAM-006,2026-04-23,288.03,Stock
GFT-000793,DNR-00069,FND-001,CAM-005,2025-07-21,16.97,Cash
GFT-000794,DNR-00232,FND-008,,2025-07-24,605.99,Stock
GFT-000795,DNR-01079,FND-005,CAM-005,2024-04-16,107.05,Cash
GFT-000796,DNR-00161,FND-002,CAM-001,2026-05-24,70.17,Stock
GFT-000797,DNR-00160,FND-005,,2026-02-22,581.69,Cash
GFT-000798,DNR-01096,FND-001,CAM-005,2025-06-03,357.35,Pledge Payment
GFT-000799,DNR-01050,FND-008,CAM-003,2026-01-15,687.55,Matching Gift
GFT-000800,DNR-00723,FND-005,CAM-002,2025-11-09,241.62,Cash
GFT-000801,DNR-00073,FND-005,CAM-002,2024-06-08,120.76,Cash
GFT-000802,DNR-00970,FND-003,,2023-11-03,212.24,Cash
GFT-000803,DNR-00056,FND-005,CAM-005,2025-02-17,58.42,Pledge Payment
GFT-000804,DNR-00260,FND-002,CAM-002,2023-12-16,40.94,Cash
GFT-000805,DNR-00272,FND-005,CAM-002,2024-11-28,90.72,Cash
GFT-000806,DNR-00030,FND-002,,2024-12-08,979.56,Pledge Payment
GFT-000807,DNR-00915,FND-006,,2024-05-05,100.55,Pledge Payment
GFT-000808,DNR-00484,FND-008,,2024-12-17,27.71,Cash
GFT-000809,DNR-00068,FND-006,,2026-06-15,152.71,Matching Gift
GFT-000810,DNR-00316,FND-008,CAM-004,2024-04-23,99.17,Pledge Payment
GFT-000811,DNR-00488,FND-008,,2025-08-23,619.64,Cash
GFT-000812,DNR-01184,FND-006,,2024-09-04,891.9,Cash
GFT-000813,DNR-00238,FND-001,,2024-12-23,115.03,Cash
GFT-000814,DNR-00817,FND-008,CAM-002,2026-02-05,241.36,Cash
GFT-000815,DNR-01091,FND-004,CAM-004,2026-03-02,264.59,Cash
GFT-000816,DNR-00972,FND-005,,2025-09-06,171.83,Cash
GFT-000817,DNR-00891,FND-001,CAM-002,2026-06-21,140.69,Pledge Payment
GFT-000818,DNR-00783,FND-006,CAM-006,2026-01-05,65.58,Pledge Payment
GFT-000819,DNR-00200,FND-006,CAM-004,2023-09-23,23.79,Cash
GFT-000820,DNR-00687,FND-005,CAM-002,2025-01-09,65.21,Cash
GFT-000821,DNR-00523,FND-007,CAM-005,2024-01-18,165.38,Cash
GFT-000822,DNR-DUP005,FND-004,CAM-006,2024-11-07,36.8,Cash
GFT-000823,DNR-00369,FND-006,CAM-006,2025-05-22,227.69,Pledge Payment
GFT-000824,DNR-00018,FND-002,,2023-07-22,195.64,Cash
GFT-000825,DNR-00201,FND-002,CAM-005,2025-10-20,99.35,Pledge Payment
GFT-000826,DNR-00450,FND-005,CAM-002,2025-06-19,134.45,Pledge Payment
GFT-000827,DNR-00070,FND-001,,2024-07-30,43.4,Cash
GFT-000828,DNR-00445,FND-002,,2023-10-25,451.56,Matching Gift
GFT-000829,DNR-00267,FND-007,,2023-12-24,442.54,Pledge Payment
GFT-000830,DNR-00378,FND-005,CAM-002,2024-02-13,51.26,Pledge Payment
GFT-000831,DNR-00156,FND-008,CAM-002,2026-02-11,52.73,Pledge Payment
GFT-000832,DNR-00663,FND-005,,2025-11-21,66.07,Stock
GFT-000833,DNR-00568,FND-001,CAM-004,2023-11-29,332.49,Cash
GFT-000834,DNR-00682,FND-001,CAM-002,2025-09-03,263.66,Pledge Payment
GFT-000835,DNR-00365,FND-008,,2024-12-24,573.67,Cash
GFT-000836,DNR-00411,FND-007,,2026-04-03,656.25,Cash
GFT-000837,DNR-00223,FND-003,CAM-006,2026-04-03,33.64,Cash
GFT-000838,DNR-00448,FND-002,CAM-005,2025-11-30,319.16,Matching Gift
GFT-000839,DNR-00212,FND-001,,2024-12-12,624.4,Cash
GFT-000840,DNR-01171,FND-005,CAM-005,2023-11-22,125.53,Pledge Payment
GFT-000841,DNR-01020,FND-003,,2023-08-08,176.64,Cash
GFT-000842,DNR-00800,FND-005,,2023-09-16,149.64,Pledge Payment
GFT-000843,DNR-00802,FND-001,CAM-006,2025-05-06,156.86,Cash
GFT-000844,DNR-00980,FND-007,CAM-004,2026-03-31,449.73,Cash
GFT-000845,DNR-01107,FND-004,,2023-11-21,1242.08,Pledge Payment
GFT-000846,DNR-00988,FND-002,CAM-006,2025-08-26,828.49,Cash
GFT-000847,DNR-00683,FND-005,CAM-004,2025-07-05,104.24,Cash
GFT-000848,DNR-00186,FND-006,CAM-006,2023-10-22,242.22,Stock
GFT-000849,DNR-00165,FND-008,CAM-002,2025-05-27,76.54,Cash
GFT-000850,DNR-00362,FND-001,CAM-004,2024-08-19,84.81,Cash
GFT-000851,DNR-00613,FND-007,,2024-07-26,168.36,Pledge Payment
GFT-000852,DNR-00997,FND-002,CAM-005,2025-07-05,82.49,Pledge Payment
GFT-000853,DNR-00287,FND-001,CAM-001,2024-07-23,95.77,Matching Gift
GFT-000854,DNR-DUP014,FND-004,CAM-005,2023-08-21,235.89,Stock
GFT-000855,DNR-00130,FND-005,CAM-005,2025-09-04,314.08,Matching Gift
GFT-000856,DNR-00921,FND-001,,2026-06-28,304.66,Cash
GFT-000857,DNR-00115,FND-006,,2025-05-25,308.12,Pledge Payment
GFT-000858,DNR-00243,FND-004,CAM-006,2025-10-08,46.46,Pledge Payment
GFT-000859,DNR-01099,FND-003,CAM-001,2026-01-24,78.29,Cash
GFT-000860,DNR-00076,FND-003,CAM-005,2023-11-25,189.0,Matching Gift
GFT-000861,DNR-00966,FND-001,CAM-001,2023-08-09,590.09,Cash
GFT-000862,DNR-00030,FND-003,,2024-03-24,2441.24,Cash
GFT-000863,DNR-00200,FND-008,,2025-03-21,253.21,Pledge Payment
GFT-000864,DNR-00218,FND-002,CAM-005,2023-11-08,400.9,Cash
GFT-000865,DNR-00130,FND-004,CAM-004,2024-09-24,41.58,Pledge Payment
GFT-000866,DNR-00824,FND-006,,2025-05-21,388.47,Cash
GFT-000867,DNR-00659,FND-004,,2024-04-07,1622.57,Matching Gift
GFT-000868,DNR-00688,FND-002,,2024-06-20,78.0,Cash
GFT-000869,DNR-00290,FND-007,,2025-01-11,99.04,Cash
GFT-000870,DNR-01134,FND-003,CAM-005,2025-07-27,466.63,Cash
GFT-000871,DNR-01192,FND-001,,2024-11-10,186.41,Cash
GFT-000872,DNR-00771,FND-003,,2024-01-21,21.94,Cash
GFT-000873,DNR-00166,FND-001,,2026-03-24,105.38,Pledge Payment
GFT-000874,DNR-00183,FND-005,CAM-004,2024-07-02,887.13,Cash
GFT-000875,DNR-00260,FND-004,,2026-03-01,133.37,Cash
GFT-000876,DNR-01072,FND-008,CAM-004,2025-01-05,133.25,Cash
GFT-000877,DNR-00358,FND-001,,2024-11-01,432.43,Stock
GFT-000878,DNR-00181,FND-005,CAM-003,2026-04-19,263.5,Pledge Payment
GFT-000879,DNR-00010,FND-004,CAM-001,2025-11-04,125.91,Cash
GFT-000880,DNR-01086,FND-002,CAM-003,2024-02-26,92.44,Cash
GFT-000881,DNR-00450,FND-008,CAM-001,2026-05-05,4647.12,Cash
GFT-000882,DNR-00109,FND-004,,2025-01-17,712.76,Cash
GFT-000883,DNR-00972,FND-008,,2024-05-01,307.99,Cash
GFT-000884,DNR-00089,FND-001,CAM-003,2024-05-23,330.96,Matching Gift
GFT-000885,DNR-00430,FND-007,CAM-002,2025-02-03,157.91,Cash
GFT-000886,DNR-00929,FND-001,,2025-05-15,260.0,Cash
GFT-000887,DNR-01101,FND-003,,2023-10-16,140.78,Pledge Payment
GFT-000888,DNR-00994,FND-002,,2023-08-29,71.05,Cash
GFT-000889,DNR-00911,FND-006,CAM-004,2024-10-24,271.57,Pledge Payment
GFT-000890,DNR-00668,FND-004,,2024-08-11,128.4,Stock
GFT-000891,DNR-00467,FND-002,CAM-001,2025-04-28,287.75,Cash
GFT-000892,DNR-00410,FND-007,CAM-001,2025-10-22,353.38,Pledge Payment
GFT-000893,DNR-00965,FND-008,,2023-11-28,305.21,Cash
GFT-000894,DNR-00297,FND-004,CAM-005,2025-12-09,65.43,Pledge Payment
GFT-000895,DNR-00794,FND-006,,2024-06-29,114.54,Cash
GFT-000896,DNR-00398,FND-006,CAM-002,2026-01-23,131.03,Cash
GFT-000897,DNR-00688,FND-003,,2024-08-18,530.28,Cash
GFT-000898,DNR-00575,FND-003,,2023-10-31,497.85,Cash
GFT-000899,DNR-00940,FND-007,,2026-02-08,83.05,Cash
GFT-000900,DNR-00451,FND-005,,2025-06-03,45.41,Cash
GFT-000901,DNR-01184,FND-004,,2024-06-13,2615.96,Cash
GFT-000902,DNR-01069,FND-008,CAM-001,2025-10-21,291.85,Cash
GFT-000903,DNR-00948,FND-005,,2026-02-24,39.83,Cash
GFT-000904,DNR-00506,FND-004,CAM-003,2025-11-23,97.39,Matching Gift
GFT-000905,DNR-01187,FND-004,,2025-12-06,557.53,Cash
GFT-000906,DNR-00856,FND-001,,2023-07-11,1803.14,Cash
GFT-000907,DNR-01033,FND-001,CAM-004,2026-02-18,1419.5,Pledge Payment
GFT-000908,DNR-00808,FND-008,,2026-06-22,278.27,Cash
GFT-000909,DNR-01015,FND-004,,2026-01-12,9.98,Stock
GFT-000910,DNR-00833,FND-004,,2023-07-26,181.95,Pledge Payment
GFT-000911,DNR-00606,FND-004,,2025-07-04,59.42,Pledge Payment
GFT-000912,DNR-00983,FND-005,,2023-08-02,199.19,Cash
GFT-000913,DNR-01169,FND-001,CAM-005,2026-01-26,67.7,Pledge Payment
GFT-000914,DNR-00284,FND-007,,2026-02-04,115.71,Cash
GFT-000915,DNR-00951,FND-001,,2025-07-28,466.05,Cash
GFT-000916,DNR-00682,FND-001,CAM-002,2025-08-27,140.04,Cash
GFT-000917,DNR-00553,FND-004,,2025-11-19,130.37,Pledge Payment
GFT-000918,DNR-00113,FND-006,,2025-05-18,171.53,Cash
GFT-000919,DNR-00785,FND-006,CAM-005,2024-02-13,3238.52,Pledge Payment
GFT-000920,DNR-00749,FND-006,,2023-09-22,53.35,Pledge Payment
GFT-000921,DNR-01149,FND-004,,2023-11-15,246.83,Stock
GFT-000922,DNR-00489,FND-002,CAM-005,2025-05-16,1254.49,Stock
GFT-000923,DNR-00462,FND-006,CAM-003,2024-09-02,170.98,Cash
GFT-000924,DNR-01032,FND-007,CAM-002,2024-12-29,696.4,Pledge Payment
GFT-000925,DNR-00130,FND-006,CAM-003,2023-10-20,42.47,Stock
GFT-000926,DNR-00996,FND-002,CAM-005,2026-01-12,145.0,Stock
GFT-000927,DNR-01092,FND-005,CAM-005,2026-06-24,75.19,Cash
GFT-000928,DNR-00135,FND-004,CAM-005,2025-07-23,169.04,Stock
GFT-000929,DNR-00165,FND-007,,2023-12-26,172.93,Cash
GFT-000930,DNR-00158,FND-002,,2025-02-10,193.22,Stock
GFT-000931,DNR-00230,FND-003,CAM-005,2025-01-16,460.94,Matching Gift
GFT-000932,DNR-00419,FND-001,CAM-002,2024-05-04,15.31,Cash
GFT-000933,DNR-01109,FND-003,CAM-005,2025-10-31,93.0,Cash
GFT-000934,DNR-00861,FND-008,,2025-06-10,228.7,Stock
GFT-000935,DNR-00388,FND-002,,2025-02-17,23.01,Cash
GFT-000936,DNR-01065,FND-006,CAM-004,2024-10-18,358.41,Cash
GFT-000937,DNR-00669,FND-008,CAM-006,2025-06-02,91.22,Cash
GFT-000938,DNR-00938,FND-005,,2025-12-28,147.97,Cash
GFT-000939,DNR-00352,FND-005,CAM-001,2025-03-19,486.27,Pledge Payment
GFT-000940,DNR-00762,FND-005,,2026-03-18,736.83,Cash
GFT-000941,DNR-00724,FND-005,CAM-005,2024-04-29,371.18,Cash
GFT-000942,DNR-00330,FND-005,,2024-06-05,51.86,Cash
GFT-000943,DNR-00315,FND-003,CAM-001,2024-06-24,350.26,Cash
GFT-000944,DNR-00085,FND-006,,2024-02-25,378.11,Cash
GFT-000945,DNR-00534,FND-006,,2025-12-19,299.77,Pledge Payment
GFT-000946,DNR-01152,FND-001,CAM-003,2024-08-24,899.11,Pledge Payment
GFT-000947,DNR-00303,FND-006,CAM-005,2025-06-04,198.78,Cash
GFT-000948,DNR-01093,FND-005,,2024-05-28,855.35,Pledge Payment
GFT-000949,DNR-00829,FND-008,,2023-08-21,848.7,Cash
GFT-000950,DNR-00656,FND-003,,2026-01-24,390.6,Cash
GFT-000951,DNR-00679,FND-005,CAM-005,2026-05-05,251.2,Matching Gift
GFT-000952,DNR-01175,FND-003,CAM-005,2025-02-13,301.72,Pledge Payment
GFT-000953,DNR-00231,FND-008,,2025-05-24,1176.09,Stock
GFT-000954,DNR-01129,FND-002,CAM-002,2024-04-11,589.16,Pledge Payment
GFT-000955,DNR-00823,FND-004,CAM-005,2023-08-20,58.22,Cash
GFT-000956,DNR-00190,FND-006,,2025-07-01,280.82,Pledge Payment
GFT-000957,DNR-01195,FND-004,CAM-002,2024-08-03,71.35,Cash
GFT-000958,DNR-00047,FND-002,CAM-006,2024-08-04,88.47,Cash
GFT-000959,DNR-00179,FND-007,CAM-001,2025-12-29,120.6,Matching Gift
GFT-000960,DNR-00651,FND-001,CAM-003,2026-03-31,38.62,Cash
GFT-000961,DNR-00303,FND-007,CAM-003,2025-09-22,66.78,Stock
GFT-000962,DNR-00764,FND-001,CAM-002,2025-08-29,964.12,Pledge Payment
GFT-000963,DNR-00720,FND-005,CAM-005,2025-06-06,87.92,Pledge Payment
GFT-000964,DNR-00442,FND-008,CAM-004,2023-12-27,464.04,Cash
GFT-000965,DNR-00592,FND-003,CAM-004,2025-12-23,218.99,Cash
GFT-000966,DNR-00286,FND-002,,2025-10-26,333.14,Cash
GFT-000967,DNR-00622,FND-008,CAM-006,2024-08-29,349.66,Cash
GFT-000968,DNR-00136,FND-007,,2025-05-17,63.87,Pledge Payment
GFT-000969,DNR-00839,FND-005,CAM-004,2023-07-14,460.81,Stock
GFT-000970,DNR-01139,FND-008,,2024-06-23,46.72,Pledge Payment
GFT-000971,DNR-00381,FND-007,CAM-002,2024-08-12,84.23,Cash
GFT-000972,DNR-00087,FND-005,CAM-002,2026-03-31,343.86,Pledge Payment
GFT-000973,DNR-01146,FND-008,CAM-001,2026-04-07,59.78,Cash
GFT-000974,DNR-00006,FND-003,CAM-002,2023-08-24,20.93,Cash
GFT-000975,DNR-00968,FND-002,CAM-002,2025-03-06,266.3,Cash
GFT-000976,DNR-00368,FND-008,CAM-001,2025-11-01,32.42,Pledge Payment
GFT-000977,DNR-00245,FND-005,CAM-005,2023-08-28,382.63,Stock
GFT-000978,DNR-00741,FND-008,CAM-004,2023-11-14,130.03,Cash
GFT-000979,DNR-00975,FND-002,CAM-003,2024-12-10,262.06,Cash
GFT-000980,DNR-01179,FND-001,CAM-002,2026-05-15,256.66,Pledge Payment
GFT-000981,DNR-01192,FND-001,,2024-05-29,416.74,Stock
GFT-000982,DNR-00945,FND-003,CAM-003,2025-04-15,355.57,Matching Gift
GFT-000983,DNR-00109,FND-005,CAM-003,2024-05-30,59.24,Cash
GFT-000984,DNR-00730,FND-001,CAM-002,2025-11-06,138.59,Cash
GFT-000985,DNR-01085,FND-002,CAM-006,2025-02-17,261.71,Cash
GFT-000986,DNR-00376,FND-002,,2024-07-31,875.24,Pledge Payment
GFT-000987,DNR-00648,FND-005,CAM-002,2025-04-21,359.34,Pledge Payment
GFT-000988,DNR-00197,FND-006,,2025-07-12,781.98,Cash
GFT-000989,DNR-00281,FND-005,CAM-003,2023-07-27,277.41,Pledge Payment
GFT-000990,DNR-00844,FND-006,,2026-03-20,601.89,Pledge Payment
GFT-000991,DNR-00447,FND-003,CAM-006,2024-01-26,238.47,Pledge Payment
GFT-000992,DNR-00386,FND-002,CAM-004,2024-09-25,572.26,Matching Gift
GFT-000993,DNR-00157,FND-002,,2026-01-29,123.16,Pledge Payment
GFT-000994,DNR-00983,FND-006,CAM-002,2023-08-05,1012.07,Cash
GFT-000995,DNR-00285,FND-008,CAM-006,2025-07-12,314.14,Matching Gift
GFT-000996,DNR-00353,FND-005,,2025-05-31,38.89,Matching Gift
GFT-000997,DNR-00456,FND-003,,2024-02-28,271.62,Cash
GFT-000998,DNR-00630,FND-003,CAM-001,2024-10-07,17.99,Matching Gift
GFT-000999,DNR-00161,FND-007,,2024-03-23,360.7,Pledge Payment
GFT-001000,DNR-00039,FND-008,CAM-004,2023-12-07,479.98,Cash
GFT-001001,DNR-00403,FND-002,,2023-09-26,1555.53,Pledge Payment
GFT-001002,DNR-DUP014,FND-001,CAM-005,2026-05-17,103.93,Cash
GFT-001003,DNR-00519,FND-001,,2024-02-29,1570.02,Pledge Payment
GFT-001004,DNR-00022,FND-002,,2025-03-09,182.01,Pledge Payment
GFT-001005,DNR-DUP003,FND-004,,2024-08-24,80.1,Pledge Payment
GFT-001006,DNR-00060,FND-002,,2025-06-19,106.29,Pledge Payment
GFT-001007,DNR-01188,FND-006,CAM-003,2025-01-19,336.69,Cash
GFT-001008,DNR-01026,FND-004,CAM-006,2024-05-24,68.87,Pledge Payment
GFT-001009,DNR-00203,FND-001,CAM-006,2023-11-17,125.38,Cash
GFT-001010,DNR-00393,FND-005,,2024-09-17,264.16,Pledge Payment
GFT-001011,DNR-00203,FND-004,CAM-006,2023-07-09,1001.82,Stock
GFT-001012,DNR-00751,FND-003,CAM-005,2026-02-27,463.76,Stock
GFT-001013,DNR-00371,FND-006,CAM-004,2024-02-05,190.16,Cash
GFT-001014,DNR-00439,FND-004,CAM-004,2025-11-15,334.94,Cash
GFT-001015,DNR-00644,FND-002,CAM-005,2024-02-17,236.38,Cash
GFT-001016,DNR-01065,FND-003,CAM-005,2024-02-11,51.11,Matching Gift
GFT-001017,DNR-00591,FND-001,,2025-07-09,1250.16,Cash
GFT-001018,DNR-01012,FND-002,CAM-004,2025-05-02,1022.82,Cash
GFT-001019,DNR-00936,FND-005,CAM-005,2025-01-31,167.11,Cash
GFT-001020,DNR-01135,FND-007,CAM-002,2024-10-05,110.3,Pledge Payment
GFT-001021,DNR-00387,FND-002,CAM-005,2025-11-23,52.26,Stock
GFT-001022,DNR-00368,FND-001,CAM-005,2025-07-22,359.6,Stock
GFT-001023,DNR-00812,FND-008,CAM-006,2024-02-01,362.3,Cash
GFT-001024,DNR-00245,FND-003,CAM-004,2023-12-22,74.83,Stock
GFT-001025,DNR-DUP009,FND-002,,2025-09-28,239.48,Matching Gift
GFT-001026,DNR-00745,FND-004,CAM-003,2023-11-10,446.92,Cash
GFT-001027,DNR-00828,FND-002,CAM-001,2024-08-14,102.71,Matching Gift
GFT-001028,DNR-01023,FND-005,CAM-002,2025-11-16,146.04,Stock
GFT-001029,DNR-00730,FND-008,CAM-004,2025-09-27,144.54,Cash
GFT-001030,DNR-01048,FND-005,,2026-03-19,79.74,Cash
GFT-001031,DNR-00222,FND-002,CAM-002,2026-01-17,149.24,Cash
GFT-001032,DNR-01019,FND-004,,2026-03-29,33.0,Cash
GFT-001033,DNR-00204,FND-001,,2023-08-30,136.76,Matching Gift
GFT-001034,DNR-00055,FND-003,CAM-004,2026-04-16,138.98,Pledge Payment
GFT-001035,DNR-00313,FND-005,,2025-04-30,169.37,Cash
GFT-001036,DNR-01065,FND-008,CAM-005,2023-12-04,307.17,Pledge Payment
GFT-001037,DNR-00602,FND-008,CAM-005,2024-08-17,48.25,Cash
GFT-001038,DNR-00536,FND-006,CAM-006,2026-04-29,57.61,Cash
GFT-001039,DNR-00065,FND-007,,2023-08-06,77.71,Pledge Payment
GFT-001040,DNR-00922,FND-006,CAM-004,2025-08-24,43.57,Cash
GFT-001041,DNR-00942,FND-001,,2025-12-23,348.81,Cash
GFT-001042,DNR-01141,FND-005,,2024-06-27,98.18,Cash
GFT-001043,DNR-00883,FND-003,CAM-002,2026-04-02,175.11,Cash
GFT-001044,DNR-00999,FND-002,CAM-005,2025-09-04,71.29,Pledge Payment
GFT-001045,DNR-00975,FND-003,CAM-006,2026-02-17,122.05,Pledge Payment
GFT-001046,DNR-00802,FND-005,CAM-005,2023-10-23,252.45,Cash
GFT-001047,DNR-00723,FND-005,CAM-003,2025-08-12,266.34,Cash
GFT-001048,DNR-00058,FND-001,,2023-11-03,60.07,Cash
GFT-001049,DNR-00715,FND-001,CAM-003,2025-07-20,165.89,Cash
GFT-001050,DNR-00200,FND-007,CAM-003,2025-08-18,72.5,Stock
GFT-001051,DNR-00844,FND-006,,2025-07-01,159.42,Cash
GFT-001052,DNR-00508,FND-004,CAM-002,2024-11-12,90.1,Pledge Payment
GFT-001053,DNR-00135,FND-005,,2023-12-21,1360.78,Pledge Payment
GFT-001054,DNR-00348,FND-001,CAM-006,2025-05-22,443.89,Stock
GFT-001055,DNR-00077,FND-008,CAM-004,2025-04-28,279.55,Stock
GFT-001056,DNR-00863,FND-005,,2026-05-20,21.75,Matching Gift
GFT-001057,DNR-DUP004,FND-001,CAM-003,2026-02-16,133.38,Cash
GFT-001058,DNR-01169,FND-007,CAM-003,2025-08-12,459.29,Cash
GFT-001059,DNR-01001,FND-002,CAM-001,2024-01-17,171.12,Cash
GFT-001060,DNR-01018,FND-006,,2025-05-19,1181.47,Stock
GFT-001061,DNR-00745,FND-007,CAM-001,2025-03-05,516.25,Cash
GFT-001062,DNR-00155,FND-004,CAM-002,2026-04-13,121.13,Cash
GFT-001063,DNR-00098,FND-005,CAM-004,2024-12-25,1011.49,Cash
GFT-001064,DNR-00189,FND-002,CAM-003,2024-10-05,134.1,Cash
GFT-001065,DNR-00138,FND-008,CAM-004,2025-01-10,1472.25,Cash
GFT-001066,DNR-00712,FND-002,CAM-002,2024-09-02,1084.15,Pledge Payment
GFT-001067,DNR-00615,FND-007,CAM-006,2026-04-29,250.93,Cash
GFT-001068,DNR-00410,FND-007,CAM-004,2025-04-02,34.18,Pledge Payment
GFT-001069,DNR-01056,FND-008,CAM-006,2024-11-26,230.09,Cash
GFT-001070,DNR-00039,FND-003,CAM-005,2024-07-04,54.22,Cash
GFT-001071,DNR-00958,FND-005,CAM-006,2024-09-09,92.88,Stock
GFT-001072,DNR-01160,FND-001,CAM-006,2025-12-05,100.18,Cash
GFT-001073,DNR-00747,FND-008,,2024-08-14,53.77,Cash
GFT-001074,DNR-00309,FND-005,CAM-004,2024-11-04,231.04,Pledge Payment
GFT-001075,DNR-00653,FND-002,CAM-001,2025-10-18,82.29,Pledge Payment
GFT-001076,DNR-00547,FND-005,,2025-10-22,140.67,Stock
GFT-001077,DNR-00484,FND-007,CAM-001,2024-12-07,101.05,Pledge Payment
GFT-001078,DNR-00308,FND-004,,2024-02-18,308.67,Cash
GFT-001079,DNR-00636,FND-008,CAM-005,2024-11-14,284.14,Cash
GFT-001080,DNR-00865,FND-001,CAM-001,2025-12-10,129.21,Cash
GFT-001081,DNR-00559,FND-003,,2024-05-22,326.46,Pledge Payment
GFT-001082,DNR-00569,FND-003,,2024-12-11,700.56,Cash
GFT-001083,DNR-00041,FND-001,,2026-03-22,18.25,Cash
GFT-001084,DNR-00611,FND-002,CAM-004,2025-04-03,95.29,Cash
GFT-001085,DNR-00185,FND-007,,2025-07-14,64.71,Cash
GFT-001086,DNR-00230,FND-002,CAM-006,2024-10-26,86.96,Matching Gift
GFT-001087,DNR-00516,FND-008,,2026-06-10,15.46,Pledge Payment
GFT-001088,DNR-00251,FND-006,CAM-003,2024-10-30,17.59,Cash
GFT-001089,DNR-00484,FND-007,CAM-001,2025-09-06,8.83,Pledge Payment
GFT-001090,DNR-00219,FND-003,CAM-001,2024-04-21,104.62,Matching Gift
GFT-001091,DNR-00901,FND-007,CAM-002,2025-01-13,101.61,Stock
GFT-001092,DNR-01005,FND-006,,2023-10-23,834.78,Cash
GFT-001093,DNR-01118,FND-007,CAM-005,2025-04-09,211.75,Pledge Payment
GFT-001094,DNR-00569,FND-003,CAM-003,2024-11-16,17.4,Matching Gift
GFT-001095,DNR-00754,FND-005,,2026-02-28,317.06,Cash
GFT-001096,DNR-00112,FND-004,CAM-002,2023-09-10,13614.1,Cash
GFT-001097,DNR-00634,FND-006,,2025-08-26,18.31,Stock
GFT-001098,DNR-00485,FND-008,CAM-004,2026-06-30,1208.54,Cash
GFT-001099,DNR-00805,FND-005,CAM-002,2023-07-17,172.42,Cash
GFT-001100,DNR-00483,FND-005,CAM-001,2024-01-01,113.67,Cash
GFT-001101,DNR-00899,FND-006,CAM-004,2024-05-24,96.85,Pledge Payment
GFT-001102,DNR-00562,FND-002,CAM-005,2023-09-08,260.46,Cash
GFT-001103,DNR-00846,FND-006,CAM-004,2026-02-19,114.68,Stock
GFT-001104,DNR-00329,FND-005,CAM-006,2024-01-22,52.3,Cash
GFT-001105,DNR-00721,FND-007,CAM-006,2023-11-13,100.6,Pledge Payment
GFT-001106,DNR-00929,FND-001,,2025-04-30,268.89,Cash
GFT-001107,DNR-00909,FND-003,,2024-07-11,385.31,Matching Gift
GFT-001108,DNR-00410,FND-005,CAM-003,2025-09-28,1385.02,Cash
GFT-001109,DNR-00227,FND-003,CAM-001,2023-12-16,201.92,Pledge Payment
GFT-001110,DNR-00267,FND-007,CAM-003,2026-05-23,754.05,Cash
GFT-001111,DNR-00980,FND-003,CAM-002,2026-01-10,146.33,Matching Gift
GFT-001112,DNR-DUP014,FND-006,CAM-002,2024-06-20,168.91,Pledge Payment
GFT-001113,DNR-00173,FND-007,CAM-003,2024-08-10,159.52,Pledge Payment
GFT-001114,DNR-00806,FND-007,CAM-001,2024-07-07,229.56,Pledge Payment
GFT-001115,DNR-00048,FND-004,,2023-08-12,471.57,Matching Gift
GFT-001116,DNR-00407,FND-005,,2026-02-02,109.83,Stock
GFT-001117,DNR-00822,FND-007,CAM-002,2023-10-10,68.16,Cash
GFT-001118,DNR-00183,FND-006,,2024-05-01,518.44,Matching Gift
GFT-001119,DNR-00029,FND-007,CAM-005,2024-02-26,475.16,Matching Gift
GFT-001120,DNR-00243,FND-004,CAM-001,2026-04-08,915.93,Cash
GFT-001121,DNR-00546,FND-005,CAM-005,2024-07-25,93.28,Cash
GFT-001122,DNR-00267,FND-007,CAM-001,2025-08-21,140.82,Cash
GFT-001123,DNR-00580,FND-004,CAM-004,2024-09-14,542.52,Matching Gift
GFT-001124,DNR-00837,FND-003,,2024-07-04,108.51,Cash
GFT-001125,DNR-00537,FND-004,CAM-005,2025-02-14,366.69,Cash
GFT-001126,DNR-00758,FND-008,,2024-11-20,147.0,Cash
GFT-001127,DNR-00961,FND-003,CAM-003,2023-07-22,258.91,Cash
GFT-001128,DNR-00435,FND-007,CAM-004,2025-09-22,51.29,Matching Gift
GFT-001129,DNR-00150,FND-002,CAM-006,2024-12-06,199.08,Cash
GFT-001130,DNR-00107,FND-006,CAM-001,2023-10-29,6.75,Cash
GFT-001131,DNR-00726,FND-001,,2026-02-19,683.07,Pledge Payment
GFT-001132,DNR-01034,FND-007,CAM-002,2024-12-01,426.3,Pledge Payment
GFT-001133,DNR-00760,FND-003,CAM-006,2025-09-16,63.83,Cash
GFT-001134,DNR-01189,FND-003,CAM-002,2023-09-23,1239.05,Stock
GFT-001135,DNR-01032,FND-008,CAM-003,2024-06-12,632.19,Cash
GFT-001136,DNR-00271,FND-002,CAM-003,2026-02-13,53.68,Cash
GFT-001137,DNR-00887,FND-003,CAM-002,2026-06-21,101.3,Cash
GFT-001138,DNR-00642,FND-001,,2024-02-25,56.7,Stock
GFT-001139,DNR-00576,FND-006,CAM-004,2026-04-18,267.14,Cash
GFT-001140,DNR-00540,FND-005,CAM-006,2025-01-30,96.8,Cash
GFT-001141,DNR-00893,FND-003,CAM-003,2025-04-02,22.12,Pledge Payment
GFT-001142,DNR-00310,FND-008,,2026-04-02,168.09,Cash
GFT-001143,DNR-00305,FND-001,CAM-001,2024-07-21,493.98,Cash
GFT-001144,DNR-00074,FND-008,CAM-002,2024-07-10,203.63,Pledge Payment
GFT-001145,DNR-00957,FND-007,,2024-05-30,329.58,Stock
GFT-001146,DNR-00084,FND-008,CAM-003,2026-04-09,225.83,Pledge Payment
GFT-001147,DNR-00938,FND-008,,2026-03-20,405.75,Cash
GFT-001148,DNR-00254,FND-006,,2024-04-29,249.04,Cash
GFT-001149,DNR-00582,FND-003,,2024-08-21,158.38,Pledge Payment
GFT-001150,DNR-00559,FND-004,,2026-05-07,200.88,Cash
GFT-001151,DNR-01169,FND-003,CAM-004,2026-06-12,961.06,Cash
GFT-001152,DNR-00505,FND-008,,2023-12-05,351.54,Pledge Payment
GFT-001153,DNR-00054,FND-005,,2025-05-04,63.62,Cash
GFT-001154,DNR-00766,FND-002,CAM-003,2025-09-15,197.4,Pledge Payment
GFT-001155,DNR-00060,FND-002,CAM-005,2024-05-10,261.8,Stock
GFT-001156,DNR-00930,FND-005,,2026-03-09,152.81,Matching Gift
GFT-001157,DNR-00090,FND-008,CAM-003,2025-05-05,22.23,Cash
GFT-001158,DNR-00433,FND-001,CAM-002,2024-03-21,70.36,Cash
GFT-001159,DNR-00114,FND-002,CAM-006,2025-04-22,115.01,Cash
GFT-001160,DNR-00190,FND-007,CAM-002,2025-08-20,1445.86,Pledge Payment
GFT-001161,DNR-00492,FND-007,,2024-06-29,309.4,Cash
GFT-001162,DNR-00427,FND-003,CAM-004,2023-08-12,33.05,Stock
GFT-001163,DNR-00584,FND-003,,2025-10-02,163.53,Cash
GFT-001164,DNR-01006,FND-007,CAM-002,2025-03-03,779.28,Cash
GFT-001165,DNR-00736,FND-002,CAM-003,2024-03-25,95.4,Cash
GFT-001166,DNR-00410,FND-008,CAM-005,2026-05-15,568.05,Cash
GFT-001167,DNR-00976,FND-005,CAM-004,2025-09-02,34.08,Stock
GFT-001168,DNR-00866,FND-006,,2024-01-01,8.04,Cash
GFT-001169,DNR-00873,FND-002,,2025-12-06,678.77,Stock
GFT-001170,DNR-00700,FND-008,CAM-001,2026-05-17,108.91,Cash
GFT-001171,DNR-01015,FND-002,CAM-002,2024-05-13,23.18,Matching Gift
GFT-001172,DNR-00896,FND-002,CAM-005,2026-02-13,118.23,Cash
GFT-001173,DNR-00305,FND-003,CAM-002,2025-03-07,223.51,Cash
GFT-001174,DNR-01072,FND-007,CAM-002,2024-11-21,297.12,Cash
GFT-001175,DNR-01129,FND-002,,2023-10-06,11.74,Cash
GFT-001176,DNR-00221,FND-007,CAM-004,2026-05-17,87.88,Pledge Payment
GFT-001177,DNR-00952,FND-005,CAM-003,2024-01-10,193.42,Pledge Payment
GFT-001178,DNR-01200,FND-002,CAM-006,2024-12-03,296.36,Cash
GFT-001179,DNR-00234,FND-008,,2023-08-03,62.87,Pledge Payment
GFT-001180,DNR-00805,FND-001,,2024-07-08,144.42,Matching Gift
GFT-001181,DNR-00610,FND-006,CAM-005,2025-10-30,95.09,Cash
GFT-001182,DNR-00543,FND-006,,2026-01-07,231.98,Pledge Payment
GFT-001183,DNR-00380,FND-002,CAM-002,2024-09-05,648.71,Stock
GFT-001184,DNR-00889,FND-001,,2024-02-03,125.23,Pledge Payment
GFT-001185,DNR-00239,FND-001,,2025-09-16,40.09,Cash
GFT-001186,DNR-00943,FND-007,CAM-005,2026-03-04,83.06,Cash
GFT-001187,DNR-00739,FND-007,CAM-002,2025-03-12,1222.23,Pledge Payment
GFT-001188,DNR-00257,FND-003,,2023-12-27,70.64,Cash
GFT-001189,DNR-00230,FND-001,CAM-001,2024-07-25,48.31,Cash
GFT-001190,DNR-00429,FND-008,,2023-08-24,117.3,Stock
GFT-001191,DNR-00893,FND-004,,2024-11-07,163.58,Cash
GFT-001192,DNR-00950,FND-003,CAM-005,2025-03-08,101.26,Stock
GFT-001193,DNR-00045,FND-002,,2025-11-11,34.26,Cash
GFT-001194,DNR-00912,FND-008,CAM-005,2024-05-08,258.2,Pledge Payment
GFT-001195,DNR-00921,FND-004,CAM-001,2023-08-10,232.24,Pledge Payment
GFT-001196,DNR-01167,FND-007,,2025-02-23,388.38,Cash
GFT-001197,DNR-00017,FND-002,CAM-004,2025-05-14,226.46,Pledge Payment
GFT-001198,DNR-01016,FND-005,,2025-10-29,1091.21,Cash
GFT-001199,DNR-00819,FND-008,CAM-006,2026-03-25,425.25,Cash
GFT-001200,DNR-00475,FND-001,CAM-006,2026-03-26,333.07,Stock
GFT-001201,DNR-00865,FND-006,CAM-006,2023-08-08,678.98,Cash
GFT-001202,DNR-00549,FND-007,CAM-005,2023-11-08,211.54,Cash
GFT-001203,DNR-01014,FND-006,CAM-005,2024-02-25,147.76,Stock
GFT-001204,DNR-00043,FND-003,CAM-002,2025-12-10,254.93,Cash
GFT-001205,DNR-00962,FND-006,CAM-005,2024-07-28,21.2,Pledge Payment
GFT-001206,DNR-01040,FND-004,CAM-003,2024-10-18,212.29,Cash
GFT-001207,DNR-00269,FND-005,CAM-004,2026-02-14,163.38,Pledge Payment
GFT-001208,DNR-00738,FND-008,,2025-10-31,287.6,Cash
GFT-001209,DNR-00579,FND-002,CAM-005,2024-08-28,570.15,Matching Gift
GFT-001210,DNR-00355,FND-004,,2024-03-21,344.43,Cash
GFT-001211,DNR-00207,FND-007,CAM-005,2026-04-03,83.3,Matching Gift
GFT-001212,DNR-00481,FND-004,CAM-006,2025-03-13,464.57,Cash
GFT-001213,DNR-00038,FND-006,CAM-002,2023-10-05,1112.57,Pledge Payment
GFT-001214,DNR-00325,FND-003,CAM-006,2025-07-01,588.56,Cash
GFT-001215,DNR-00131,FND-006,CAM-004,2023-09-04,43.71,Cash
GFT-001216,DNR-00465,FND-002,CAM-006,2024-02-19,340.23,Cash
GFT-001217,DNR-00997,FND-005,CAM-003,2024-10-01,50.5,Cash
GFT-001218,DNR-00096,FND-005,,2025-06-27,132.76,Cash
GFT-001219,DNR-00214,FND-001,CAM-005,2026-05-21,278.07,Cash
GFT-001220,DNR-00228,FND-002,,2026-01-22,239.04,Cash
GFT-001221,DNR-01039,FND-002,,2023-09-24,574.54,Cash
GFT-001222,DNR-00421,FND-006,,2024-02-27,1119.85,Cash
GFT-001223,DNR-00905,FND-008,,2025-02-18,311.17,Matching Gift
GFT-001224,DNR-00745,FND-006,,2024-05-11,122.26,Cash
GFT-001225,DNR-00414,FND-008,CAM-004,2024-03-08,22.19,Cash
GFT-001226,DNR-00503,FND-008,CAM-003,2023-07-14,772.89,Pledge Payment
GFT-001227,DNR-01035,FND-003,,2025-02-07,164.32,Pledge Payment
GFT-001228,DNR-00763,FND-007,CAM-003,2024-12-26,173.93,Cash
GFT-001229,DNR-00311,FND-007,CAM-001,2024-11-14,189.7,Cash
GFT-001230,DNR-00879,FND-007,CAM-004,2024-04-08,295.1,Pledge Payment
GFT-001231,DNR-01058,FND-006,,2026-01-25,305.15,Cash
GFT-001232,DNR-00299,FND-001,CAM-006,2025-12-23,135.04,Cash
GFT-001233,DNR-00174,FND-006,CAM-003,2023-11-20,162.55,Stock
GFT-001234,DNR-00337,FND-007,,2025-09-30,93.4,Stock
GFT-001235,DNR-00076,FND-003,,2025-09-13,83.23,Stock
GFT-001236,DNR-00606,FND-007,CAM-004,2026-05-30,82.81,Matching Gift
GFT-001237,DNR-00643,FND-006,,2025-03-15,160.5,Cash
GFT-001238,DNR-01081,FND-003,CAM-004,2025-01-23,67.61,Stock
GFT-001239,DNR-00421,FND-008,CAM-003,2025-12-30,7.41,Cash
GFT-001240,DNR-00405,FND-005,,2025-10-06,120.02,Cash
GFT-001241,DNR-01101,FND-006,CAM-004,2023-09-14,46.47,Pledge Payment
GFT-001242,DNR-01066,FND-005,CAM-001,2024-03-15,204.46,Stock
GFT-001243,DNR-01048,FND-005,CAM-006,2024-01-07,93.02,Cash
GFT-001244,DNR-00328,FND-001,,2025-05-28,299.31,Cash
GFT-001245,DNR-00495,FND-005,CAM-004,2024-12-11,50.92,Pledge Payment
GFT-001246,DNR-00227,FND-001,CAM-003,2026-04-30,26.39,Cash
GFT-001247,DNR-01040,FND-006,,2024-12-13,162.99,Pledge Payment
GFT-001248,DNR-00256,FND-008,CAM-002,2023-10-06,114.71,Cash
GFT-001249,DNR-00929,FND-006,CAM-001,2023-07-11,42.57,Stock
GFT-001250,DNR-00479,FND-006,CAM-002,2026-06-27,425.66,Stock
GFT-001251,DNR-01174,FND-003,CAM-004,2025-02-02,60.19,Cash
GFT-001252,DNR-00508,FND-002,CAM-003,2026-05-30,79.23,Cash
GFT-001253,DNR-01193,FND-004,CAM-003,2026-05-23,529.98,Pledge Payment
GFT-001254,DNR-00201,FND-003,CAM-004,2026-01-16,319.64,Stock
GFT-001255,DNR-00168,FND-002,,2025-10-21,53.84,Pledge Payment
GFT-001256,DNR-00267,FND-008,CAM-001,2025-11-17,125.98,Cash
GFT-001257,DNR-00160,FND-006,CAM-006,2025-12-30,48.6,Cash
GFT-001258,DNR-DUP004,FND-007,CAM-002,2025-10-02,484.48,Matching Gift
GFT-001259,DNR-00868,FND-008,CAM-005,2026-04-17,484.08,Stock
GFT-001260,DNR-00334,FND-003,CAM-006,2025-10-31,1356.39,Cash
GFT-001261,DNR-00993,FND-008,,2024-03-17,2230.13,Cash
GFT-001262,DNR-01084,FND-002,CAM-001,2026-05-17,91.89,Cash
GFT-001263,DNR-00970,FND-001,,2026-01-18,397.02,Stock
GFT-001264,DNR-00244,FND-007,,2025-07-26,22.84,Cash
GFT-001265,DNR-00757,FND-005,,2024-03-04,222.23,Stock
GFT-001266,DNR-00314,FND-002,CAM-003,2026-06-05,289.45,Pledge Payment
GFT-001267,DNR-00767,FND-005,CAM-002,2025-03-16,63.59,Pledge Payment
GFT-001268,DNR-00058,FND-003,,2026-03-22,86.08,Cash
GFT-001269,DNR-00100,FND-005,CAM-002,2025-11-10,488.06,Cash
GFT-001270,DNR-00375,FND-008,,2024-09-14,297.78,Pledge Payment
GFT-001271,DNR-01122,FND-006,,2024-03-07,1134.5,Pledge Payment
GFT-001272,DNR-00856,FND-008,CAM-002,2023-09-30,968.32,Pledge Payment
GFT-001273,DNR-00692,FND-007,CAM-005,2026-01-12,29.3,Pledge Payment
GFT-001274,DNR-00284,FND-008,CAM-005,2024-03-28,101.81,Cash
GFT-001275,DNR-00306,FND-006,,2026-01-05,57.1,Pledge Payment
GFT-001276,DNR-00794,FND-004,CAM-004,2025-10-16,417.07,Pledge Payment
GFT-001277,DNR-01108,FND-001,CAM-005,2025-05-25,247.68,Stock
GFT-001278,DNR-00182,FND-003,,2025-01-19,61.15,Cash
GFT-001279,DNR-01150,FND-002,CAM-006,2025-03-24,71.41,Cash
GFT-001280,DNR-00395,FND-001,CAM-006,2023-12-22,716.65,Matching Gift
GFT-001281,DNR-00975,FND-001,,2024-07-22,114.47,Cash
GFT-001282,DNR-00369,FND-001,CAM-002,2026-06-24,19.52,Cash
GFT-001283,DNR-00503,FND-008,,2024-08-25,55.82,Cash
GFT-001284,DNR-00657,FND-007,,2026-06-27,1484.1,Cash
GFT-001285,DNR-00048,FND-006,CAM-004,2026-04-02,549.05,Matching Gift
GFT-001286,DNR-00850,FND-001,CAM-006,2024-07-04,45.59,Cash
GFT-001287,DNR-00783,FND-005,,2025-04-10,222.11,Pledge Payment
GFT-001288,DNR-00204,FND-003,CAM-002,2024-02-20,508.62,Cash
GFT-001289,DNR-00375,FND-005,,2024-04-20,28.92,Matching Gift
GFT-001290,DNR-00629,FND-007,,2024-05-11,580.91,Cash
GFT-001291,DNR-00667,FND-003,,2023-10-29,294.55,Cash
GFT-001292,DNR-00611,FND-007,,2023-10-28,80.93,Cash
GFT-001293,DNR-00292,FND-007,CAM-003,2025-04-16,351.98,Pledge Payment
GFT-001294,DNR-00770,FND-002,,2024-12-10,251.63,Pledge Payment
GFT-001295,DNR-00491,FND-004,CAM-005,2024-08-18,271.61,Cash
GFT-001296,DNR-01034,FND-007,,2026-05-07,213.34,Cash
GFT-001297,DNR-00125,FND-006,CAM-005,2025-01-02,68.77,Pledge Payment
GFT-001298,DNR-00135,FND-008,,2025-10-11,82.81,Pledge Payment
GFT-001299,DNR-00479,FND-001,CAM-002,2025-10-12,139.5,Pledge Payment
GFT-001300,DNR-00505,FND-003,CAM-002,2024-01-24,190.68,Cash
GFT-001301,DNR-00914,FND-002,CAM-006,2025-10-11,376.89,Cash
GFT-001302,DNR-00292,FND-006,CAM-006,2024-08-20,1533.55,Cash
GFT-001303,DNR-00503,FND-007,CAM-006,2024-06-09,233.83,Cash
GFT-001304,DNR-00086,FND-001,CAM-005,2026-01-11,369.13,Cash
GFT-001305,DNR-00343,FND-001,,2025-02-12,477.97,Cash
GFT-001306,DNR-00560,FND-005,CAM-004,2026-03-14,400.71,Cash
GFT-001307,DNR-00436,FND-005,,2025-06-19,66.16,Cash
GFT-001308,DNR-01094,FND-002,CAM-002,2024-05-26,805.12,Cash
GFT-001309,DNR-00810,FND-002,,2023-12-31,656.69,Matching Gift
GFT-001310,DNR-00885,FND-004,CAM-006,2025-01-23,210.13,Pledge Payment
GFT-001311,DNR-00702,FND-005,CAM-005,2025-04-12,70.25,Cash
GFT-001312,DNR-00504,FND-006,CAM-003,2025-01-10,187.36,Cash
GFT-001313,DNR-00942,FND-006,,2024-09-04,32.54,Cash
GFT-001314,DNR-00005,FND-008,,2024-03-30,947.44,Cash
GFT-001315,DNR-00356,FND-007,CAM-006,2023-07-20,90.88,Cash
GFT-001316,DNR-00805,FND-002,,2026-03-28,132.05,Matching Gift
GFT-001317,DNR-00912,FND-002,CAM-003,2023-09-02,862.97,Stock
GFT-001318,DNR-00734,FND-007,,2025-08-09,11.74,Matching Gift
GFT-001319,DNR-00256,FND-008,CAM-003,2023-07-18,738.53,Cash
GFT-001320,DNR-00911,FND-001,CAM-001,2024-07-30,262.91,Cash
GFT-001321,DNR-00576,FND-006,CAM-001,2023-08-10,1146.0,Pledge Payment
GFT-001322,DNR-00621,FND-004,CAM-001,2024-01-01,64.07,Cash
GFT-001323,DNR-00744,FND-001,CAM-002,2026-04-07,263.07,Cash
GFT-001324,DNR-00429,FND-001,CAM-001,2026-04-05,64.6,Pledge Payment
GFT-001325,DNR-00228,FND-005,CAM-006,2025-09-19,608.44,Pledge Payment
GFT-001326,DNR-00350,FND-004,,2026-04-07,582.6,Stock
GFT-001327,DNR-DUP004,FND-003,,2023-11-11,1258.04,Pledge Payment
GFT-001328,DNR-00532,FND-004,CAM-006,2024-03-17,181.21,Cash
GFT-001329,DNR-00393,FND-001,CAM-006,2025-01-12,1798.4,Stock
GFT-001330,DNR-01148,FND-008,,2024-11-29,59.37,Cash
GFT-001331,DNR-00107,FND-006,CAM-004,2025-11-21,170.84,Pledge Payment
GFT-001332,DNR-00562,FND-002,CAM-006,2025-10-11,61.53,Cash
GFT-001333,DNR-01015,FND-006,CAM-006,2026-02-10,224.92,Cash
GFT-001334,DNR-00460,FND-001,CAM-002,2023-09-28,67.06,Cash
GFT-001335,DNR-01091,FND-008,CAM-003,2025-11-07,610.49,Cash
GFT-001336,DNR-00803,FND-004,CAM-003,2023-07-11,305.72,Cash
GFT-001337,DNR-01172,FND-001,CAM-001,2023-12-15,54.52,Cash
GFT-001338,DNR-00153,FND-004,CAM-001,2025-11-14,454.06,Pledge Payment
GFT-001339,DNR-00675,FND-005,,2024-06-01,1041.92,Cash
GFT-001340,DNR-00058,FND-008,CAM-004,2024-01-15,340.86,Pledge Payment
GFT-001341,DNR-DUP013,FND-006,CAM-002,2023-08-19,40.35,Pledge Payment
GFT-001342,DNR-00221,FND-008,CAM-001,2024-11-18,153.87,Pledge Payment
GFT-001343,DNR-00112,FND-006,CAM-006,2025-05-28,394.13,Cash
GFT-001344,DNR-00150,FND-008,,2024-10-27,138.8,Cash
GFT-001345,DNR-01186,FND-002,,2025-12-31,58.62,Pledge Payment
GFT-001346,DNR-00069,FND-007,CAM-003,2023-11-02,701.35,Cash
GFT-001347,DNR-00262,FND-001,CAM-005,2023-11-11,132.58,Cash
GFT-001348,DNR-00618,FND-007,,2023-10-21,1042.77,Matching Gift
GFT-001349,DNR-00115,FND-001,CAM-002,2024-01-25,102.38,Pledge Payment
GFT-001350,DNR-00823,FND-002,CAM-004,2025-08-20,124.59,Matching Gift
GFT-001351,DNR-00022,FND-008,CAM-004,2024-10-20,94.33,Cash
GFT-001352,DNR-00877,FND-002,CAM-003,2026-02-05,151.08,Cash
GFT-001353,DNR-00930,FND-006,CAM-001,2023-08-23,300.06,Matching Gift
GFT-001354,DNR-00211,FND-001,,2024-02-07,61.7,Cash
GFT-001355,DNR-01174,FND-003,CAM-006,2024-07-31,50.97,Cash
GFT-001356,DNR-00728,FND-007,CAM-005,2024-12-06,28.33,Stock
GFT-001357,DNR-00381,FND-004,,2025-12-27,25.2,Pledge Payment
GFT-001358,DNR-00124,FND-003,CAM-002,2023-09-29,40.81,Cash
GFT-001359,DNR-01051,FND-006,CAM-002,2025-12-09,101.65,Stock
GFT-001360,DNR-00302,FND-008,CAM-002,2024-04-24,220.42,Matching Gift
GFT-001361,DNR-00597,FND-006,,2025-06-02,281.61,Cash
GFT-001362,DNR-DUP001,FND-003,,2026-05-26,209.38,Cash
GFT-001363,DNR-01039,FND-001,CAM-004,2024-10-29,894.28,Cash
GFT-001364,DNR-00401,FND-004,CAM-001,2025-06-04,1323.34,Cash
GFT-001365,DNR-00700,FND-004,CAM-005,2023-11-18,133.25,Cash
GFT-001366,DNR-00679,FND-006,CAM-002,2026-02-12,62.74,Pledge Payment
GFT-001367,DNR-00674,FND-003,,2025-11-04,1961.69,Stock
GFT-001368,DNR-00087,FND-008,CAM-001,2026-01-16,671.56,Pledge Payment
GFT-001369,DNR-00457,FND-004,CAM-005,2023-07-08,611.85,Cash
GFT-001370,DNR-00490,FND-008,CAM-003,2024-09-09,97.48,Cash
GFT-001371,DNR-00421,FND-007,,2025-08-08,467.69,Cash
GFT-001372,DNR-00744,FND-001,,2023-07-14,211.23,Cash
GFT-001373,DNR-00062,FND-002,,2025-07-02,167.11,Cash
GFT-001374,DNR-00902,FND-004,CAM-003,2025-02-15,166.8,Pledge Payment
GFT-001375,DNR-00061,FND-004,CAM-001,2023-09-28,316.13,Stock
GFT-001376,DNR-00357,FND-004,CAM-002,2025-02-01,932.64,Cash
GFT-001377,DNR-00696,FND-004,,2024-06-21,2205.25,Stock
GFT-001378,DNR-00045,FND-003,CAM-002,2024-08-05,116.18,Pledge Payment
GFT-001379,DNR-00043,FND-003,CAM-004,2024-01-24,224.76,Cash
GFT-001380,DNR-00694,FND-004,CAM-002,2024-02-13,162.6,Stock
GFT-001381,DNR-00492,FND-006,CAM-003,2026-01-20,292.82,Pledge Payment
GFT-001382,DNR-01080,FND-999,,2024-06-15,11.18,Matching Gift
GFT-001383,DNR-00296,FND-003,CAM-001,2024-02-28,141.92,Stock
GFT-001384,DNR-01091,FND-007,CAM-003,2024-07-27,1722.53,Matching Gift
GFT-001385,DNR-00880,FND-004,,2025-04-12,86.28,Cash
GFT-001386,DNR-01097,FND-005,,2024-07-22,116.35,Pledge Payment
GFT-001387,DNR-00507,FND-001,CAM-002,2025-05-02,98.98,Pledge Payment
GFT-001388,DNR-01041,FND-008,CAM-001,2024-03-15,154.2,Matching Gift
GFT-001389,DNR-00964,FND-002,,2023-12-14,43.73,Cash
GFT-001390,DNR-00795,FND-006,CAM-005,2026-05-07,100.95,Cash
GFT-001391,DNR-00951,FND-003,CAM-003,2026-05-28,289.58,Pledge Payment
GFT-001392,DNR-01077,FND-008,CAM-005,2025-08-04,287.16,Cash
GFT-001393,DNR-00550,FND-007,,2026-02-25,239.33,Stock
GFT-001394,DNR-00450,FND-004,CAM-005,2024-08-28,831.3,Pledge Payment
GFT-001395,DNR-00811,FND-004,CAM-002,2024-10-23,302.84,Cash
GFT-001396,DNR-00773,FND-003,CAM-003,2025-11-17,796.99,Matching Gift
GFT-001397,DNR-01128,FND-002,,2024-12-03,2207.64,Cash
GFT-001398,DNR-00605,FND-008,CAM-006,2023-12-20,482.0,Pledge Payment
GFT-001399,DNR-00472,FND-001,CAM-005,2025-06-20,43.94,Cash
GFT-001400,DNR-00689,FND-007,CAM-005,2026-05-15,250.13,Pledge Payment
GFT-001401,DNR-00886,FND-007,CAM-003,2026-02-12,211.68,Cash
GFT-001402,DNR-00650,FND-005,CAM-004,2026-04-14,1040.53,Pledge Payment
GFT-001403,DNR-00368,FND-008,CAM-001,2023-08-20,160.35,Cash
GFT-001404,DNR-00156,FND-006,,2024-12-25,74.78,Cash
GFT-001405,DNR-01028,FND-002,CAM-002,2025-02-23,107.19,Cash
GFT-001406,DNR-00202,FND-002,,2024-10-09,45.57,Cash
GFT-001407,DNR-00079,FND-004,CAM-003,2025-07-07,7.23,Cash
GFT-001408,DNR-00675,FND-005,CAM-002,2024-08-06,1734.14,Stock
GFT-001409,DNR-00391,FND-003,CAM-006,2025-01-13,185.06,Cash
GFT-001410,DNR-00018,FND-005,CAM-002,2024-12-16,49.96,Cash
GFT-001411,DNR-00828,FND-007,,2025-06-09,1170.63,Stock
GFT-001412,DNR-01050,FND-003,CAM-004,2026-02-21,1461.21,Pledge Payment
GFT-001413,DNR-00465,FND-004,CAM-005,2024-10-09,219.82,Pledge Payment
GFT-001414,DNR-01057,FND-008,CAM-005,2024-10-21,41.66,Cash
GFT-001415,DNR-00176,FND-006,CAM-001,2025-05-28,109.95,Cash
GFT-001416,DNR-00856,FND-004,CAM-005,2025-11-25,142.52,Cash
GFT-001417,DNR-01144,FND-001,CAM-003,2026-01-07,192.0,Cash
GFT-001418,DNR-01183,FND-003,CAM-002,2024-04-10,56.45,Cash
GFT-001419,DNR-01024,FND-006,CAM-003,2023-07-20,531.44,Cash
GFT-001420,DNR-00859,FND-007,CAM-004,2024-10-04,17.88,Cash
GFT-001421,DNR-00668,FND-001,,2025-03-05,644.81,Cash
GFT-001422,DNR-00315,FND-006,CAM-004,2024-04-10,832.96,Cash
GFT-001423,DNR-00419,FND-007,,2025-08-19,121.82,Cash
GFT-001424,DNR-00792,FND-004,CAM-005,2026-06-29,168.92,Cash
GFT-001425,DNR-00674,FND-008,CAM-002,2024-02-08,975.76,Cash
GFT-001426,DNR-00352,FND-002,CAM-006,2024-01-07,376.69,Cash
GFT-001427,DNR-00066,FND-008,,2024-06-28,126.5,Cash
GFT-001428,DNR-00408,FND-002,CAM-004,2024-07-17,143.34,Pledge Payment
GFT-001429,DNR-00422,FND-004,CAM-002,2025-02-01,318.19,Cash
GFT-001430,DNR-00144,FND-008,,2026-06-08,1523.35,Matching Gift
GFT-001431,DNR-01062,FND-001,,2025-07-24,148.2,Cash
GFT-001432,DNR-00842,FND-007,,2025-04-30,122.44,Pledge Payment
GFT-001433,DNR-00265,FND-007,CAM-005,2024-02-12,190.52,Cash
GFT-001434,DNR-00797,FND-004,,2023-11-18,191.77,Cash
GFT-001435,DNR-00635,FND-007,CAM-005,2024-08-25,258.6,Cash
GFT-001436,DNR-01178,FND-005,CAM-001,2024-05-21,169.51,Pledge Payment
GFT-001437,DNR-00940,FND-005,CAM-001,2026-04-25,694.3,Cash
GFT-001438,DNR-00293,FND-008,,2023-07-16,69.1,Pledge Payment
GFT-001439,DNR-00506,FND-006,CAM-005,2025-09-25,292.44,Stock
GFT-001440,DNR-00948,FND-001,,2026-01-28,305.81,Cash
GFT-001441,DNR-00935,FND-006,CAM-002,2025-02-09,75.56,Cash
GFT-001442,DNR-00359,FND-007,CAM-001,2025-09-08,289.12,Cash
GFT-001443,DNR-00885,FND-008,CAM-004,2024-07-02,315.14,Matching Gift
GFT-001444,DNR-01165,FND-002,CAM-004,2024-07-10,11.67,Cash
GFT-001445,DNR-00491,FND-003,CAM-002,2023-09-28,62.66,Cash
GFT-001446,DNR-00137,FND-004,CAM-005,2025-02-17,1087.99,Cash
GFT-001447,DNR-01133,FND-002,CAM-003,2025-10-20,95.59,Pledge Payment
GFT-001448,DNR-00216,FND-006,CAM-004,2023-12-04,49.84,Cash
GFT-001449,DNR-00338,FND-005,CAM-001,2026-01-09,24.17,Pledge Payment
GFT-001450,DNR-00092,FND-008,,2026-05-02,57.03,Pledge Payment
GFT-001451,DNR-00946,FND-007,CAM-003,2023-11-27,161.78,Pledge Payment
GFT-001452,DNR-00399,FND-007,,2025-09-25,46.39,Pledge Payment
GFT-001453,DNR-00514,FND-002,,2023-07-22,382.54,Cash
GFT-001454,DNR-00951,FND-008,CAM-005,2025-04-30,74.17,Cash
GFT-001455,DNR-00170,FND-004,CAM-005,2023-11-17,260.85,Cash
GFT-001456,DNR-00965,FND-005,,2024-04-13,894.35,Pledge Payment
GFT-001457,DNR-00037,FND-002,,2024-06-14,823.98,Pledge Payment
GFT-001458,DNR-00255,FND-007,,2025-02-22,255.81,Pledge Payment
GFT-001459,DNR-00023,FND-005,,2023-12-06,53.37,Cash
GFT-001460,DNR-00734,FND-003,CAM-001,2025-12-19,174.27,Cash
GFT-001461,DNR-01091,FND-004,CAM-005,2023-09-09,265.44,Cash
GFT-001462,DNR-01071,FND-002,CAM-004,2023-10-06,2871.85,Cash
GFT-001463,DNR-00910,FND-001,,2025-03-23,23.95,Pledge Payment
GFT-001464,DNR-00773,FND-004,CAM-001,2023-10-08,174.95,Cash
GFT-001465,DNR-00489,FND-004,,2025-08-06,366.72,Cash
GFT-001466,DNR-00864,FND-001,,2023-08-02,207.55,Cash
GFT-001467,DNR-00394,FND-002,CAM-001,2025-05-21,234.17,Pledge Payment
GFT-001468,DNR-00344,FND-003,,2024-01-14,78.85,Cash
GFT-001469,DNR-01050,FND-002,CAM-003,2025-10-29,520.21,Cash
GFT-001470,DNR-01152,FND-004,CAM-001,2025-04-21,191.87,Cash
GFT-001471,DNR-00877,FND-002,CAM-001,2025-09-17,233.22,Stock
GFT-001472,DNR-00217,FND-006,CAM-003,2024-09-10,590.96,Pledge Payment
GFT-001473,DNR-00031,FND-007,CAM-003,2024-06-20,130.68,Pledge Payment
GFT-001474,DNR-00798,FND-004,CAM-005,2023-07-25,767.53,Matching Gift
GFT-001475,DNR-00136,FND-005,CAM-003,2024-09-23,44.83,Cash
GFT-001476,DNR-00138,FND-004,CAM-004,2023-09-28,248.55,Cash
GFT-001477,DNR-01024,FND-002,CAM-006,2025-03-09,73.93,Pledge Payment
GFT-001478,DNR-00516,FND-002,CAM-003,2024-06-16,56.1,Pledge Payment
GFT-001479,DNR-00273,FND-006,,2025-09-03,1498.78,Cash
GFT-001480,DNR-00988,FND-002,CAM-003,2025-04-12,47.22,Cash
GFT-001481,DNR-01199,FND-008,CAM-004,2023-08-06,196.05,Cash
GFT-001482,DNR-00477,FND-001,CAM-001,2026-05-12,43.69,Cash
GFT-001483,DNR-00255,FND-005,CAM-001,2023-08-13,708.78,Cash
GFT-001484,DNR-00499,FND-002,,2025-11-24,117.23,Pledge Payment
GFT-001485,DNR-00768,FND-008,CAM-002,2024-04-07,587.11,Matching Gift
GFT-001486,DNR-00311,FND-007,CAM-001,2024-08-17,352.32,Cash
GFT-001487,DNR-00488,FND-008,CAM-003,2023-09-16,2284.73,Pledge Payment
GFT-001488,DNR-00570,FND-006,,2024-03-31,35.61,Pledge Payment
GFT-001489,DNR-00850,FND-005,,2026-06-01,62.13,Stock
GFT-001490,DNR-00679,FND-006,CAM-001,2024-10-12,548.86,Cash
GFT-001491,DNR-01105,FND-001,CAM-001,2024-08-25,262.37,Cash
GFT-001492,DNR-00782,FND-006,,2024-09-28,141.14,Cash
GFT-001493,DNR-00013,FND-002,CAM-005,2025-12-22,1728.13,Cash
GFT-001494,DNR-00395,FND-001,,2023-11-21,181.41,Pledge Payment
GFT-001495,DNR-00258,FND-002,,2024-08-22,76.87,Cash
GFT-001496,DNR-00484,FND-002,CAM-004,2024-08-22,595.97,Cash
GFT-001497,DNR-00638,FND-003,CAM-001,2026-02-11,188.19,Matching Gift
GFT-001498,DNR-00869,FND-003,CAM-001,2024-11-13,204.9,Cash
GFT-001499,DNR-00585,FND-008,CAM-001,2025-03-12,388.44,Pledge Payment
GFT-001500,DNR-00986,FND-002,CAM-003,2025-01-07,406.71,Matching Gift
GFT-001501,DNR-00774,FND-003,CAM-005,2025-09-23,61.29,Pledge Payment
GFT-001502,DNR-00866,FND-007,,2025-12-20,132.61,Pledge Payment
GFT-001503,DNR-00041,FND-007,CAM-004,2026-03-14,40.04,Cash
GFT-001504,DNR-00615,FND-003,CAM-006,2023-12-18,266.83,Cash
GFT-001505,DNR-00527,FND-007,CAM-005,2024-06-24,1461.98,Pledge Payment
GFT-001506,DNR-00929,FND-005,CAM-004,2025-03-18,63.9,Cash
GFT-001507,DNR-00148,FND-006,,2026-03-11,33.21,Cash
GFT-001508,DNR-00401,FND-003,CAM-001,2026-02-16,90.38,Pledge Payment
GFT-001509,DNR-00027,FND-006,CAM-005,2023-07-09,139.83,Pledge Payment
GFT-001510,DNR-00852,FND-007,CAM-003,2025-10-06,411.0,Stock
GFT-001511,DNR-01003,FND-005,,2025-08-25,124.83,Matching Gift
GFT-001512,DNR-00080,FND-002,CAM-004,2025-10-15,272.34,Cash
GFT-001513,DNR-00398,FND-007,CAM-002,2024-05-28,104.94,Cash
GFT-001514,DNR-01044,FND-008,CAM-003,2025-06-13,148.29,Cash
GFT-001515,DNR-00790,FND-007,CAM-001,2023-10-27,74.28,Stock
GFT-001516,DNR-00979,FND-001,CAM-003,2024-11-08,53.23,Stock
GFT-001517,DNR-00303,FND-005,CAM-005,2023-08-27,428.87,Stock
GFT-001518,DNR-00521,FND-004,,2024-04-27,112.82,Pledge Payment
GFT-001519,DNR-00240,FND-002,CAM-004,2023-07-26,295.67,Matching Gift
GFT-001520,DNR-DUP000,FND-002,CAM-006,2025-09-22,73.1,Pledge Payment
GFT-001521,DNR-00867,FND-003,CAM-004,2024-07-21,182.71,Pledge Payment
GFT-001522,DNR-00619,FND-007,CAM-002,2024-11-29,18.26,Cash
GFT-001523,DNR-00183,FND-002,CAM-003,2025-10-20,121.99,Stock
GFT-001524,DNR-00551,FND-004,CAM-004,2024-04-18,81.38,Stock
GFT-001525,DNR-00014,FND-003,CAM-005,2025-03-22,673.18,Pledge Payment
GFT-001526,DNR-00199,FND-002,CAM-004,2023-07-04,45.44,Stock
GFT-001527,DNR-00854,FND-005,CAM-004,2026-06-10,155.03,Stock
GFT-001528,DNR-00362,FND-006,,2024-06-14,263.11,Cash
GFT-001529,DNR-00406,FND-008,,2024-04-01,562.51,Pledge Payment
GFT-001530,DNR-00226,FND-008,CAM-001,2026-04-25,473.21,Cash
GFT-001531,DNR-00412,FND-001,,2024-07-15,168.82,Cash
GFT-001532,DNR-00532,FND-007,CAM-005,2024-07-27,196.4,Pledge Payment
GFT-001533,DNR-00341,FND-002,CAM-002,2024-02-09,672.42,Cash
GFT-001534,DNR-00774,FND-002,CAM-002,2023-12-23,165.32,Cash
GFT-001535,DNR-00701,FND-001,CAM-001,2023-11-09,220.65,Cash
GFT-001536,DNR-00994,FND-002,,2026-03-05,700.74,Pledge Payment
GFT-001537,DNR-00545,FND-001,,2023-11-03,2789.75,Cash
GFT-001538,DNR-00433,FND-001,CAM-004,2024-01-15,242.56,Stock
GFT-001539,DNR-00545,FND-008,CAM-005,2026-05-31,325.93,Cash
GFT-001540,DNR-00880,FND-006,CAM-003,2025-05-21,456.42,Stock
GFT-001541,DNR-00646,FND-004,CAM-003,2025-06-02,692.3,Cash
GFT-001542,DNR-00776,FND-001,CAM-003,2025-09-24,580.04,Stock
GFT-001543,DNR-00206,FND-001,CAM-005,2025-05-07,96.65,Cash
GFT-001544,DNR-00285,FND-001,,2025-09-30,261.35,Stock
GFT-001545,DNR-00573,FND-004,CAM-003,2026-06-21,585.05,Cash
GFT-001546,DNR-00974,FND-007,CAM-001,2026-01-11,895.94,Cash
GFT-001547,DNR-00660,FND-001,CAM-003,2023-07-07,155.34,Pledge Payment
GFT-001548,DNR-00667,FND-008,CAM-001,2023-10-02,254.26,Cash
GFT-001549,DNR-00820,FND-002,CAM-003,2026-03-19,289.01,Cash
GFT-001550,DNR-00976,FND-002,CAM-004,2025-11-23,189.31,Cash
GFT-001551,DNR-00400,FND-003,CAM-006,2025-02-21,246.93,Cash
GFT-001552,DNR-00066,FND-003,CAM-005,2026-04-29,17.36,Stock
GFT-001553,DNR-00618,FND-008,,2023-12-26,6421.47,Cash
GFT-001554,DNR-00237,FND-008,CAM-006,2025-12-30,2295.5,Matching Gift
GFT-001555,DNR-00499,FND-004,,2024-11-05,148.47,Pledge Payment
GFT-001556,DNR-00217,FND-007,,2023-12-31,161.26,Pledge Payment
GFT-001557,DNR-00669,FND-007,CAM-002,2024-05-24,29.91,Pledge Payment
GFT-001558,DNR-00528,FND-008,,2024-09-24,25.41,Cash
GFT-001559,DNR-01095,FND-008,,2024-04-04,313.11,Cash
GFT-001560,DNR-00459,FND-002,CAM-003,2025-05-12,588.01,Cash
GFT-001561,DNR-00782,FND-007,CAM-001,2025-08-11,465.83,Cash
GFT-001562,DNR-00531,FND-002,CAM-002,2024-09-30,72.89,Cash
GFT-001563,DNR-00229,FND-002,CAM-003,2023-12-27,433.76,Cash
GFT-001564,DNR-00238,FND-006,,2024-07-20,158.5,Cash
GFT-001565,DNR-00779,FND-001,CAM-002,2025-04-02,120.59,Cash
GFT-001566,DNR-DUP008,FND-004,CAM-004,2023-11-04,41.15,Cash
GFT-001567,DNR-00655,FND-006,,2025-11-14,82.59,Cash
GFT-001568,DNR-DUP009,FND-004,,2026-05-30,321.63,Cash
GFT-001569,DNR-00019,FND-008,CAM-003,2025-09-17,258.23,Cash
GFT-001570,DNR-00608,FND-004,CAM-005,2024-04-22,218.08,Cash
GFT-001571,DNR-00302,FND-005,,2026-01-19,16.53,Cash
GFT-001572,DNR-00656,FND-005,CAM-006,2023-09-09,220.59,Pledge Payment
GFT-001573,DNR-00561,FND-008,CAM-001,2024-03-09,95.15,Cash
GFT-001574,DNR-00597,FND-007,,2026-04-09,260.35,Matching Gift
GFT-001575,DNR-00313,FND-004,CAM-001,2025-05-13,719.19,Cash
GFT-001576,DNR-00367,FND-008,CAM-004,2023-10-16,110.71,Cash
GFT-001577,DNR-00327,FND-001,CAM-006,2025-03-04,203.12,Stock
GFT-001578,DNR-00692,FND-007,CAM-005,2025-09-11,1713.48,Stock
GFT-001579,DNR-00802,FND-007,,2025-06-13,245.94,Cash
GFT-001580,DNR-00580,FND-005,CAM-001,2026-06-16,176.88,Matching Gift
GFT-001581,DNR-00200,FND-003,CAM-003,2025-09-14,74.12,Cash
GFT-001582,DNR-00623,FND-008,,2023-10-19,448.37,Matching Gift
GFT-001583,DNR-00905,FND-008,CAM-002,2024-04-07,62.0,Cash
GFT-001584,DNR-00430,FND-004,CAM-001,2024-04-22,760.41,Cash
GFT-001585,DNR-00742,FND-002,,2023-07-19,376.6,Cash
GFT-001586,DNR-00875,FND-003,,2025-08-10,98.67,Stock
GFT-001587,DNR-00729,FND-008,,2024-01-13,76.69,Cash
GFT-001588,DNR-00241,FND-006,CAM-004,2023-10-16,78.6,Cash
GFT-001589,DNR-00828,FND-004,,2024-04-30,25.84,Cash
GFT-001590,DNR-00494,FND-007,CAM-005,2024-02-29,304.51,Cash
GFT-001591,DNR-00354,FND-007,,2025-03-11,18.48,Cash
GFT-001592,DNR-00783,FND-005,CAM-005,2026-02-04,164.9,Matching Gift
GFT-001593,DNR-00024,FND-002,,2025-07-22,153.65,Cash
GFT-001594,DNR-00250,FND-008,CAM-006,2023-12-17,126.55,Cash
GFT-001595,DNR-00048,FND-008,CAM-002,2024-10-03,302.11,Cash
GFT-001596,DNR-DUP014,FND-003,CAM-004,2024-01-10,98.93,Pledge Payment
GFT-001597,DNR-00889,FND-005,,2026-03-18,221.22,Cash
GFT-001598,DNR-00667,FND-002,CAM-006,2024-01-20,760.22,Matching Gift
GFT-001599,DNR-00831,FND-001,CAM-004,2024-07-13,345.43,Cash
GFT-001600,DNR-01001,FND-002,CAM-006,2026-06-20,115.16,Stock
GFT-001601,DNR-00425,FND-002,,2024-03-11,182.85,Pledge Payment
GFT-001602,DNR-00011,FND-008,CAM-003,2024-07-03,126.7,Matching Gift
GFT-001603,DNR-00081,FND-003,CAM-001,2024-03-08,151.29,Cash
GFT-001604,DNR-00180,FND-005,,2024-05-26,228.9,Cash
GFT-001605,DNR-00256,FND-005,CAM-003,2023-12-21,39.35,Cash
GFT-001606,DNR-00867,FND-001,CAM-001,2024-06-16,31.18,Cash
GFT-001607,DNR-00095,FND-005,CAM-006,2025-03-07,67.89,Cash
GFT-001608,DNR-00287,FND-008,CAM-003,2025-12-28,318.93,Cash
GFT-001609,DNR-00722,FND-004,,2026-06-05,372.59,Pledge Payment
GFT-001610,DNR-00486,FND-001,CAM-001,2023-09-30,442.25,Cash
GFT-001611,DNR-00614,FND-004,,2024-04-16,70.66,Cash
GFT-001612,DNR-DUP011,FND-006,CAM-002,2024-09-15,201.83,Cash
GFT-001613,DNR-00865,FND-002,CAM-006,2024-03-20,118.97,Cash
GFT-001614,DNR-00534,FND-007,,2024-12-04,158.21,Cash
GFT-001615,DNR-00935,FND-002,CAM-002,2025-09-27,116.76,Matching Gift
GFT-001616,DNR-00294,FND-004,,2025-11-18,243.77,Cash
GFT-001617,DNR-00395,FND-006,CAM-006,2025-01-02,86.74,Pledge Payment
GFT-001618,DNR-00860,FND-003,CAM-003,2024-05-31,657.79,Cash
GFT-001619,DNR-00777,FND-001,CAM-001,2025-12-05,665.19,Cash
GFT-001620,DNR-00554,FND-002,CAM-006,2023-12-06,307.66,Cash
GFT-001621,DNR-01124,FND-007,,2024-02-11,566.62,Cash
GFT-001622,DNR-00183,FND-006,CAM-003,2025-05-05,37.89,Cash
GFT-001623,DNR-00300,FND-004,CAM-002,2025-01-10,707.27,Cash
GFT-001624,DNR-00201,FND-007,CAM-001,2023-07-21,275.27,Cash
GFT-001625,DNR-00216,FND-002,,2025-08-14,92.23,Cash
GFT-001626,DNR-00628,FND-008,,2026-06-13,83.03,Pledge Payment
GFT-001627,DNR-00715,FND-005,CAM-006,2026-06-18,1063.86,Cash
GFT-001628,DNR-00203,FND-001,,2025-01-06,450.81,Stock
GFT-001629,DNR-00798,FND-003,CAM-003,2025-04-12,153.71,Stock
GFT-001630,DNR-01130,FND-007,CAM-005,2026-06-23,37.47,Cash
GFT-001631,DNR-00531,FND-001,CAM-006,2024-03-18,754.21,Cash
GFT-001632,DNR-00259,FND-003,CAM-004,2024-05-14,53.63,Pledge Payment
GFT-001633,DNR-00109,FND-006,CAM-001,2024-12-29,121.26,Pledge Payment
GFT-001634,DNR-00938,FND-003,CAM-005,2025-11-03,153.48,Cash
GFT-001635,DNR-00960,FND-005,CAM-002,2025-06-24,81.75,Cash
GFT-001636,DNR-01067,FND-004,CAM-002,2025-11-23,146.21,Cash
GFT-001637,DNR-00626,FND-007,CAM-003,2023-12-26,179.87,Cash
GFT-001638,DNR-00163,FND-999,CAM-001,2024-01-01,143.0,Cash
GFT-001639,DNR-00339,FND-001,,2024-01-08,257.62,Stock
GFT-001640,DNR-01135,FND-008,,2025-02-05,1117.64,Pledge Payment
GFT-001641,DNR-01042,FND-003,CAM-005,2025-11-15,39.28,Cash
GFT-001642,DNR-01055,FND-002,CAM-004,2026-04-15,215.62,Matching Gift
GFT-001643,DNR-00390,FND-001,CAM-004,2023-07-29,54.21,Pledge Payment
GFT-001644,DNR-00707,FND-004,CAM-006,2026-06-29,35.71,Cash
GFT-001645,DNR-00919,FND-003,CAM-006,2023-09-25,515.44,Cash
GFT-001646,DNR-00359,FND-002,CAM-003,2024-10-03,236.82,Cash
GFT-001647,DNR-01053,FND-006,,2024-03-30,33.58,Pledge Payment
GFT-001648,DNR-01015,FND-007,,2025-11-12,146.07,Matching Gift
GFT-001649,DNR-00232,FND-006,CAM-001,2025-08-03,23.85,Matching Gift
GFT-001650,DNR-00595,FND-005,CAM-005,2024-02-27,68.08,Cash
GFT-001651,DNR-00543,FND-004,,2025-02-21,16.19,Matching Gift
GFT-001652,DNR-00446,FND-005,CAM-006,2025-09-14,151.66,Pledge Payment
GFT-001653,DNR-00949,FND-008,,2023-09-11,388.44,Cash
GFT-001654,DNR-00013,FND-008,CAM-003,2025-06-28,344.06,Cash
GFT-001655,DNR-00725,FND-002,,2025-03-03,117.64,Pledge Payment
GFT-001656,DNR-00382,FND-007,CAM-003,2025-06-16,545.55,Matching Gift
GFT-001657,DNR-00208,FND-007,CAM-005,2023-07-19,839.49,Stock
GFT-001658,DNR-00174,FND-003,CAM-004,2024-08-08,396.08,Stock
GFT-001659,DNR-00999,FND-001,,2024-03-10,98.32,Cash
GFT-001660,DNR-00464,FND-008,CAM-004,2024-11-24,157.11,Pledge Payment
GFT-001661,DNR-00613,FND-006,CAM-004,2025-08-05,1070.9,Cash
GFT-001662,DNR-01099,FND-005,,2024-07-08,127.2,Pledge Payment
GFT-001663,DNR-00900,FND-003,,2025-12-15,345.33,Cash
GFT-001664,DNR-00889,FND-001,CAM-003,2025-06-24,80.6,Cash
GFT-001665,DNR-00227,FND-004,CAM-002,2024-08-10,550.28,Cash
GFT-001666,DNR-00274,FND-007,CAM-004,2023-09-21,71.56,Cash
GFT-001667,DNR-00065,FND-003,CAM-001,2025-05-09,164.65,Cash
GFT-001668,DNR-00545,FND-002,CAM-004,2026-03-08,331.34,Stock
GFT-001669,DNR-01127,FND-008,,2026-03-28,1395.56,Cash
GFT-001670,DNR-00819,FND-007,,2025-04-26,231.98,Cash
GFT-001671,DNR-00221,FND-001,,2024-02-10,135.79,Cash
GFT-001672,DNR-00705,FND-001,CAM-001,2024-05-14,125.21,Cash
GFT-001673,DNR-00701,FND-007,,2023-10-15,521.3,Pledge Payment
GFT-001674,DNR-00984,FND-005,CAM-002,2025-12-06,301.49,Cash
GFT-001675,DNR-00170,FND-007,CAM-001,2026-03-22,379.44,Pledge Payment
GFT-001676,DNR-01048,FND-003,CAM-001,2024-05-08,973.44,Pledge Payment
GFT-001677,DNR-00236,FND-005,CAM-001,2025-01-26,193.66,Cash
GFT-001678,DNR-00407,FND-008,,2025-11-25,277.87,Pledge Payment
GFT-001679,DNR-00372,FND-004,,2026-04-24,123.42,Stock
GFT-001680,DNR-00247,FND-003,CAM-004,2024-10-12,77.49,Pledge Payment
GFT-001681,DNR-00561,FND-004,,2023-09-17,94.0,Stock
GFT-001682,DNR-00037,FND-004,,2025-11-20,13.07,Cash
GFT-001683,DNR-00779,FND-007,CAM-006,2023-10-13,327.47,Cash
GFT-001684,DNR-00474,FND-004,CAM-003,2025-03-19,290.33,Cash
GFT-001685,DNR-00982,FND-001,CAM-006,2025-11-19,319.52,Cash
GFT-001686,DNR-00106,FND-005,,2025-11-21,72.41,Pledge Payment
GFT-001687,DNR-00745,FND-005,CAM-003,2025-01-02,95.71,Cash
GFT-001688,DNR-00506,FND-006,,2025-11-03,92.52,Cash
GFT-001689,DNR-00084,FND-001,,2024-07-07,619.26,Pledge Payment
GFT-001690,DNR-00435,FND-005,CAM-005,2025-04-19,222.53,Cash
GFT-001691,DNR-00207,FND-007,,2025-01-24,191.38,Cash
GFT-001692,DNR-01007,FND-006,CAM-003,2024-11-28,422.3,Cash
GFT-001693,DNR-00229,FND-002,,2025-03-15,92.85,Cash
GFT-001694,DNR-00679,FND-006,CAM-003,2024-03-23,270.27,Cash
GFT-001695,DNR-00762,FND-004,CAM-002,2026-06-18,1663.71,Cash
GFT-001696,DNR-01197,FND-007,,2024-09-03,749.73,Cash
GFT-001697,DNR-00268,FND-002,,2024-02-03,265.69,Pledge Payment
GFT-001698,DNR-00396,FND-008,,2024-07-25,199.41,Matching Gift
GFT-001699,DNR-01120,FND-006,CAM-002,2023-12-01,316.36,Cash
GFT-001700,DNR-00414,FND-003,,2026-02-26,890.73,Pledge Payment
GFT-001701,DNR-00393,FND-007,CAM-006,2024-03-18,811.45,Cash
GFT-001702,DNR-01148,FND-006,CAM-003,2024-11-29,1101.77,Cash
GFT-001703,DNR-00241,FND-007,,2026-01-04,236.79,Cash
GFT-001704,DNR-00859,FND-001,,2026-03-15,18.35,Stock
GFT-001705,DNR-00265,FND-005,,2025-01-12,1503.86,Cash
GFT-001706,DNR-00390,FND-007,CAM-005,2023-11-02,77.32,Cash
GFT-001707,DNR-01052,FND-002,,2026-06-25,20.63,Matching Gift
GFT-001708,DNR-01044,FND-007,CAM-006,2025-12-13,414.14,Matching Gift
GFT-001709,DNR-00821,FND-005,CAM-001,2025-09-07,18.7,Pledge Payment
GFT-001710,DNR-00008,FND-003,CAM-001,2024-07-11,187.04,Cash
GFT-001711,DNR-01051,FND-008,CAM-006,2023-07-19,18.44,Matching Gift
GFT-001712,DNR-00531,FND-005,CAM-001,2026-06-10,127.44,Cash
GFT-001713,DNR-00550,FND-002,,2025-02-26,1105.13,Cash
GFT-001714,DNR-00094,FND-004,CAM-002,2024-10-01,269.54,Cash
GFT-001715,DNR-00304,FND-005,,2023-09-19,184.9,Pledge Payment
GFT-001716,DNR-00106,FND-004,CAM-001,2025-01-04,304.87,Cash
GFT-001717,DNR-00238,FND-001,CAM-003,2026-06-29,9.26,Cash
GFT-001718,DNR-00665,FND-002,CAM-006,2025-07-25,90.66,Cash
GFT-001719,DNR-00274,FND-007,CAM-002,2024-12-22,105.94,Cash
GFT-001720,DNR-00118,FND-001,CAM-003,2025-04-25,363.82,Cash
GFT-001721,DNR-00573,FND-003,CAM-002,2024-09-22,61.34,Cash
GFT-001722,DNR-01101,FND-002,CAM-004,2023-08-02,225.55,Cash
GFT-001723,DNR-01129,FND-004,CAM-005,2024-12-09,166.17,Stock
GFT-001724,DNR-00665,FND-005,CAM-001,2024-09-24,95.87,Cash
GFT-001725,DNR-00319,FND-008,CAM-001,2025-09-17,102.57,Cash
GFT-001726,DNR-00755,FND-003,CAM-005,2025-12-05,164.53,Pledge Payment
GFT-001727,DNR-01016,FND-003,CAM-005,2024-01-08,23.64,Cash
GFT-001728,DNR-00361,FND-004,CAM-005,2024-07-13,429.21,Cash
GFT-001729,DNR-00578,FND-001,CAM-002,2024-07-04,76.76,Pledge Payment
GFT-001730,DNR-00364,FND-007,CAM-001,2024-05-29,136.21,Matching Gift
GFT-001731,DNR-00294,FND-002,CAM-004,2023-11-20,1051.94,Cash
GFT-001732,DNR-00932,FND-007,,2024-11-14,438.05,Pledge Payment
GFT-001733,DNR-00282,FND-001,,2026-06-13,51.1,Pledge Payment
GFT-001734,DNR-00787,FND-001,,2025-08-12,7.98,Cash
GFT-001735,DNR-00090,FND-003,CAM-001,2023-07-28,320.1,Cash
GFT-001736,DNR-00549,FND-003,,2023-12-19,142.07,Cash
GFT-001737,DNR-00218,FND-006,,2023-07-20,227.06,Cash
GFT-001738,DNR-00286,FND-008,CAM-005,2024-08-18,420.93,Cash
GFT-001739,DNR-00630,FND-006,CAM-005,2024-05-30,505.57,Pledge Payment
GFT-001740,DNR-00500,FND-001,CAM-006,2024-05-12,114.82,Cash
GFT-001741,DNR-01114,FND-002,,2024-12-29,161.62,Pledge Payment
GFT-001742,DNR-00211,FND-005,,2023-09-30,279.4,Cash
GFT-001743,DNR-00851,FND-003,,2026-05-13,300.76,Pledge Payment
GFT-001744,DNR-00050,FND-004,CAM-004,2024-10-02,224.6,Cash
GFT-001745,DNR-00302,FND-006,CAM-002,2025-08-28,905.44,Cash
GFT-001746,DNR-00788,FND-002,CAM-005,2024-10-05,296.93,Stock
GFT-001747,DNR-00226,FND-004,,2024-06-12,413.6,Pledge Payment
GFT-001748,DNR-00732,FND-002,CAM-003,2025-01-28,246.46,Cash
GFT-001749,DNR-00739,FND-002,,2024-02-28,60.89,Matching Gift
GFT-001750,DNR-00365,FND-007,CAM-006,2024-05-05,90.36,Pledge Payment
GFT-001751,DNR-00372,FND-007,,2025-05-16,49.0,Cash
GFT-001752,DNR-00588,FND-006,,2025-03-09,577.89,Pledge Payment
GFT-001753,DNR-01023,FND-006,CAM-002,2025-01-06,33.4,Pledge Payment
GFT-001754,DNR-00005,FND-003,,2023-12-04,154.56,Cash
GFT-001755,DNR-00303,FND-007,CAM-005,2025-04-16,121.58,Cash
GFT-001756,DNR-00138,FND-002,CAM-004,2026-03-06,19.92,Matching Gift
GFT-001757,DNR-00297,FND-002,CAM-003,2025-01-21,118.25,Cash
GFT-001758,DNR-00373,FND-007,CAM-003,2024-03-18,129.52,Pledge Payment
GFT-001759,DNR-01013,FND-007,CAM-005,2025-04-14,1148.88,Cash
GFT-001760,DNR-00683,FND-003,CAM-001,2025-10-25,22.14,Cash
GFT-001761,DNR-00858,FND-008,CAM-006,2025-08-23,766.84,Stock
GFT-001762,DNR-01009,FND-004,CAM-004,2026-06-28,141.63,Cash
GFT-001763,DNR-01190,FND-007,CAM-006,2023-12-19,466.63,Cash
GFT-001764,DNR-00179,FND-004,CAM-003,2024-09-22,197.9,Stock
GFT-001765,DNR-00417,FND-001,CAM-003,2023-07-06,54.14,Matching Gift
GFT-001766,DNR-00274,FND-002,,2026-02-25,864.85,Cash
GFT-001767,DNR-00740,FND-003,CAM-002,2025-06-15,705.02,Pledge Payment
GFT-001768,DNR-00296,FND-007,CAM-001,2026-01-28,58.26,Matching Gift
GFT-001769,DNR-00460,FND-001,,2024-09-04,348.99,Pledge Payment
GFT-001770,DNR-00294,FND-007,,2024-02-26,94.74,Cash
GFT-001771,DNR-00762,FND-001,,2025-11-16,34.8,Cash
GFT-001772,DNR-00977,FND-003,,2023-11-29,76.96,Matching Gift
GFT-001773,DNR-00749,FND-003,,2024-04-26,801.26,Matching Gift
GFT-001774,DNR-00158,FND-001,CAM-004,2024-11-13,480.49,Cash
GFT-001775,DNR-00374,FND-008,,2024-05-02,131.15,Stock
GFT-001776,DNR-00614,FND-008,CAM-004,2026-06-15,806.13,Cash
GFT-001777,DNR-00910,FND-001,CAM-002,2025-05-21,639.47,Cash
GFT-001778,DNR-00320,FND-001,,2024-02-13,77.08,Pledge Payment
GFT-001779,DNR-01031,FND-003,,2024-06-20,1088.55,Cash
GFT-001780,DNR-00868,FND-008,CAM-006,2025-09-19,120.31,Cash
GFT-001781,DNR-01172,FND-005,CAM-001,2024-12-10,138.8,Cash
GFT-001782,DNR-00322,FND-005,,2025-11-14,22.67,Cash
GFT-001783,DNR-00774,FND-003,CAM-001,2026-06-03,92.91,Pledge Payment
GFT-001784,DNR-00115,FND-004,CAM-004,2025-09-28,155.86,Stock
GFT-001785,DNR-01146,FND-002,CAM-005,2024-07-11,254.28,Pledge Payment
GFT-001786,DNR-00642,FND-007,CAM-004,2026-03-04,54.32,Cash
GFT-001787,DNR-00112,FND-006,CAM-004,2024-06-02,80.74,Cash
GFT-001788,DNR-00553,FND-002,,2024-08-02,1120.83,Cash
GFT-001789,DNR-00743,FND-006,,2023-12-07,588.4,Cash
GFT-001790,DNR-00578,FND-003,CAM-006,2024-11-02,734.42,Cash
GFT-001791,DNR-00134,FND-004,,2024-02-04,170.46,Cash
GFT-001792,DNR-00385,FND-004,,2025-03-25,262.89,Matching Gift
GFT-001793,DNR-00552,FND-002,,2024-11-04,358.09,Pledge Payment
GFT-001794,DNR-00094,FND-001,CAM-003,2026-03-17,1099.04,Stock
GFT-001795,DNR-00633,FND-001,CAM-003,2024-01-07,34.1,Cash
GFT-001796,DNR-00816,FND-004,CAM-003,2025-01-29,10.04,Matching Gift
GFT-001797,DNR-00729,FND-003,,2025-09-08,102.9,Stock
GFT-001798,DNR-00835,FND-002,CAM-006,2025-05-09,236.96,Cash
GFT-001799,DNR-00049,FND-007,CAM-005,2024-05-03,199.28,Cash
GFT-001800,DNR-00595,FND-003,,2023-09-15,79.71,Stock
GFT-001801,DNR-00162,FND-002,CAM-001,2026-02-03,323.5,Pledge Payment
GFT-001802,DNR-00289,FND-003,CAM-006,2024-09-14,107.22,Cash
GFT-001803,DNR-01072,FND-006,CAM-005,2026-05-23,183.85,Cash
GFT-001804,DNR-00695,FND-005,CAM-003,2024-03-25,307.3,Cash
GFT-001805,DNR-00082,FND-007,CAM-001,2025-11-29,112.61,Cash
GFT-001806,DNR-00154,FND-003,CAM-005,2024-08-31,434.07,Cash
GFT-001807,DNR-00031,FND-003,CAM-002,2024-01-16,536.47,Cash
GFT-001808,DNR-01022,FND-002,CAM-005,2023-12-26,82.83,Cash
GFT-001809,DNR-00348,FND-005,,2025-04-03,106.42,Matching Gift
GFT-001810,DNR-00574,FND-006,CAM-003,2023-11-17,62.62,Cash
GFT-001811,DNR-00146,FND-003,CAM-005,2023-12-30,179.43,Cash
GFT-001812,DNR-00970,FND-005,CAM-005,2024-12-10,254.09,Stock
GFT-001813,DNR-00254,FND-008,,2024-04-13,1332.42,Matching Gift
GFT-001814,DNR-00588,FND-007,CAM-004,2025-07-14,124.32,Cash
GFT-001815,DNR-00903,FND-006,CAM-006,2024-03-21,246.21,Cash
GFT-001816,DNR-00766,FND-002,CAM-004,2025-04-03,103.53,Cash
GFT-001817,DNR-00922,FND-005,,2026-05-02,107.06,Cash
GFT-001818,DNR-00502,FND-001,,2023-10-25,269.19,Pledge Payment
GFT-001819,DNR-00596,FND-007,,2024-02-01,114.63,Pledge Payment
GFT-001820,DNR-00150,FND-004,CAM-004,2025-09-25,169.11,Cash
GFT-001821,DNR-00192,FND-006,CAM-005,2026-02-01,280.17,Cash
GFT-001822,DNR-01096,FND-008,,2026-02-14,242.23,Cash
GFT-001823,DNR-00370,FND-002,CAM-004,2023-12-23,13.12,Stock
GFT-001824,DNR-00409,FND-007,CAM-003,2025-12-04,105.06,Stock
GFT-001825,DNR-00650,FND-006,CAM-005,2023-11-10,606.09,Matching Gift
GFT-001826,DNR-00976,FND-002,CAM-002,2024-09-08,32.39,Matching Gift
GFT-001827,DNR-00079,FND-003,CAM-005,2026-01-16,6.63,Cash
GFT-001828,DNR-00438,FND-006,,2024-04-24,339.78,Matching Gift
GFT-001829,DNR-00128,FND-006,CAM-004,2025-08-17,236.99,Cash
GFT-001830,DNR-00438,FND-001,CAM-001,2026-02-24,54.64,Cash
GFT-001831,DNR-00867,FND-005,CAM-002,2023-08-16,204.71,Cash
GFT-001832,DNR-00172,FND-003,,2024-06-25,91.02,Cash
GFT-001833,DNR-00830,FND-002,CAM-002,2025-01-11,312.15,Cash
GFT-001834,DNR-00860,FND-004,CAM-002,2026-01-10,7.85,Cash
GFT-001835,DNR-00111,FND-002,CAM-004,2024-07-11,136.73,Matching Gift
GFT-001836,DNR-00609,FND-003,CAM-001,2025-05-31,100.3,Matching Gift
GFT-001837,DNR-00859,FND-008,CAM-005,2025-06-15,435.99,Matching Gift
GFT-001838,DNR-00895,FND-006,CAM-004,2024-05-25,23.45,Cash
GFT-001839,DNR-01149,FND-004,,2023-07-21,190.57,Cash
GFT-001840,DNR-00664,FND-006,,2024-04-22,335.01,Cash
GFT-001841,DNR-00940,FND-003,CAM-005,2024-05-04,1397.32,Pledge Payment
GFT-001842,DNR-00233,FND-007,CAM-002,2025-04-09,106.7,Matching Gift
GFT-001843,DNR-00008,FND-008,,2026-06-01,259.02,Cash
GFT-001844,DNR-01185,FND-002,,2026-01-06,24.92,Cash
GFT-001845,DNR-00385,FND-007,CAM-006,2024-09-20,180.17,Pledge Payment
GFT-001846,DNR-00774,FND-004,CAM-003,2024-06-05,662.73,Cash
GFT-001847,DNR-00392,FND-001,CAM-003,2024-09-02,1416.15,Cash
GFT-001848,DNR-00034,FND-005,CAM-002,2025-07-15,287.63,Matching Gift
GFT-001849,DNR-00256,FND-008,CAM-005,2026-04-24,32.2,Pledge Payment
GFT-001850,DNR-00841,FND-006,CAM-003,2025-10-25,805.23,Cash
GFT-001851,DNR-01072,FND-006,,2025-11-19,32.48,Cash
GFT-001852,DNR-00940,FND-007,CAM-003,2024-06-25,49.53,Pledge Payment
GFT-001853,DNR-01133,FND-003,CAM-006,2024-06-27,896.59,Pledge Payment
GFT-001854,DNR-00782,FND-005,CAM-004,2025-12-09,166.33,Cash
GFT-001855,DNR-00204,FND-002,,2025-01-31,94.74,Cash
GFT-001856,DNR-00034,FND-007,,2023-12-31,390.94,Cash
GFT-001857,DNR-01116,FND-002,CAM-005,2026-04-12,217.18,Cash
GFT-001858,DNR-01191,FND-001,CAM-002,2026-04-26,2030.11,Matching Gift
GFT-001859,DNR-00434,FND-004,CAM-005,2025-11-08,591.63,Cash
GFT-001860,DNR-00235,FND-004,CAM-005,2025-08-19,228.55,Pledge Payment
GFT-001861,DNR-00719,FND-008,CAM-004,2024-03-11,234.45,Pledge Payment
GFT-001862,DNR-00016,FND-006,CAM-001,2025-09-18,566.22,Cash
GFT-001863,DNR-00581,FND-005,CAM-002,2026-05-05,163.88,Cash
GFT-001864,DNR-00850,FND-004,,2025-03-21,68.27,Stock
GFT-001865,DNR-00067,FND-001,,2025-10-27,417.99,Matching Gift
GFT-001866,DNR-00767,FND-006,CAM-003,2024-05-10,131.51,Cash
GFT-001867,DNR-01172,FND-007,CAM-001,2024-06-14,249.63,Pledge Payment
GFT-001868,DNR-00395,FND-007,,2025-09-09,20.18,Cash
GFT-001869,DNR-00264,FND-007,,2025-11-25,156.75,Cash
GFT-001870,DNR-00652,FND-003,CAM-004,2025-10-03,101.89,Cash
GFT-001871,DNR-00204,FND-003,CAM-006,2024-10-16,19.61,Cash
GFT-001872,DNR-01182,FND-007,CAM-002,2024-02-28,162.16,Cash
GFT-001873,DNR-00661,FND-004,,2024-05-21,168.18,Cash
GFT-001874,DNR-00053,FND-007,,2024-01-08,270.53,Pledge Payment
GFT-001875,DNR-00057,FND-002,CAM-004,2024-05-09,648.93,Pledge Payment
GFT-001876,DNR-00268,FND-008,CAM-003,2023-08-21,528.7,Cash
GFT-001877,DNR-00491,FND-004,CAM-002,2024-07-17,109.57,Pledge Payment
GFT-001878,DNR-01097,FND-004,CAM-004,2024-07-31,222.35,Pledge Payment
GFT-001879,DNR-00106,FND-005,,2024-12-15,317.18,Cash
GFT-001880,DNR-00048,FND-002,,2024-04-20,112.92,Stock
GFT-001881,DNR-00252,FND-002,,2026-01-26,35.43,Cash
GFT-001882,DNR-00537,FND-003,,2025-01-29,144.13,Matching Gift
GFT-001883,DNR-01013,FND-006,CAM-001,2023-12-06,683.53,Cash
GFT-001884,DNR-00207,FND-008,,2025-09-08,33.79,Cash
GFT-001885,DNR-00151,FND-008,,2025-10-25,61.37,Cash
GFT-001886,DNR-00860,FND-007,CAM-003,2024-09-03,75.81,Cash
GFT-001887,DNR-00330,FND-003,CAM-002,2026-01-09,62.08,Cash
GFT-001888,DNR-00366,FND-001,,2023-07-21,392.98,Cash
GFT-001889,DNR-00711,FND-008,CAM-006,2025-06-02,90.65,Cash
GFT-001890,DNR-00325,FND-005,,2023-07-11,405.51,Cash
GFT-001891,DNR-00061,FND-001,CAM-006,2024-07-29,190.34,Pledge Payment
GFT-001892,DNR-00313,FND-004,CAM-003,2026-05-14,26.57,Stock
GFT-001893,DNR-00445,FND-001,CAM-003,2024-02-21,115.56,Pledge Payment
GFT-001894,DNR-00451,FND-002,,2024-04-09,548.13,Cash
GFT-001895,DNR-00561,FND-008,CAM-001,2024-12-30,214.85,Cash
GFT-001896,DNR-00714,FND-005,CAM-005,2024-01-05,125.18,Cash
GFT-001897,DNR-00894,FND-007,CAM-001,2026-04-11,693.89,Pledge Payment
GFT-001898,DNR-00355,FND-004,CAM-002,2024-11-24,55.46,Cash
GFT-001899,DNR-00211,FND-005,,2025-09-12,94.15,Cash
GFT-001900,DNR-01000,FND-007,CAM-005,2024-08-25,488.13,Pledge Payment
GFT-001901,DNR-00557,FND-006,,2025-11-14,383.56,Pledge Payment
GFT-001902,DNR-00880,FND-004,CAM-003,2025-08-23,50.95,Matching Gift
GFT-001903,DNR-00132,FND-008,,2025-08-04,305.01,Pledge Payment
GFT-001904,DNR-01048,FND-005,CAM-004,2023-09-08,89.11,Cash
GFT-001905,DNR-01087,FND-006,CAM-004,2025-02-21,18.73,Pledge Payment
GFT-001906,DNR-00235,FND-003,CAM-003,2023-08-31,127.86,Stock
GFT-001907,DNR-00381,FND-006,CAM-001,2025-11-26,1545.61,Cash
GFT-001908,DNR-00441,FND-006,CAM-003,2023-11-26,559.82,Cash
GFT-001909,DNR-00644,FND-002,,2024-04-23,172.07,Cash
GFT-001910,DNR-00023,FND-006,CAM-001,2025-04-13,31.8,Cash
GFT-001911,DNR-01163,FND-006,CAM-001,2026-02-08,19.3,Cash
GFT-001912,DNR-00790,FND-005,CAM-001,2023-11-13,190.99,Cash
GFT-001913,DNR-00446,FND-002,CAM-006,2026-06-14,282.77,Cash
GFT-001914,DNR-00154,FND-007,CAM-004,2025-01-20,398.4,Pledge Payment
GFT-001915,DNR-00656,FND-004,CAM-001,2025-04-11,347.44,Cash
GFT-001916,DNR-01012,FND-008,,2023-10-10,383.08,Pledge Payment
GFT-001917,DNR-00863,FND-002,,2025-01-13,245.74,Pledge Payment
GFT-001918,DNR-00351,FND-006,CAM-004,2026-01-13,675.21,Cash
GFT-001919,DNR-01181,FND-001,CAM-002,2024-10-27,101.68,Pledge Payment
GFT-001920,DNR-01180,FND-001,CAM-005,2023-08-06,187.85,Cash
GFT-001921,DNR-00269,FND-007,,2025-02-02,26.67,Cash
GFT-001922,DNR-01081,FND-001,CAM-003,2026-06-27,99.42,Cash
GFT-001923,DNR-00143,FND-008,,2023-08-03,541.26,Cash
GFT-001924,DNR-00617,FND-005,CAM-003,2025-10-28,368.93,Cash
GFT-001925,DNR-00820,FND-002,CAM-006,2025-06-08,13.35,Cash
GFT-001926,DNR-01012,FND-001,CAM-004,2025-04-02,1713.47,Pledge Payment
GFT-001927,DNR-00931,FND-008,,2025-03-03,215.47,Pledge Payment
GFT-001928,DNR-00211,FND-001,CAM-001,2025-08-04,220.04,Cash
GFT-001929,DNR-00022,FND-003,,2023-10-06,92.92,Cash
GFT-001930,DNR-00893,FND-004,,2025-04-22,116.19,Cash
GFT-001931,DNR-00392,FND-006,CAM-006,2023-12-28,212.81,Stock
GFT-001932,DNR-00108,FND-005,,2023-07-11,345.1,Pledge Payment
GFT-001933,DNR-00099,FND-005,,2024-02-12,258.99,Cash
GFT-001934,DNR-00675,FND-007,CAM-002,2024-12-22,100.89,Pledge Payment
GFT-001935,DNR-00283,FND-008,,2024-06-13,67.31,Matching Gift
GFT-001936,DNR-00654,FND-003,CAM-004,2024-03-15,62.76,Cash
GFT-001937,DNR-00251,FND-004,CAM-005,2026-01-01,594.7,Stock
GFT-001938,DNR-00575,FND-006,CAM-005,2026-03-30,511.36,Matching Gift
GFT-001939,DNR-00189,FND-005,CAM-002,2024-10-05,309.83,Pledge Payment
GFT-001940,DNR-00723,FND-004,CAM-001,2023-12-17,589.41,Cash
GFT-001941,DNR-00154,FND-008,,2023-12-07,157.95,Cash
GFT-001942,DNR-00027,FND-004,CAM-005,2024-09-08,460.16,Cash
GFT-001943,DNR-00385,FND-008,,2025-08-27,328.65,Cash
GFT-001944,DNR-00428,FND-006,CAM-002,2025-05-28,475.22,Cash
GFT-001945,DNR-00316,FND-002,,2026-01-15,56.58,Matching Gift
GFT-001946,DNR-00745,FND-007,CAM-005,2024-09-21,11.61,Pledge Payment
GFT-001947,DNR-00416,FND-007,CAM-001,2026-05-17,241.84,Cash
GFT-001948,DNR-00570,FND-007,,2023-11-18,21.23,Matching Gift
GFT-001949,DNR-01183,FND-002,,2025-03-21,123.23,Cash
GFT-001950,DNR-00220,FND-002,CAM-001,2026-01-30,15.8,Pledge Payment
GFT-001951,DNR-00944,FND-003,CAM-002,2023-08-03,721.22,Cash
GFT-001952,DNR-00976,FND-008,CAM-003,2023-08-28,513.09,Cash
GFT-001953,DNR-00243,FND-002,CAM-003,2024-12-25,266.51,Cash
GFT-001954,DNR-00435,FND-003,CAM-004,2025-11-30,71.61,Pledge Payment
GFT-001955,DNR-00883,FND-006,,2026-04-24,25.55,Cash
GFT-001956,DNR-00559,FND-006,,2025-12-20,15.59,Pledge Payment
GFT-001957,DNR-00784,FND-007,CAM-001,2023-10-09,98.65,Cash
GFT-001958,DNR-00388,FND-007,,2025-02-22,389.73,Stock
GFT-001959,DNR-01085,FND-008,CAM-006,2025-01-16,124.63,Pledge Payment
GFT-001960,DNR-00224,FND-001,CAM-001,2025-12-04,314.24,Cash
GFT-001961,DNR-00450,FND-002,,2024-02-13,332.64,Cash
GFT-001962,DNR-01179,FND-005,CAM-001,2023-09-12,383.08,Stock
GFT-001963,DNR-01090,FND-002,CAM-002,2023-11-12,21.53,Cash
GFT-001964,DNR-00829,FND-007,CAM-004,2024-10-06,78.45,Cash
GFT-001965,DNR-00451,FND-005,CAM-005,2024-01-24,307.61,Cash
GFT-001966,DNR-00351,FND-004,CAM-003,2024-08-25,940.47,Cash
GFT-001967,DNR-00590,FND-001,,2025-02-09,642.03,Cash
GFT-001968,DNR-01031,FND-008,CAM-002,2024-07-14,251.2,Cash
GFT-001969,DNR-00349,FND-006,,2024-10-31,731.0,Cash
GFT-001970,DNR-00384,FND-006,CAM-005,2024-06-06,249.04,Cash
GFT-001971,DNR-00027,FND-008,CAM-004,2024-04-16,32.9,Cash
GFT-001972,DNR-00043,FND-003,CAM-002,2025-05-15,375.5,Pledge Payment
GFT-001973,DNR-00350,FND-001,CAM-003,2023-12-05,670.12,Pledge Payment
GFT-001974,DNR-01195,FND-001,CAM-005,2026-02-25,1386.17,Pledge Payment
GFT-001975,DNR-00968,FND-002,,2024-11-18,95.77,Cash
GFT-001976,DNR-01162,FND-005,CAM-001,2023-08-05,50.8,Cash
GFT-001977,DNR-01031,FND-003,,2026-06-10,461.78,Matching Gift
GFT-001978,DNR-00205,FND-005,CAM-003,2024-01-09,286.99,Pledge Payment
GFT-001979,DNR-01005,FND-006,CAM-006,2026-01-12,258.66,Pledge Payment
GFT-001980,DNR-00997,FND-005,CAM-003,2024-12-09,744.12,Pledge Payment
GFT-001981,DNR-00028,FND-006,CAM-002,2026-01-25,459.61,Cash
GFT-001982,DNR-01061,FND-008,,2025-05-14,319.09,Pledge Payment
GFT-001983,DNR-01064,FND-001,,2025-01-03,109.15,Pledge Payment
GFT-001984,DNR-00452,FND-003,CAM-003,2025-10-18,416.64,Cash
GFT-001985,DNR-00064,FND-004,CAM-004,2026-04-15,48.72,Pledge Payment
GFT-001986,DNR-00423,FND-002,CAM-001,2025-07-06,248.24,Cash
GFT-001987,DNR-00222,FND-005,CAM-006,2025-08-12,174.63,Matching Gift
GFT-001988,DNR-01080,FND-003,CAM-002,2026-01-06,31.37,Cash
GFT-001989,DNR-00679,FND-007,CAM-004,2025-06-14,287.95,Cash
GFT-001990,DNR-00634,FND-004,,2025-01-16,95.99,Matching Gift
GFT-001991,DNR-00704,FND-002,CAM-004,2026-05-31,280.05,Cash
GFT-001992,DNR-01161,FND-006,CAM-002,2026-01-17,63.22,Cash
GFT-001993,DNR-00018,FND-008,,2024-02-11,465.16,Pledge Payment
GFT-001994,DNR-00308,FND-005,CAM-006,2026-02-10,1147.24,Cash
GFT-001995,DNR-00622,FND-008,CAM-002,2024-05-29,16.67,Matching Gift
GFT-001996,DNR-00604,FND-001,CAM-005,2023-11-10,48.73,Cash
GFT-001997,DNR-00446,FND-005,,2023-09-22,63.14,Pledge Payment
GFT-001998,DNR-01001,FND-005,,2023-10-17,40.95,Cash
GFT-001999,DNR-00722,FND-001,,2025-11-28,143.24,Stock
GFT-002000,DNR-00283,FND-006,CAM-002,2024-11-26,275.16,Cash
GFT-002001,DNR-01149,FND-003,,2026-04-24,387.42,Cash
GFT-002002,DNR-00293,FND-004,CAM-004,2025-01-05,242.79,Matching Gift
GFT-002003,DNR-00596,FND-004,,2023-12-13,373.73,Pledge Payment
GFT-002004,DNR-00727,FND-004,CAM-004,2026-02-24,167.92,Cash
GFT-002005,DNR-00818,FND-002,CAM-002,2025-11-12,94.82,Cash
GFT-002006,DNR-00637,FND-003,CAM-004,2025-03-10,64.77,Cash
GFT-002007,DNR-01185,FND-003,CAM-001,2025-04-21,149.05,Pledge Payment
GFT-002008,DNR-00278,FND-007,CAM-006,2024-11-24,66.41,Cash
GFT-002009,DNR-00617,FND-005,,2024-08-12,265.91,Cash
GFT-002010,DNR-01161,FND-008,CAM-006,2025-02-28,67.52,Cash
GFT-002011,DNR-00770,FND-007,,2024-07-10,106.01,Pledge Payment
GFT-002012,DNR-01079,FND-008,CAM-003,2024-04-09,590.97,Cash
GFT-002013,DNR-00733,FND-008,CAM-003,2026-04-27,663.91,Pledge Payment
GFT-002014,DNR-00956,FND-007,CAM-004,2025-11-22,638.25,Cash
GFT-002015,DNR-00057,FND-001,CAM-004,2026-01-30,170.99,Stock
GFT-002016,DNR-00288,FND-005,CAM-001,2023-12-29,98.88,Pledge Payment
GFT-002017,DNR-00765,FND-003,CAM-006,2026-05-14,314.48,Pledge Payment
GFT-002018,DNR-00110,FND-007,,2025-02-20,68.97,Matching Gift
GFT-002019,DNR-00013,FND-008,CAM-006,2025-10-03,410.22,Cash
GFT-002020,DNR-00112,FND-002,,2026-01-28,89.9,Pledge Payment
GFT-002021,DNR-00220,FND-006,,2025-01-04,142.49,Pledge Payment
GFT-002022,DNR-01159,FND-008,CAM-003,2025-02-15,421.1,Cash
GFT-002023,DNR-00249,FND-001,CAM-001,2023-11-02,24.45,Pledge Payment
GFT-002024,DNR-00296,FND-008,,2026-05-23,93.93,Matching Gift
GFT-002025,DNR-00317,FND-005,CAM-002,2024-09-30,272.39,Cash
GFT-002026,DNR-00994,FND-004,,2023-07-14,344.72,Cash
GFT-002027,DNR-00001,FND-003,,2023-11-15,284.75,Pledge Payment
GFT-002028,DNR-00199,FND-004,CAM-001,2026-05-30,140.59,Pledge Payment
GFT-002029,DNR-00971,FND-001,CAM-006,2024-01-29,473.48,Cash
GFT-002030,DNR-00801,FND-001,,2025-12-25,62.63,Cash
GFT-002031,DNR-00829,FND-008,,2025-03-06,59.97,Stock
GFT-002032,DNR-01120,FND-005,CAM-005,2024-10-24,269.4,Cash
GFT-002033,DNR-00886,FND-003,,2024-03-09,55.86,Pledge Payment
GFT-002034,DNR-00291,FND-004,,2024-07-13,1201.04,Cash
GFT-002035,DNR-01120,FND-004,CAM-005,2026-05-13,433.13,Matching Gift
GFT-002036,DNR-00594,FND-005,,2026-03-10,96.77,Cash
GFT-002037,DNR-00753,FND-005,CAM-004,2026-04-05,462.99,Matching Gift
GFT-002038,DNR-00220,FND-008,CAM-004,2025-08-29,46.89,Matching Gift
GFT-002039,DNR-00304,FND-001,CAM-002,2025-11-17,895.45,Cash
GFT-002040,DNR-00247,FND-007,,2026-01-22,184.12,Matching Gift
GFT-002041,DNR-00070,FND-008,,2025-03-12,94.06,Cash
GFT-002042,DNR-00286,FND-008,CAM-005,2025-06-26,130.44,Stock
GFT-002043,DNR-00019,FND-003,CAM-003,2025-01-18,79.5,Cash
GFT-002044,DNR-01031,FND-004,CAM-003,2026-04-21,142.07,Matching Gift
GFT-002045,DNR-00800,FND-002,,2026-06-10,49.67,Cash
GFT-002046,DNR-00721,FND-006,CAM-005,2024-05-06,1342.92,Matching Gift
GFT-002047,DNR-00571,FND-005,CAM-004,2024-04-12,97.22,Cash
GFT-002048,DNR-00991,FND-007,CAM-005,2023-11-17,452.5,Cash
GFT-002049,DNR-01180,FND-005,,2024-07-04,228.24,Matching Gift
GFT-002050,DNR-DUP005,FND-006,CAM-004,2025-04-24,61.38,Cash
GFT-002051,DNR-00093,FND-001,,2023-11-16,147.37,Pledge Payment
GFT-002052,DNR-00198,FND-002,CAM-005,2024-10-17,673.46,Pledge Payment
GFT-002053,DNR-00663,FND-004,CAM-001,2026-03-02,109.33,Pledge Payment
GFT-002054,DNR-00357,FND-007,CAM-004,2024-02-01,55.27,Cash
GFT-002055,DNR-00127,FND-005,,2023-11-09,330.42,Matching Gift
GFT-002056,DNR-00150,FND-008,CAM-003,2023-09-15,16.63,Cash
GFT-002057,DNR-00357,FND-006,,2023-08-30,133.58,Pledge Payment
GFT-002058,DNR-00774,FND-003,CAM-006,2026-01-06,750.25,Pledge Payment
GFT-002059,DNR-00401,FND-005,CAM-005,2024-08-13,142.94,Pledge Payment
GFT-002060,DNR-00586,FND-004,CAM-001,2025-12-13,508.38,Pledge Payment
GFT-002061,DNR-00889,FND-004,,2024-05-27,54.52,Cash
GFT-002062,DNR-00198,FND-004,,2023-08-19,137.13,Cash
GFT-002063,DNR-00011,FND-006,CAM-004,2024-04-13,124.0,Cash
GFT-002064,DNR-00698,FND-003,CAM-006,2023-11-25,310.5,Pledge Payment
GFT-002065,DNR-00390,FND-004,CAM-005,2026-04-12,195.32,Cash
GFT-002066,DNR-00722,FND-006,CAM-006,2026-04-21,19.65,Matching Gift
GFT-002067,DNR-00138,FND-008,CAM-004,2024-04-08,885.49,Cash
GFT-002068,DNR-00146,FND-002,,2025-08-09,103.17,Cash
GFT-002069,DNR-00611,FND-002,,2026-05-25,192.76,Cash
GFT-002070,DNR-00473,FND-001,CAM-006,2026-04-17,128.94,Cash
GFT-002071,DNR-00047,FND-004,CAM-002,2025-05-08,177.99,Pledge Payment
GFT-002072,DNR-00800,FND-006,,2024-11-26,161.35,Cash
GFT-002073,DNR-00590,FND-002,CAM-006,2024-05-19,68.3,Stock
GFT-002074,DNR-01061,FND-005,CAM-004,2024-11-06,423.68,Pledge Payment
GFT-002075,DNR-01119,FND-002,CAM-005,2023-10-25,87.02,Pledge Payment
GFT-002076,DNR-00062,FND-001,CAM-003,2024-12-20,80.94,Stock
GFT-002077,DNR-00535,FND-004,CAM-003,2025-11-10,33.13,Stock
GFT-002078,DNR-00286,FND-004,CAM-006,2023-10-30,100.16,Pledge Payment
GFT-002079,DNR-00128,FND-004,CAM-005,2025-05-06,85.87,Cash
GFT-002080,DNR-01155,FND-001,CAM-003,2023-11-27,7.35,Pledge Payment
GFT-002081,DNR-00853,FND-002,CAM-006,2023-11-22,19.71,Pledge Payment
GFT-002082,DNR-00266,FND-005,,2026-03-07,8.04,Matching Gift
GFT-002083,DNR-00073,FND-008,CAM-006,2024-01-30,141.43,Pledge Payment
GFT-002084,DNR-00718,FND-007,CAM-005,2024-10-04,835.41,Pledge Payment
GFT-002085,DNR-00467,FND-001,,2025-03-13,39.17,Cash
GFT-002086,DNR-00402,FND-007,,2023-08-23,174.51,Cash
GFT-002087,DNR-00107,FND-007,CAM-004,2026-03-14,137.9,Matching Gift
GFT-002088,DNR-00881,FND-007,CAM-006,2024-03-13,361.14,Cash
GFT-002089,DNR-00237,FND-008,,2024-04-08,392.99,Cash
GFT-002090,DNR-00721,FND-004,CAM-003,2025-07-23,1939.96,Cash
GFT-002091,DNR-00119,FND-004,CAM-001,2025-12-11,237.62,Cash
GFT-002092,DNR-DUP005,FND-001,CAM-001,2024-01-05,75.0,Pledge Payment
GFT-002093,DNR-01099,FND-001,,2025-10-23,97.31,Cash
GFT-002094,DNR-00117,FND-002,,2024-11-23,107.94,Matching Gift
GFT-002095,DNR-00899,FND-003,CAM-002,2024-03-16,89.49,Cash
GFT-002096,DNR-00644,FND-006,CAM-001,2023-09-28,1132.17,Cash
GFT-002097,DNR-00266,FND-007,CAM-005,2025-02-18,371.5,Cash
GFT-002098,DNR-00158,FND-002,CAM-002,2024-03-07,30.13,Matching Gift
GFT-002099,DNR-01014,FND-006,CAM-001,2024-08-25,307.44,Cash
GFT-002100,DNR-00620,FND-006,CAM-006,2025-12-25,56.79,Pledge Payment
GFT-002101,DNR-00501,FND-005,CAM-003,2025-02-19,388.4,Pledge Payment
GFT-002102,DNR-00214,FND-001,CAM-003,2026-04-27,611.81,Stock
GFT-002103,DNR-00996,FND-005,,2025-10-19,140.55,Cash
GFT-002104,DNR-00281,FND-004,CAM-002,2024-08-20,96.15,Matching Gift
GFT-002105,DNR-00252,FND-006,,2024-09-04,914.28,Pledge Payment
GFT-002106,DNR-00482,FND-008,CAM-005,2023-09-12,83.98,Cash
GFT-002107,DNR-00044,FND-008,,2024-02-19,75.51,Cash
GFT-002108,DNR-00570,FND-007,CAM-002,2025-01-04,63.75,Cash
GFT-002109,DNR-00123,FND-005,CAM-004,2023-12-21,165.51,Cash
GFT-002110,DNR-00039,FND-007,CAM-004,2026-04-10,236.84,Cash
GFT-002111,DNR-00091,FND-004,CAM-001,2025-12-26,516.17,Cash
GFT-002112,DNR-00378,FND-007,CAM-006,2025-08-15,323.63,Cash
GFT-002113,DNR-00625,FND-001,CAM-006,2023-10-16,317.72,Cash
GFT-002114,DNR-00054,FND-006,CAM-002,2025-06-12,734.97,Pledge Payment
GFT-002115,DNR-00057,FND-006,CAM-004,2024-09-16,60.82,Pledge Payment
GFT-002116,DNR-00117,FND-002,CAM-006,2025-11-22,36.98,Stock
GFT-002117,DNR-00589,FND-008,CAM-004,2025-09-02,342.1,Cash
GFT-002118,DNR-00533,FND-003,CAM-004,2026-05-28,157.35,Pledge Payment
GFT-002119,DNR-00488,FND-003,,2026-02-12,518.43,Matching Gift
GFT-002120,DNR-00562,FND-002,CAM-001,2025-01-25,173.71,Cash
GFT-002121,DNR-00692,FND-007,,2025-02-25,92.83,Stock
GFT-002122,DNR-00741,FND-005,CAM-002,2025-01-12,347.85,Stock
GFT-002123,DNR-00255,FND-005,CAM-003,2023-07-26,198.23,Cash
GFT-002124,DNR-00367,FND-008,CAM-005,2024-12-23,173.87,Cash
GFT-002125,DNR-00901,FND-001,CAM-005,2023-08-05,2507.92,Pledge Payment
GFT-002126,DNR-00735,FND-008,CAM-006,2023-09-14,666.93,Cash
GFT-002127,DNR-00837,FND-001,,2024-09-19,401.46,Pledge Payment
GFT-002128,DNR-01130,FND-006,,2025-01-17,204.99,Stock
GFT-002129,DNR-00369,FND-005,CAM-002,2025-12-19,186.57,Cash
GFT-002130,DNR-01014,FND-003,CAM-001,2024-12-13,129.81,Cash
GFT-002131,DNR-00301,FND-001,CAM-001,2024-06-22,228.53,Cash
GFT-002132,DNR-00079,FND-003,CAM-006,2024-02-20,105.92,Pledge Payment
GFT-002133,DNR-01188,FND-006,,2025-12-18,49.02,Pledge Payment
GFT-002134,DNR-00125,FND-005,CAM-002,2024-10-09,171.59,Cash
GFT-002135,DNR-00724,FND-001,CAM-001,2023-08-03,249.65,Cash
GFT-002136,DNR-00224,FND-002,CAM-006,2025-06-16,519.89,Matching Gift
GFT-002137,DNR-00232,FND-002,CAM-001,2025-12-25,75.95,Pledge Payment
GFT-002138,DNR-00668,FND-006,CAM-004,2024-08-21,188.18,Cash
GFT-002139,DNR-00874,FND-005,,2023-11-24,320.78,Matching Gift
GFT-002140,DNR-00669,FND-006,CAM-003,2023-08-20,312.74,Cash
GFT-002141,DNR-00768,FND-008,CAM-002,2025-10-13,1058.67,Cash
GFT-002142,DNR-00329,FND-006,,2023-09-02,132.48,Cash
GFT-002143,DNR-00308,FND-001,,2025-02-15,69.75,Cash
GFT-002144,DNR-00642,FND-006,CAM-001,2024-09-06,201.86,Stock
GFT-002145,DNR-01194,FND-001,,2025-08-14,139.84,Stock
GFT-002146,DNR-00161,FND-002,CAM-001,2025-08-19,115.87,Cash
GFT-002147,DNR-01177,FND-007,CAM-006,2026-04-27,100.66,Pledge Payment
GFT-002148,DNR-01081,FND-001,CAM-005,2024-03-05,250.75,Cash
GFT-002149,DNR-01066,FND-008,CAM-003,2026-06-09,87.19,Pledge Payment
GFT-002150,DNR-00400,FND-005,CAM-001,2025-01-02,401.05,Cash
GFT-002151,DNR-00498,FND-006,CAM-001,2025-05-04,379.61,Cash
GFT-002152,DNR-00645,FND-002,CAM-001,2026-01-19,276.61,Stock
GFT-002153,DNR-00840,FND-006,,2025-12-28,60.71,Cash
GFT-002154,DNR-01148,FND-002,CAM-003,2025-06-20,238.53,Cash
GFT-002155,DNR-00472,FND-008,CAM-004,2026-03-18,562.48,Cash
GFT-002156,DNR-01167,FND-003,CAM-006,2024-10-13,435.45,Cash
GFT-002157,DNR-00835,FND-003,CAM-002,2024-11-13,368.76,Cash
GFT-002158,DNR-00700,FND-006,,2025-02-07,185.18,Cash
GFT-002159,DNR-00837,FND-007,CAM-006,2023-12-14,176.5,Cash
GFT-002160,DNR-01180,FND-008,CAM-001,2024-04-29,680.41,Cash
GFT-002161,DNR-00930,FND-001,,2024-07-03,246.41,Cash
GFT-002162,DNR-00858,FND-005,CAM-006,2024-03-04,249.81,Cash
GFT-002163,DNR-00207,FND-003,,2026-02-17,3754.61,Cash
GFT-002164,DNR-00050,FND-003,,2025-11-30,129.52,Pledge Payment
GFT-002165,DNR-01055,FND-007,CAM-004,2024-03-28,18.19,Cash
GFT-002166,DNR-00262,FND-007,CAM-006,2025-06-25,150.31,Cash
GFT-002167,DNR-00601,FND-002,CAM-003,2024-11-06,159.8,Cash
GFT-002168,DNR-DUP011,FND-002,,2025-05-20,242.43,Cash
GFT-002169,DNR-00727,FND-008,CAM-004,2023-11-29,309.45,Pledge Payment
GFT-002170,DNR-00893,FND-005,CAM-005,2026-01-07,21.24,Cash
GFT-002171,DNR-00376,FND-002,,2024-04-01,316.63,Cash
GFT-002172,DNR-DUP014,FND-006,CAM-005,2023-07-16,170.18,Cash
GFT-002173,DNR-00657,FND-008,,2025-08-15,135.77,Pledge Payment
GFT-002174,DNR-DUP004,FND-005,,2026-05-07,31.33,Cash
GFT-002175,DNR-00609,FND-008,CAM-003,2024-10-18,871.34,Cash
GFT-002176,DNR-01156,FND-007,CAM-002,2023-10-07,114.28,Pledge Payment
GFT-002177,DNR-00787,FND-006,,2025-04-22,374.43,Cash
GFT-002178,DNR-00086,FND-004,CAM-004,2024-04-19,74.86,Stock
GFT-002179,DNR-00570,FND-006,,2026-05-29,254.19,Cash
GFT-002180,DNR-00584,FND-003,,2025-06-11,138.03,Pledge Payment
GFT-002181,DNR-00561,FND-008,CAM-005,2025-02-09,361.54,Cash
GFT-002182,DNR-00347,FND-005,CAM-002,2024-10-01,133.29,Cash
GFT-002183,DNR-00475,FND-005,,2024-02-03,71.5,Cash
GFT-002184,DNR-00424,FND-999,,2024-01-13,178.48,Matching Gift
GFT-002185,DNR-01106,FND-004,,2023-09-20,169.2,Matching Gift
GFT-002186,DNR-00053,FND-006,CAM-001,2026-03-27,236.36,Cash
GFT-002187,DNR-01170,FND-007,CAM-005,2025-01-28,500.63,Pledge Payment
GFT-002188,DNR-00259,FND-008,CAM-002,2026-06-01,57.07,Matching Gift
GFT-002189,DNR-00246,FND-008,CAM-004,2024-02-10,471.37,Cash
GFT-002190,DNR-00539,FND-002,,2026-04-06,49.16,Cash
GFT-002191,DNR-00239,FND-006,,2025-01-21,346.07,Cash
GFT-002192,DNR-00153,FND-006,,2024-09-28,358.42,Cash
GFT-002193,DNR-00687,FND-005,CAM-005,2026-05-04,108.27,Cash
GFT-002194,DNR-00152,FND-006,,2026-05-16,78.68,Pledge Payment
GFT-002195,DNR-00206,FND-006,CAM-001,2025-12-04,74.66,Cash
GFT-002196,DNR-00017,FND-004,,2023-09-11,197.01,Cash
GFT-002197,DNR-00451,FND-004,CAM-002,2025-08-09,385.35,Pledge Payment
GFT-002198,DNR-00311,FND-008,,2026-02-17,155.12,Stock
GFT-002199,DNR-00579,FND-003,CAM-001,2026-04-13,16.51,Cash
GFT-002200,DNR-01058,FND-004,,2023-12-29,101.25,Stock
GFT-002201,DNR-00138,FND-008,CAM-006,2025-12-06,97.71,Cash
GFT-002202,DNR-00365,FND-001,CAM-004,2024-08-31,307.14,Cash
GFT-002203,DNR-00779,FND-004,CAM-003,2024-12-20,325.1,Pledge Payment
GFT-002204,DNR-01087,FND-003,CAM-002,2026-03-18,213.53,Cash
GFT-002205,DNR-00599,FND-008,CAM-005,2024-10-17,472.4,Cash
GFT-002206,DNR-00732,FND-008,CAM-002,2025-09-11,514.76,Stock
GFT-002207,DNR-00449,FND-002,CAM-002,2024-01-14,107.41,Cash
GFT-002208,DNR-00916,FND-006,CAM-001,2025-11-06,73.06,Cash
GFT-002209,DNR-00238,FND-003,CAM-005,2025-11-17,166.76,Cash
GFT-002210,DNR-00233,FND-006,CAM-004,2025-04-14,28.41,Matching Gift
GFT-002211,DNR-00991,FND-008,CAM-004,2024-03-19,213.07,Cash
GFT-002212,DNR-00060,FND-005,CAM-002,2024-10-23,102.07,Stock
GFT-002213,DNR-00441,FND-007,,2026-05-05,5348.37,Pledge Payment
GFT-002214,DNR-00536,FND-006,CAM-004,2025-04-22,809.27,Cash
GFT-002215,DNR-00906,FND-007,CAM-004,2025-09-09,92.87,Pledge Payment
GFT-002216,DNR-00112,FND-005,CAM-005,2024-12-15,59.39,Cash
GFT-002217,DNR-00696,FND-001,CAM-002,2024-09-21,85.67,Cash
GFT-002218,DNR-00840,FND-004,,2026-01-02,525.64,Cash
GFT-002219,DNR-00226,FND-006,,2024-08-26,540.86,Pledge Payment
GFT-002220,DNR-00044,FND-007,,2023-08-10,821.64,Matching Gift
GFT-002221,DNR-00723,FND-002,,2025-05-13,70.98,Cash
GFT-002222,DNR-00432,FND-006,CAM-006,2026-05-28,305.79,Stock
GFT-002223,DNR-00322,FND-007,CAM-001,2024-08-10,77.56,Matching Gift
GFT-002224,DNR-00331,FND-006,CAM-003,2025-02-14,1064.73,Pledge Payment
GFT-002225,DNR-00442,FND-004,,2025-10-24,73.38,Cash
GFT-002226,DNR-00042,FND-002,CAM-006,2023-09-12,47.41,Cash
GFT-002227,DNR-00994,FND-001,,2025-09-22,56.22,Cash
GFT-002228,DNR-00618,FND-001,CAM-001,2025-01-30,179.32,Cash
GFT-002229,DNR-00070,FND-005,,2024-11-18,379.18,Cash
GFT-002230,DNR-00821,FND-003,CAM-002,2025-08-12,352.19,Cash
GFT-002231,DNR-00157,FND-002,CAM-006,2023-12-21,58.55,Pledge Payment
GFT-002232,DNR-00042,FND-001,CAM-006,2025-10-28,120.23,Pledge Payment
GFT-002233,DNR-00196,FND-007,CAM-001,2024-05-06,104.98,Cash
GFT-002234,DNR-00663,FND-007,CAM-006,2025-03-31,50.97,Pledge Payment
GFT-002235,DNR-00619,FND-005,CAM-005,2023-08-17,102.51,Pledge Payment
GFT-002236,DNR-00205,FND-005,CAM-005,2024-08-19,778.84,Matching Gift
GFT-002237,DNR-00597,FND-007,,2025-08-10,44.74,Cash
GFT-002238,DNR-00833,FND-005,CAM-005,2024-09-28,228.73,Stock
GFT-002239,DNR-01093,FND-004,CAM-004,2025-02-02,801.29,Stock
GFT-002240,DNR-01018,FND-007,CAM-003,2023-08-05,751.46,Stock
GFT-002241,DNR-00927,FND-004,,2024-02-07,1130.15,Pledge Payment
GFT-002242,DNR-00476,FND-008,CAM-003,2025-09-21,253.6,Pledge Payment
GFT-002243,DNR-01154,FND-002,CAM-002,2026-03-03,296.53,Pledge Payment
GFT-002244,DNR-00295,FND-002,,2025-05-11,104.44,Cash
GFT-002245,DNR-00426,FND-008,CAM-001,2024-06-11,43.83,Cash
GFT-002246,DNR-00290,FND-007,CAM-005,2023-12-19,154.84,Cash
GFT-002247,DNR-01161,FND-004,,2026-06-06,605.59,Pledge Payment
GFT-002248,DNR-00517,FND-007,CAM-002,2026-04-06,16.27,Pledge Payment
GFT-002249,DNR-00309,FND-001,CAM-003,2025-05-22,109.32,Cash
GFT-002250,DNR-00012,FND-005,CAM-001,2025-10-10,329.55,Stock
GFT-002251,DNR-01118,FND-008,CAM-003,2026-03-27,181.9,Matching Gift
GFT-002252,DNR-00660,FND-008,CAM-005,2024-10-25,701.34,Cash
GFT-002253,DNR-01137,FND-002,,2026-05-19,534.3,Cash
GFT-002254,DNR-00159,FND-007,,2025-11-18,38.86,Matching Gift
GFT-002255,DNR-00332,FND-002,,2023-07-28,198.56,Pledge Payment
GFT-002256,DNR-00897,FND-002,,2024-08-08,81.37,Pledge Payment
GFT-002257,DNR-01015,FND-003,CAM-006,2025-11-15,80.34,Stock
GFT-002258,DNR-00287,FND-007,CAM-004,2026-03-24,41.76,Cash
GFT-002259,DNR-00608,FND-002,CAM-004,2023-07-19,236.09,Pledge Payment
GFT-002260,DNR-00556,FND-006,CAM-003,2025-02-22,719.42,Pledge Payment
GFT-002261,DNR-00290,FND-005,CAM-006,2024-06-04,259.7,Stock
GFT-002262,DNR-00761,FND-005,CAM-005,2024-08-22,39.32,Cash
GFT-002263,DNR-00432,FND-006,,2026-02-02,171.28,Cash
GFT-002264,DNR-01074,FND-008,,2024-06-01,315.26,Cash
GFT-002265,DNR-00853,FND-003,,2025-04-11,158.27,Stock
GFT-002266,DNR-00138,FND-001,CAM-002,2026-02-18,254.67,Stock
GFT-002267,DNR-00409,FND-002,CAM-006,2024-07-19,88.12,Pledge Payment
GFT-002268,DNR-00678,FND-002,,2026-01-25,139.87,Cash
GFT-002269,DNR-00321,FND-002,CAM-003,2026-02-14,131.12,Cash
GFT-002270,DNR-00707,FND-001,CAM-001,2024-10-05,896.08,Pledge Payment
GFT-002271,DNR-00583,FND-007,CAM-002,2025-01-13,59.78,Cash
GFT-002272,DNR-00826,FND-005,CAM-006,2025-07-22,18.27,Cash
GFT-002273,DNR-00159,FND-003,,2024-08-18,825.77,Cash
GFT-002274,DNR-00574,FND-003,CAM-002,2024-09-16,205.9,Cash
GFT-002275,DNR-00260,FND-007,CAM-003,2024-01-26,48.53,Cash
GFT-002276,DNR-00970,FND-004,,2025-01-18,480.96,Matching Gift
GFT-002277,DNR-00475,FND-004,,2023-07-06,337.42,Pledge Payment
GFT-002278,DNR-00294,FND-003,CAM-005,2024-04-26,1095.95,Cash
GFT-002279,DNR-00663,FND-002,,2023-07-01,224.05,Cash
GFT-002280,DNR-01048,FND-008,CAM-004,2024-04-06,2518.25,Cash
GFT-002281,DNR-00670,FND-005,CAM-006,2026-02-21,159.77,Cash
GFT-002282,DNR-00494,FND-007,CAM-004,2024-02-26,338.14,Cash
GFT-002283,DNR-00972,FND-006,CAM-002,2025-08-28,396.45,Cash
GFT-002284,DNR-00650,FND-002,CAM-001,2026-06-04,5564.72,Pledge Payment
GFT-002285,DNR-00569,FND-003,CAM-004,2024-06-05,113.73,Cash
GFT-002286,DNR-01004,FND-005,,2025-12-21,110.08,Cash
GFT-002287,DNR-00714,FND-003,,2025-12-08,405.9,Pledge Payment
GFT-002288,DNR-00955,FND-006,CAM-004,2025-07-18,44.63,Stock
GFT-002289,DNR-01147,FND-004,CAM-004,2024-09-10,80.83,Cash
GFT-002290,DNR-00367,FND-001,CAM-001,2025-08-05,155.14,Matching Gift
GFT-002291,DNR-00740,FND-004,,2025-12-22,1051.69,Cash
GFT-002292,DNR-00673,FND-002,CAM-003,2025-03-27,406.22,Cash
GFT-002293,DNR-01030,FND-001,CAM-002,2024-12-01,197.21,Matching Gift
GFT-002294,DNR-00564,FND-008,CAM-004,2023-09-07,103.24,Matching Gift
GFT-002295,DNR-00519,FND-005,,2023-09-28,17.9,Matching Gift
GFT-002296,DNR-00965,FND-008,CAM-005,2023-09-01,1713.68,Pledge Payment
GFT-002297,DNR-00970,FND-002,,2024-06-20,170.09,Cash
GFT-002298,DNR-00060,FND-003,,2025-07-26,80.75,Cash
GFT-002299,DNR-00170,FND-007,,2024-03-26,2218.96,Cash
GFT-002300,DNR-00909,FND-001,CAM-003,2023-10-23,46.62,Cash
GFT-002301,DNR-01115,FND-005,CAM-001,2024-01-16,747.61,Pledge Payment
GFT-002302,DNR-00682,FND-006,,2023-08-04,184.19,Cash
GFT-002303,DNR-01058,FND-001,CAM-004,2025-07-20,405.09,Matching Gift
GFT-002304,DNR-00126,FND-002,CAM-001,2025-10-30,327.76,Stock
GFT-002305,DNR-00303,FND-005,,2026-04-23,398.34,Cash
GFT-002306,DNR-00909,FND-001,CAM-002,2024-06-18,2524.5,Cash
GFT-002307,DNR-01036,FND-007,,2024-08-10,2005.41,Pledge Payment
GFT-002308,DNR-00638,FND-005,CAM-006,2023-07-07,85.17,Pledge Payment
GFT-002309,DNR-00242,FND-006,CAM-005,2025-06-18,313.88,Cash
GFT-002310,DNR-01160,FND-008,,2023-12-24,28.18,Cash
GFT-002311,DNR-00186,FND-003,,2024-02-24,450.73,Matching Gift
GFT-002312,DNR-00651,FND-001,,2024-07-15,588.86,Cash
GFT-002313,DNR-00446,FND-006,CAM-005,2023-07-22,18.51,Cash
GFT-002314,DNR-00506,FND-005,CAM-001,2023-12-14,176.93,Stock
GFT-002315,DNR-00636,FND-001,CAM-004,2024-03-28,404.22,Cash
GFT-002316,DNR-00365,FND-005,,2025-02-07,266.74,Stock
GFT-002317,DNR-00848,FND-004,CAM-001,2025-04-07,47.55,Cash
GFT-002318,DNR-00409,FND-003,CAM-002,2025-01-09,52.79,Matching Gift
GFT-002319,DNR-00901,FND-005,,2024-12-13,155.65,Stock
GFT-002320,DNR-00728,FND-006,CAM-003,2026-03-30,113.72,Cash
GFT-002321,DNR-00921,FND-003,,2026-06-06,125.37,Cash
GFT-002322,DNR-00319,FND-004,CAM-004,2025-08-28,41.46,Matching Gift
GFT-002323,DNR-00592,FND-004,CAM-003,2025-06-10,187.64,Matching Gift
GFT-002324,DNR-01130,FND-005,,2026-04-27,1062.45,Cash
GFT-002325,DNR-00432,FND-005,CAM-001,2026-05-17,49.56,Matching Gift
GFT-002326,DNR-00535,FND-001,,2026-02-12,142.36,Pledge Payment
GFT-002327,DNR-00382,FND-008,,2026-05-24,354.42,Pledge Payment
GFT-002328,DNR-DUP001,FND-006,CAM-003,2026-02-11,32.76,Matching Gift
GFT-002329,DNR-DUP005,FND-001,CAM-003,2025-08-12,189.69,Pledge Payment
GFT-002330,DNR-00735,FND-001,,2024-01-31,567.29,Pledge Payment
GFT-002331,DNR-00974,FND-006,CAM-003,2025-11-10,60.77,Cash
GFT-002332,DNR-00384,FND-006,CAM-002,2024-01-22,210.51,Cash
GFT-002333,DNR-00957,FND-003,,2024-05-29,519.01,Matching Gift
GFT-002334,DNR-00935,FND-007,CAM-004,2025-12-16,2338.21,Cash
GFT-002335,DNR-00499,FND-005,CAM-003,2026-02-24,198.93,Stock
GFT-002336,DNR-00989,FND-007,CAM-002,2025-05-22,82.69,Matching Gift
GFT-002337,DNR-00480,FND-002,CAM-004,2023-09-21,24.46,Matching Gift
GFT-002338,DNR-00552,FND-007,,2025-11-19,83.4,Cash
GFT-002339,DNR-01049,FND-003,CAM-002,2024-05-31,39.21,Cash
GFT-002340,DNR-00407,FND-003,,2026-06-08,1181.47,Cash
GFT-002341,DNR-00111,FND-002,CAM-002,2025-05-13,482.06,Matching Gift
GFT-002342,DNR-00709,FND-008,CAM-004,2024-04-15,52.78,Cash
GFT-002343,DNR-00944,FND-001,,2024-06-03,77.98,Matching Gift
GFT-002344,DNR-00353,FND-005,CAM-002,2024-08-14,195.37,Pledge Payment
GFT-002345,DNR-00379,FND-004,CAM-001,2023-12-12,562.08,Pledge Payment
GFT-002346,DNR-00185,FND-004,,2025-12-11,314.77,Matching Gift
GFT-002347,DNR-00011,FND-008,,2025-08-05,281.54,Cash
GFT-002348,DNR-00205,FND-008,CAM-006,2025-06-05,226.29,Cash
GFT-002349,DNR-00436,FND-008,CAM-004,2025-09-15,55.64,Pledge Payment
GFT-002350,DNR-00498,FND-002,CAM-004,2026-02-04,198.18,Cash
GFT-002351,DNR-00652,FND-003,CAM-004,2024-03-20,173.49,Matching Gift
GFT-002352,DNR-00580,FND-007,CAM-004,2025-04-30,38.68,Cash
GFT-002353,DNR-00147,FND-006,CAM-005,2026-06-28,1142.19,Pledge Payment
GFT-002354,DNR-00455,FND-003,CAM-001,2023-08-25,94.78,Cash
GFT-002355,DNR-00742,FND-006,CAM-006,2025-07-25,39.7,Matching Gift
GFT-002356,DNR-00816,FND-002,CAM-001,2023-07-04,112.19,Cash
GFT-002357,DNR-01024,FND-004,,2024-04-08,136.54,Cash
GFT-002358,DNR-00619,FND-007,,2024-09-05,167.91,Pledge Payment
GFT-002359,DNR-00787,FND-003,CAM-004,2025-05-26,134.14,Cash
GFT-002360,DNR-00584,FND-005,CAM-004,2024-05-04,178.45,Stock
GFT-002361,DNR-00072,FND-005,CAM-004,2026-03-11,213.7,Stock
GFT-002362,DNR-00335,FND-007,CAM-006,2024-07-02,201.87,Pledge Payment
GFT-002363,DNR-00953,FND-002,CAM-003,2024-02-03,279.19,Cash
GFT-002364,DNR-00829,FND-001,,2024-01-24,298.55,Cash
GFT-002365,DNR-00264,FND-007,CAM-005,2025-04-14,307.19,Matching Gift
GFT-002366,DNR-00996,FND-007,CAM-004,2023-07-24,404.17,Cash
GFT-002367,DNR-00621,FND-007,CAM-002,2023-10-20,84.64,Pledge Payment
GFT-002368,DNR-00923,FND-006,CAM-005,2024-02-23,87.8,Cash
GFT-002369,DNR-01096,FND-006,,2025-05-17,565.25,Pledge Payment
GFT-002370,DNR-00869,FND-007,,2024-07-01,115.79,Matching Gift
GFT-002371,DNR-00015,FND-006,CAM-002,2024-05-03,158.11,Pledge Payment
GFT-002372,DNR-01055,FND-008,CAM-004,2024-08-08,143.66,Stock
GFT-002373,DNR-00952,FND-005,,2023-10-08,2215.89,Cash
GFT-002374,DNR-01003,FND-008,CAM-003,2024-03-05,70.99,Stock
GFT-002375,DNR-00757,FND-005,CAM-004,2023-10-11,69.67,Pledge Payment
GFT-002376,DNR-00607,FND-001,CAM-006,2025-05-22,179.12,Cash
GFT-002377,DNR-00367,FND-005,CAM-003,2024-12-29,148.03,Cash
GFT-002378,DNR-00036,FND-008,CAM-003,2025-11-01,52.29,Cash
GFT-002379,DNR-00073,FND-002,CAM-003,2025-03-01,163.83,Pledge Payment
GFT-002380,DNR-01089,FND-007,CAM-001,2023-09-13,184.5,Pledge Payment
GFT-002381,DNR-00173,FND-002,,2024-06-23,104.18,Pledge Payment
GFT-002382,DNR-01011,FND-007,CAM-002,2024-04-22,153.6,Matching Gift
GFT-002383,DNR-00939,FND-004,CAM-006,2025-06-07,78.04,Cash
GFT-002384,DNR-00084,FND-002,CAM-003,2026-01-24,52.41,Pledge Payment
GFT-002385,DNR-00079,FND-003,,2025-08-02,114.88,Pledge Payment
GFT-002386,DNR-01050,FND-002,CAM-003,2025-08-21,60.66,Pledge Payment
GFT-002387,DNR-00866,FND-007,,2025-03-10,43.3,Pledge Payment
GFT-002388,DNR-00527,FND-002,CAM-004,2024-07-11,23.61,Cash
GFT-002389,DNR-00393,FND-005,CAM-002,2024-02-24,230.56,Matching Gift
GFT-002390,DNR-01105,FND-004,,2026-05-18,110.95,Cash
GFT-002391,DNR-01175,FND-008,CAM-001,2025-08-05,569.34,Stock
GFT-002392,DNR-00563,FND-003,CAM-002,2025-12-11,21.1,Matching Gift
GFT-002393,DNR-00094,FND-007,,2026-04-23,120.8,Pledge Payment
GFT-002394,DNR-00559,FND-001,CAM-004,2025-02-03,229.34,Cash
GFT-002395,DNR-00039,FND-007,,2024-08-28,90.11,Cash
GFT-002396,DNR-00547,FND-008,CAM-003,2025-01-13,173.22,Pledge Payment
GFT-002397,DNR-00454,FND-004,,2024-01-15,23.78,Cash
GFT-002398,DNR-00453,FND-002,CAM-002,2025-04-25,113.12,Stock
GFT-002399,DNR-DUP004,FND-007,CAM-003,2026-01-29,71.44,Cash
GFT-002400,DNR-00975,FND-001,CAM-003,2025-09-04,501.82,Cash
GFT-002401,DNR-00655,FND-006,CAM-005,2025-05-28,213.66,Cash
GFT-002402,DNR-00947,FND-008,CAM-001,2024-05-06,423.19,Pledge Payment
GFT-002403,DNR-00349,FND-007,CAM-002,2026-06-25,649.25,Cash
GFT-002404,DNR-00067,FND-002,CAM-005,2025-10-03,103.9,Cash
GFT-002405,DNR-00171,FND-004,CAM-006,2025-06-07,203.95,Matching Gift
GFT-002406,DNR-00623,FND-005,CAM-003,2025-07-26,55.35,Cash
GFT-002407,DNR-00958,FND-001,,2026-01-10,269.46,Cash
GFT-002408,DNR-00721,FND-007,CAM-004,2024-06-06,315.68,Cash
GFT-002409,DNR-00582,FND-008,CAM-001,2023-08-17,249.65,Cash
GFT-002410,DNR-01101,FND-003,CAM-004,2025-08-07,103.78,Cash
GFT-002411,DNR-00199,FND-007,CAM-001,2024-03-09,1291.1,Cash
GFT-002412,DNR-00227,FND-005,,2024-09-05,183.97,Cash
GFT-002413,DNR-00822,FND-007,CAM-003,2024-05-21,4578.94,Stock
GFT-002414,DNR-00857,FND-005,CAM-003,2024-09-18,55.66,Cash
GFT-002415,DNR-00217,FND-006,CAM-006,2025-07-13,350.81,Pledge Payment
GFT-002416,DNR-00804,FND-004,CAM-004,2026-06-25,519.95,Pledge Payment
GFT-002417,DNR-00951,FND-005,CAM-005,2026-04-09,56.73,Pledge Payment
GFT-002418,DNR-00364,FND-007,CAM-002,2024-05-17,136.64,Cash
GFT-002419,DNR-01091,FND-006,CAM-005,2023-07-07,38.96,Matching Gift
GFT-002420,DNR-00202,FND-007,CAM-004,2024-06-17,680.5,Pledge Payment
GFT-002421,DNR-00841,FND-004,,2025-11-03,162.03,Pledge Payment
GFT-002422,DNR-00284,FND-002,CAM-004,2024-10-02,71.76,Pledge Payment
GFT-002423,DNR-00666,FND-004,,2023-08-16,528.09,Cash
GFT-002424,DNR-00187,FND-006,,2026-02-21,178.64,Cash
GFT-002425,DNR-01131,FND-004,,2025-09-05,446.44,Cash
GFT-002426,DNR-00756,FND-004,,2026-01-23,288.96,Stock
GFT-002427,DNR-00410,FND-006,,2026-02-22,62.65,Cash
GFT-002428,DNR-00133,FND-001,CAM-001,2025-02-20,100.24,Cash
GFT-002429,DNR-00941,FND-004,CAM-005,2026-01-30,73.74,Cash
GFT-002430,DNR-00363,FND-008,CAM-006,2024-11-07,52.08,Cash
GFT-002431,DNR-00679,FND-003,CAM-001,2024-02-13,30.27,Cash
GFT-002432,DNR-00144,FND-001,,2026-02-01,1677.15,Pledge Payment
GFT-002433,DNR-01065,FND-008,CAM-004,2025-10-10,244.61,Cash
GFT-002434,DNR-00855,FND-005,CAM-006,2023-11-22,286.92,Pledge Payment
GFT-002435,DNR-01094,FND-001,CAM-005,2024-03-04,602.64,Cash
GFT-002436,DNR-00123,FND-005,CAM-004,2026-03-11,99.22,Cash
GFT-002437,DNR-00745,FND-007,CAM-006,2023-09-20,41.7,Pledge Payment
GFT-002438,DNR-00878,FND-002,,2025-12-18,402.04,Cash
GFT-002439,DNR-00538,FND-002,,2024-04-24,48.44,Stock
GFT-002440,DNR-00846,FND-006,,2025-07-20,391.04,Cash
GFT-002441,DNR-00989,FND-004,CAM-002,2024-11-09,35.96,Cash
GFT-002442,DNR-00676,FND-002,CAM-005,2024-01-15,45.19,Cash
GFT-002443,DNR-00502,FND-005,CAM-003,2026-04-02,89.55,Pledge Payment
GFT-002444,DNR-00911,FND-006,CAM-005,2025-02-24,374.26,Stock
GFT-002445,DNR-01164,FND-005,,2024-12-10,1075.63,Pledge Payment
GFT-002446,DNR-00304,FND-005,,2024-04-12,286.41,Cash
GFT-002447,DNR-00760,FND-006,CAM-002,2024-09-25,93.16,Pledge Payment
GFT-002448,DNR-00325,FND-005,CAM-005,2025-03-20,493.47,Pledge Payment
GFT-002449,DNR-00604,FND-003,,2025-12-17,34.96,Cash
GFT-002450,DNR-00599,FND-007,CAM-002,2024-04-26,66.02,Stock
GFT-002451,DNR-00058,FND-004,CAM-002,2024-10-09,197.85,Pledge Payment
GFT-002452,DNR-01197,FND-001,CAM-002,2024-04-29,417.68,Matching Gift
GFT-002453,DNR-01042,FND-007,CAM-005,2025-07-15,144.09,Pledge Payment
GFT-002454,DNR-00705,FND-003,CAM-006,2024-06-13,128.52,Stock
GFT-002455,DNR-01072,FND-006,CAM-004,2025-04-04,136.59,Cash
GFT-002456,DNR-00347,FND-008,,2026-03-20,596.05,Cash
GFT-002457,DNR-00778,FND-001,,2026-03-18,78.66,Pledge Payment
GFT-002458,DNR-00461,FND-005,CAM-001,2025-06-01,61.77,Cash
GFT-002459,DNR-00308,FND-005,,2024-10-02,134.34,Pledge Payment
GFT-002460,DNR-00731,FND-008,CAM-005,2024-08-07,704.22,Cash
GFT-002461,DNR-01074,FND-004,CAM-001,2023-07-25,88.03,Matching Gift
GFT-002462,DNR-00068,FND-007,,2025-07-14,136.14,Stock
GFT-002463,DNR-01040,FND-002,CAM-002,2025-05-05,34.43,Matching Gift
GFT-002464,DNR-01102,FND-002,,2026-06-30,142.22,Cash
GFT-002465,DNR-01161,FND-004,CAM-001,2025-12-31,231.74,Matching Gift
GFT-002466,DNR-00375,FND-004,CAM-001,2024-12-06,48.51,Cash
GFT-002467,DNR-00364,FND-001,CAM-002,2026-01-20,597.42,Cash
GFT-002468,DNR-00188,FND-004,,2025-01-19,228.45,Matching Gift
GFT-002469,DNR-01071,FND-005,,2024-03-28,102.56,Matching Gift
GFT-002470,DNR-00467,FND-004,CAM-005,2024-08-29,230.35,Cash
GFT-002471,DNR-00202,FND-001,CAM-003,2026-02-05,305.87,Cash
GFT-002472,DNR-00403,FND-008,,2023-11-27,26.53,Cash
GFT-002473,DNR-00171,FND-008,CAM-001,2025-12-22,240.28,Matching Gift
GFT-002474,DNR-01111,FND-004,CAM-005,2024-01-21,673.6,Cash
GFT-002475,DNR-01166,FND-001,CAM-004,2025-03-06,77.56,Cash
GFT-002476,DNR-00907,FND-004,CAM-005,2024-02-14,104.82,Cash
GFT-002477,DNR-00516,FND-007,CAM-002,2023-07-02,123.73,Cash
GFT-002478,DNR-00362,FND-006,CAM-006,2026-04-04,423.22,Stock
GFT-002479,DNR-01054,FND-005,CAM-002,2026-03-16,56.87,Cash
GFT-002480,DNR-01090,FND-004,CAM-003,2024-12-23,290.21,Cash
GFT-002481,DNR-01150,FND-005,CAM-005,2025-01-14,126.16,Matching Gift
GFT-002482,DNR-00374,FND-008,,2024-02-14,1144.07,Cash
GFT-002483,DNR-01044,FND-008,CAM-005,2025-04-14,133.98,Cash
GFT-002484,DNR-00367,FND-002,CAM-004,2024-05-30,16.1,Cash
GFT-002485,DNR-00194,FND-008,CAM-003,2025-03-15,356.08,Matching Gift
GFT-002486,DNR-00397,FND-002,CAM-001,2024-07-09,273.97,Stock
GFT-002487,DNR-00630,FND-005,CAM-003,2024-09-09,217.96,Stock
GFT-002488,DNR-00967,FND-002,CAM-002,2026-06-21,650.98,Cash
GFT-002489,DNR-01170,FND-003,CAM-003,2024-09-03,30.11,Cash
GFT-002490,DNR-00394,FND-007,,2024-05-16,66.99,Cash
GFT-002491,DNR-00322,FND-006,CAM-006,2024-05-19,172.28,Cash
GFT-002492,DNR-00854,FND-005,CAM-001,2026-02-25,205.51,Cash
GFT-002493,DNR-00967,FND-005,CAM-003,2024-12-20,147.04,Cash
GFT-002494,DNR-00628,FND-006,CAM-003,2024-04-22,34.91,Pledge Payment
GFT-002495,DNR-00922,FND-005,CAM-004,2025-04-06,105.87,Cash
GFT-002496,DNR-00855,FND-001,CAM-004,2025-09-13,1040.89,Cash
GFT-002497,DNR-00838,FND-006,,2023-10-22,54.28,Cash
GFT-002498,DNR-00562,FND-001,CAM-001,2026-01-21,168.23,Matching Gift
GFT-002499,DNR-00525,FND-005,CAM-003,2024-08-31,291.43,Cash
GFT-002500,DNR-00660,FND-007,CAM-004,2023-08-18,408.97,Cash
GFT-002501,DNR-01143,FND-004,CAM-001,2025-04-28,354.11,Cash
GFT-002502,DNR-00902,FND-005,,2026-04-26,98.21,Cash
GFT-002503,DNR-00498,FND-003,CAM-003,2023-11-30,66.71,Matching Gift
GFT-002504,DNR-DUP014,FND-008,,2026-03-09,1156.3,Cash
GFT-002505,DNR-00998,FND-004,CAM-002,2025-09-06,457.84,Matching Gift
GFT-002506,DNR-00122,FND-002,,2025-08-07,185.96,Cash
GFT-002507,DNR-00566,FND-006,CAM-005,2025-06-01,801.21,Cash
GFT-002508,DNR-00228,FND-008,,2025-02-02,34.34,Matching Gift
GFT-002509,DNR-00665,FND-007,,2023-11-29,41.94,Pledge Payment
GFT-002510,DNR-DUP007,FND-005,CAM-001,2024-05-04,16.51,Cash
GFT-002511,DNR-00898,FND-004,CAM-003,2023-12-28,202.99,Cash
GFT-002512,DNR-01141,FND-005,,2024-12-15,213.64,Cash
GFT-002513,DNR-00140,FND-006,CAM-003,2024-04-13,38.39,Matching Gift
GFT-002514,DNR-00440,FND-003,CAM-003,2025-12-30,438.55,Pledge Payment
GFT-002515,DNR-00467,FND-008,CAM-003,2026-02-14,22.6,Cash
GFT-002516,DNR-00408,FND-005,CAM-002,2025-05-13,255.35,Cash
GFT-002517,DNR-00288,FND-002,CAM-004,2023-08-17,326.29,Cash
GFT-002518,DNR-00812,FND-008,,2025-11-22,200.38,Cash
GFT-002519,DNR-00124,FND-006,,2026-06-17,33.63,Stock
GFT-002520,DNR-00066,FND-006,CAM-006,2025-12-12,642.45,Cash
GFT-002521,DNR-00579,FND-006,,2026-04-03,101.58,Pledge Payment
GFT-002522,DNR-01158,FND-002,CAM-006,2023-12-02,101.91,Cash
GFT-002523,DNR-01090,FND-003,CAM-006,2024-02-16,83.07,Cash
GFT-002524,DNR-01176,FND-008,CAM-001,2023-12-27,368.36,Cash
GFT-002525,DNR-00883,FND-005,CAM-005,2023-11-27,96.8,Cash
GFT-002526,DNR-00312,FND-006,,2026-01-10,49.55,Cash
GFT-002527,DNR-01179,FND-006,CAM-005,2024-07-07,501.99,Matching Gift
GFT-002528,DNR-00886,FND-001,CAM-004,2026-06-15,163.99,Cash
GFT-002529,DNR-00014,FND-007,,2025-02-21,523.37,Stock
GFT-002530,DNR-00462,FND-006,CAM-004,2023-07-18,177.31,Cash
GFT-002531,DNR-00531,FND-004,CAM-003,2024-05-04,77.61,Cash
GFT-002532,DNR-00938,FND-004,CAM-003,2026-06-25,25.76,Cash
GFT-002533,DNR-00387,FND-003,CAM-001,2024-05-08,203.93,Cash
GFT-002534,DNR-00372,FND-002,,2025-03-23,124.01,Cash
GFT-002535,DNR-00081,FND-003,CAM-006,2026-06-27,386.34,Stock
GFT-002536,DNR-00142,FND-006,CAM-003,2025-06-13,92.36,Cash
GFT-002537,DNR-00428,FND-004,CAM-002,2024-10-14,264.02,Cash
GFT-002538,DNR-00869,FND-005,CAM-001,2024-05-30,169.69,Cash
GFT-002539,DNR-00728,FND-001,,2024-09-17,71.12,Cash
GFT-002540,DNR-00253,FND-007,,2025-12-17,99.97,Matching Gift
GFT-002541,DNR-00428,FND-007,,2025-12-26,41.07,Matching Gift
GFT-002542,DNR-00899,FND-007,CAM-001,2026-01-01,1267.73,Cash
GFT-002543,DNR-00780,FND-002,,2024-08-25,257.74,Pledge Payment
GFT-002544,DNR-01038,FND-002,,2024-06-23,38.57,Cash
GFT-002545,DNR-00247,FND-008,CAM-003,2024-09-02,1182.1,Pledge Payment
GFT-002546,DNR-00851,FND-004,CAM-001,2025-04-09,53.57,Pledge Payment
GFT-002547,DNR-01039,FND-006,CAM-005,2024-01-02,90.78,Cash
GFT-002548,DNR-01042,FND-002,CAM-005,2024-12-04,133.58,Cash
GFT-002549,DNR-00015,FND-007,CAM-004,2023-08-03,174.12,Cash
GFT-002550,DNR-00205,FND-006,CAM-003,2025-09-27,374.51,Pledge Payment
GFT-002551,DNR-00134,FND-007,CAM-002,2025-03-26,20.82,Stock
GFT-002552,DNR-00173,FND-007,CAM-005,2024-10-12,177.09,Stock
GFT-002553,DNR-00563,FND-006,,2023-08-02,126.55,Pledge Payment
GFT-002554,DNR-00510,FND-003,,2024-04-14,207.94,Pledge Payment
GFT-002555,DNR-01063,FND-003,,2024-03-19,120.22,Stock
GFT-002556,DNR-00080,FND-001,CAM-001,2026-02-17,104.56,Cash
GFT-002557,DNR-00762,FND-999,,2025-02-20,150.38,Cash
GFT-002558,DNR-00354,FND-003,CAM-006,2025-11-05,1097.09,Cash
GFT-002559,DNR-00372,FND-006,,2024-05-06,106.64,Cash
GFT-002560,DNR-00062,FND-008,CAM-001,2024-05-28,607.21,Pledge Payment
GFT-002561,DNR-00827,FND-006,CAM-002,2025-03-18,198.55,Cash
GFT-002562,DNR-00059,FND-001,CAM-003,2025-04-18,188.76,Cash
GFT-002563,DNR-00964,FND-001,,2023-08-28,210.1,Cash
GFT-002564,DNR-00096,FND-007,CAM-006,2025-10-12,290.38,Cash
GFT-002565,DNR-00324,FND-002,,2024-06-12,115.34,Pledge Payment
GFT-002566,DNR-00457,FND-002,CAM-004,2025-06-14,557.68,Cash
GFT-002567,DNR-00231,FND-008,CAM-005,2023-11-13,291.18,Cash
GFT-002568,DNR-01100,FND-008,,2025-10-28,44.56,Cash
GFT-002569,DNR-00638,FND-008,CAM-005,2023-07-02,16.22,Pledge Payment
GFT-002570,DNR-00263,FND-006,CAM-006,2024-12-08,1053.02,Stock
GFT-002571,DNR-00198,FND-008,CAM-005,2025-07-18,217.44,Matching Gift
GFT-002572,DNR-00258,FND-004,CAM-006,2024-08-05,39.64,Stock
GFT-002573,DNR-00293,FND-004,,2024-03-22,106.49,Cash
GFT-002574,DNR-00828,FND-005,,2024-01-11,457.58,Cash
GFT-002575,DNR-00464,FND-005,,2024-11-23,141.2,Matching Gift
GFT-002576,DNR-00674,FND-008,CAM-006,2025-03-08,155.1,Pledge Payment
GFT-002577,DNR-01183,FND-005,,2026-05-24,365.54,Cash
GFT-002578,DNR-00865,FND-006,,2025-05-02,240.96,Pledge Payment
GFT-002579,DNR-00789,FND-001,CAM-001,2023-09-09,315.78,Cash
GFT-002580,DNR-00030,FND-003,,2024-07-08,361.11,Cash
GFT-002581,DNR-00332,FND-007,CAM-003,2024-10-30,79.8,Cash
GFT-002582,DNR-01172,FND-008,CAM-005,2023-07-24,87.56,Stock
GFT-002583,DNR-00385,FND-007,CAM-005,2025-06-04,70.67,Cash
GFT-002584,DNR-00929,FND-005,CAM-006,2024-09-12,92.5,Stock
GFT-002585,DNR-00242,FND-005,CAM-006,2025-12-17,148.83,Cash
GFT-002586,DNR-00691,FND-003,CAM-002,2025-05-21,160.61,Pledge Payment
GFT-002587,DNR-00999,FND-008,,2025-05-29,770.51,Matching Gift
GFT-002588,DNR-01064,FND-005,,2025-06-01,228.5,Pledge Payment
GFT-002589,DNR-00874,FND-001,CAM-006,2025-07-18,151.95,Cash
GFT-002590,DNR-00194,FND-004,CAM-005,2024-03-15,2838.39,Matching Gift
GFT-002591,DNR-00247,FND-005,,2024-02-13,56.76,Pledge Payment
GFT-002592,DNR-00629,FND-008,CAM-004,2025-06-11,122.85,Cash
GFT-002593,DNR-01034,FND-003,CAM-004,2023-12-17,1162.24,Cash
GFT-002594,DNR-00400,FND-003,CAM-001,2026-05-12,1137.87,Stock
GFT-002595,DNR-00407,FND-006,CAM-006,2023-08-04,121.3,Cash
GFT-002596,DNR-01153,FND-001,CAM-006,2024-05-06,28.84,Pledge Payment
GFT-002597,DNR-01105,FND-004,CAM-006,2025-07-12,105.51,Pledge Payment
GFT-002598,DNR-00767,FND-003,,2024-06-06,781.22,Cash
GFT-002599,DNR-00464,FND-003,CAM-006,2024-06-04,149.92,Pledge Payment
GFT-002600,DNR-00415,FND-005,,2025-11-15,365.97,Cash
GFT-002601,DNR-00608,FND-007,CAM-006,2025-09-28,169.03,Stock
GFT-002602,DNR-00976,FND-008,CAM-003,2025-11-09,36.74,Cash
GFT-002603,DNR-00615,FND-001,,2024-04-04,175.54,Cash
GFT-002604,DNR-01139,FND-005,CAM-001,2024-11-26,425.23,Cash
GFT-002605,DNR-00122,FND-007,,2023-11-14,91.2,Stock
GFT-002606,DNR-00985,FND-003,CAM-001,2024-04-20,412.27,Matching Gift
GFT-002607,DNR-00327,FND-007,CAM-004,2025-09-09,187.66,Pledge Payment
GFT-002608,DNR-00510,FND-006,,2024-07-31,387.25,Pledge Payment
GFT-002609,DNR-00566,FND-003,CAM-004,2024-10-06,244.8,Cash
GFT-002610,DNR-01200,FND-003,CAM-001,2024-03-09,60.46,Cash
GFT-002611,DNR-00292,FND-005,CAM-003,2025-12-25,124.15,Cash
GFT-002612,DNR-00241,FND-005,CAM-006,2023-07-23,120.06,Cash
GFT-002613,DNR-00965,FND-004,CAM-005,2024-01-27,86.92,Cash
GFT-002614,DNR-00256,FND-008,,2025-03-03,224.24,Cash
GFT-002615,DNR-00700,FND-005,,2023-11-22,1466.0,Pledge Payment
GFT-002616,DNR-00524,FND-002,CAM-005,2025-08-20,558.56,Pledge Payment
GFT-002617,DNR-01199,FND-003,CAM-005,2025-11-19,654.75,Cash
GFT-002618,DNR-00461,FND-002,,2025-02-16,81.75,Cash
GFT-002619,DNR-00495,FND-008,CAM-004,2025-07-12,668.32,Cash
GFT-002620,DNR-00117,FND-002,CAM-002,2025-11-10,986.69,Cash
GFT-002621,DNR-00516,FND-006,CAM-004,2025-01-15,79.1,Cash
GFT-002622,DNR-00731,FND-002,,2024-11-26,276.14,Pledge Payment
GFT-002623,DNR-00995,FND-004,CAM-005,2024-01-24,284.4,Cash
GFT-002624,DNR-DUP010,FND-007,CAM-002,2024-09-26,133.71,Cash
GFT-002625,DNR-01000,FND-007,CAM-006,2024-01-29,205.35,Cash
GFT-002626,DNR-00087,FND-002,,2025-08-22,300.33,Cash
GFT-002627,DNR-00241,FND-004,CAM-003,2024-01-11,143.27,Pledge Payment
GFT-002628,DNR-00807,FND-001,CAM-003,2025-11-10,527.08,Matching Gift
GFT-002629,DNR-00944,FND-001,CAM-004,2025-12-18,44.79,Cash
GFT-002630,DNR-00053,FND-004,,2025-12-01,119.53,Matching Gift
GFT-002631,DNR-00674,FND-002,CAM-002,2023-08-19,374.46,Matching Gift
GFT-002632,DNR-00059,FND-008,CAM-002,2025-10-22,1265.42,Cash
GFT-002633,DNR-00705,FND-006,CAM-001,2025-07-04,568.2,Cash
GFT-002634,DNR-00914,FND-001,CAM-003,2025-01-17,200.83,Cash
GFT-002635,DNR-00539,FND-003,CAM-001,2026-01-24,150.62,Cash
GFT-002636,DNR-00822,FND-006,,2025-04-20,126.64,Matching Gift
GFT-002637,DNR-00183,FND-006,CAM-003,2026-04-19,127.43,Pledge Payment
GFT-002638,DNR-00649,FND-005,,2024-10-09,25.6,Cash
GFT-002639,DNR-00832,FND-006,CAM-005,2024-01-02,1196.91,Stock
GFT-002640,DNR-00784,FND-004,CAM-002,2024-07-16,162.83,Pledge Payment
GFT-002641,DNR-00719,FND-006,CAM-005,2026-03-21,74.29,Matching Gift
GFT-002642,DNR-00327,FND-003,CAM-003,2025-07-10,271.37,Cash
GFT-002643,DNR-00229,FND-004,CAM-002,2023-08-02,80.28,Matching Gift
GFT-002644,DNR-01148,FND-005,CAM-006,2026-05-02,469.33,Pledge Payment
GFT-002645,DNR-00816,FND-002,CAM-001,2024-06-29,76.64,Cash
GFT-002646,DNR-00186,FND-007,CAM-002,2024-01-08,394.55,Pledge Payment
GFT-002647,DNR-00697,FND-006,CAM-004,2024-04-24,124.74,Matching Gift
GFT-002648,DNR-00789,FND-002,CAM-002,2024-03-29,233.87,Stock
GFT-002649,DNR-00664,FND-004,CAM-005,2023-12-16,430.54,Cash
GFT-002650,DNR-00504,FND-003,CAM-002,2023-09-22,97.95,Cash
GFT-002651,DNR-01013,FND-004,CAM-001,2023-08-23,418.45,Pledge Payment
GFT-002652,DNR-00463,FND-008,CAM-001,2024-11-14,26.65,Cash
GFT-002653,DNR-00026,FND-005,CAM-001,2024-04-23,891.21,Pledge Payment
GFT-002654,DNR-00990,FND-008,CAM-004,2023-08-12,509.03,Cash
GFT-002655,DNR-00845,FND-003,CAM-006,2024-07-28,156.96,Cash
GFT-002656,DNR-01179,FND-007,CAM-002,2025-09-26,627.07,Cash
GFT-002657,DNR-00540,FND-007,CAM-003,2025-07-15,550.76,Cash
GFT-002658,DNR-00481,FND-006,CAM-006,2025-07-16,172.64,Pledge Payment
GFT-002659,DNR-00158,FND-003,CAM-003,2025-07-01,170.67,Matching Gift
GFT-002660,DNR-01103,FND-003,,2024-11-17,65.72,Pledge Payment
GFT-002661,DNR-00975,FND-006,,2026-05-05,182.75,Cash
GFT-002662,DNR-00714,FND-004,CAM-005,2024-10-09,35.64,Cash
GFT-002663,DNR-01177,FND-001,CAM-005,2025-01-02,388.9,Cash
GFT-002664,DNR-01019,FND-007,,2025-12-13,398.72,Matching Gift
GFT-002665,DNR-00046,FND-008,CAM-006,2024-06-15,27.02,Cash
GFT-002666,DNR-00712,FND-008,,2023-10-26,786.25,Pledge Payment
GFT-002667,DNR-00726,FND-002,CAM-002,2023-11-08,89.55,Cash
GFT-002668,DNR-00057,FND-008,CAM-004,2024-11-28,4051.18,Cash
GFT-002669,DNR-00812,FND-004,CAM-005,2024-03-30,220.87,Cash
GFT-002670,DNR-01103,FND-005,CAM-003,2025-03-26,796.05,Pledge Payment
GFT-002671,DNR-01168,FND-007,,2024-10-19,63.67,Cash
GFT-002672,DNR-00014,FND-001,CAM-003,2025-04-05,124.46,Cash
GFT-002673,DNR-00146,FND-002,CAM-006,2024-03-02,97.45,Cash
GFT-002674,DNR-00331,FND-004,CAM-001,2025-10-25,35.04,Pledge Payment
GFT-002675,DNR-00372,FND-001,CAM-005,2024-07-02,44.93,Cash
GFT-002676,DNR-00680,FND-002,,2024-03-01,150.64,Cash
GFT-002677,DNR-01176,FND-007,CAM-004,2025-10-04,261.08,Pledge Payment
GFT-002678,DNR-00972,FND-003,CAM-003,2025-08-19,57.29,Pledge Payment
GFT-002679,DNR-00197,FND-005,CAM-003,2024-07-09,116.76,Stock
GFT-002680,DNR-00882,FND-005,CAM-005,2024-06-28,79.86,Matching Gift
GFT-002681,DNR-00378,FND-005,CAM-004,2024-01-02,161.5,Cash
GFT-002682,DNR-00465,FND-006,,2024-08-14,355.69,Cash
GFT-002683,DNR-00926,FND-002,CAM-006,2025-05-26,193.29,Cash
GFT-002684,DNR-00042,FND-001,CAM-006,2024-12-09,93.29,Cash
GFT-002685,DNR-00765,FND-002,,2023-10-30,529.06,Pledge Payment
GFT-002686,DNR-01084,FND-001,,2023-07-04,251.81,Cash
GFT-002687,DNR-00788,FND-005,,2025-04-30,199.48,Cash
GFT-002688,DNR-00143,FND-003,CAM-001,2025-08-06,57.99,Cash
GFT-002689,DNR-00373,FND-004,CAM-003,2026-04-16,465.17,Cash
GFT-002690,DNR-00317,FND-006,,2024-01-15,280.86,Stock
GFT-002691,DNR-00364,FND-003,CAM-005,2025-12-19,297.54,Cash
GFT-002692,DNR-00080,FND-002,CAM-002,2023-09-01,135.92,Pledge Payment
GFT-002693,DNR-00221,FND-006,,2025-02-16,112.48,Cash
GFT-002694,DNR-00343,FND-002,CAM-005,2026-05-27,1205.16,Cash
GFT-002695,DNR-00318,FND-006,CAM-005,2024-07-30,110.75,Cash
GFT-002696,DNR-00918,FND-002,CAM-006,2025-09-04,47.64,Cash
GFT-002697,DNR-00693,FND-004,CAM-003,2023-11-12,210.49,Pledge Payment
GFT-002698,DNR-00491,FND-008,CAM-001,2024-04-15,171.1,Cash
GFT-002699,DNR-00086,FND-006,,2025-10-05,558.43,Cash
GFT-002700,DNR-DUP010,FND-002,CAM-006,2026-03-10,147.01,Cash
GFT-002701,DNR-00657,FND-007,CAM-006,2024-01-03,342.85,Pledge Payment
GFT-002702,DNR-00579,FND-006,,2024-08-15,856.82,Cash
GFT-002703,DNR-00406,FND-005,CAM-004,2026-01-03,263.01,Cash
GFT-002704,DNR-00892,FND-007,,2025-10-05,60.83,Cash
GFT-002705,DNR-00049,FND-008,,2026-03-31,25.89,Matching Gift
GFT-002706,DNR-01150,FND-008,CAM-004,2025-04-19,271.35,Stock
GFT-002707,DNR-01020,FND-005,,2025-03-18,118.84,Cash
GFT-002708,DNR-00086,FND-004,,2026-06-15,226.45,Cash
GFT-002709,DNR-DUP003,FND-003,CAM-003,2025-03-20,172.47,Cash
GFT-002710,DNR-01095,FND-001,,2023-10-07,46.69,Pledge Payment
GFT-002711,DNR-00789,FND-004,CAM-003,2025-03-12,146.15,Cash
GFT-002712,DNR-00889,FND-003,CAM-006,2023-10-16,57.6,Stock
GFT-002713,DNR-00092,FND-004,,2025-07-29,102.46,Pledge Payment
GFT-002714,DNR-00381,FND-004,CAM-003,2026-01-22,463.37,Cash
GFT-002715,DNR-00417,FND-999,CAM-001,2023-11-27,187.24,Cash
GFT-002716,DNR-00093,FND-007,CAM-001,2023-08-01,320.0,Cash
GFT-002717,DNR-00595,FND-001,CAM-001,2024-02-24,203.96,Cash
GFT-002718,DNR-00363,FND-007,CAM-001,2025-05-08,127.65,Matching Gift
GFT-002719,DNR-00824,FND-001,,2025-07-31,227.14,Cash
GFT-002720,DNR-00505,FND-005,CAM-004,2024-04-16,30.4,Pledge Payment
GFT-002721,DNR-00420,FND-005,CAM-004,2025-03-26,390.47,Cash
GFT-002722,DNR-00852,FND-007,CAM-004,2023-07-21,72.26,Pledge Payment
GFT-002723,DNR-00389,FND-008,CAM-002,2025-01-20,298.05,Matching Gift
GFT-002724,DNR-00810,FND-001,CAM-005,2023-07-22,122.54,Cash
GFT-002725,DNR-00457,FND-002,,2024-03-20,46.72,Cash
GFT-002726,DNR-00326,FND-008,,2024-02-22,85.38,Cash
GFT-002727,DNR-01100,FND-006,,2024-07-10,299.78,Matching Gift
GFT-002728,DNR-00816,FND-005,CAM-006,2024-12-07,1822.64,Cash
GFT-002729,DNR-00584,FND-005,,2025-02-06,161.15,Cash
GFT-002730,DNR-00809,FND-004,,2024-03-01,1535.28,Cash
GFT-002731,DNR-00412,FND-003,CAM-006,2026-04-15,30.32,Pledge Payment
GFT-002732,DNR-00961,FND-008,,2023-09-12,11.5,Matching Gift
GFT-002733,DNR-00469,FND-001,CAM-004,2024-02-14,132.51,Cash
GFT-002734,DNR-00172,FND-002,CAM-001,2024-07-12,161.29,Cash
GFT-002735,DNR-00760,FND-008,,2025-12-09,317.71,Matching Gift
GFT-002736,DNR-00085,FND-004,CAM-001,2025-12-22,88.74,Matching Gift
GFT-002737,DNR-00090,FND-001,,2025-04-12,250.83,Pledge Payment
GFT-002738,DNR-00514,FND-003,CAM-003,2025-05-30,139.48,Cash
GFT-002739,DNR-00411,FND-001,CAM-004,2026-02-01,661.76,Cash
GFT-002740,DNR-00314,FND-005,CAM-006,2025-08-17,210.7,Cash
GFT-002741,DNR-00462,FND-003,CAM-001,2023-11-08,3545.13,Cash
GFT-002742,DNR-00899,FND-001,CAM-005,2025-05-18,140.65,Matching Gift
GFT-002743,DNR-00504,FND-005,CAM-006,2023-11-20,610.05,Cash
GFT-002744,DNR-00294,FND-006,,2024-05-25,885.49,Pledge Payment
GFT-002745,DNR-00134,FND-007,CAM-006,2024-02-14,12.44,Pledge Payment
GFT-002746,DNR-00036,FND-003,CAM-003,2026-06-29,384.74,Cash
GFT-002747,DNR-00079,FND-003,,2025-07-28,45.84,Matching Gift
GFT-002748,DNR-00013,FND-007,,2024-10-21,135.4,Pledge Payment
GFT-002749,DNR-00794,FND-002,CAM-001,2023-10-28,53.18,Cash
GFT-002750,DNR-01155,FND-002,,2023-09-11,676.28,Matching Gift
GFT-002751,DNR-01171,FND-007,CAM-002,2026-03-02,94.01,Pledge Payment
GFT-002752,DNR-00921,FND-004,CAM-005,2025-08-31,28.73,Cash
GFT-002753,DNR-00707,FND-008,CAM-005,2024-11-24,216.3,Cash
GFT-002754,DNR-00931,FND-006,CAM-001,2024-05-09,811.06,Cash
GFT-002755,DNR-00588,FND-003,CAM-004,2024-04-21,53.87,Cash
GFT-002756,DNR-00329,FND-006,,2024-12-08,447.02,Pledge Payment
GFT-002757,DNR-00615,FND-003,,2025-12-01,22.31,Cash
GFT-002758,DNR-00841,FND-004,CAM-004,2026-01-27,887.89,Cash
GFT-002759,DNR-00723,FND-004,CAM-004,2024-03-13,268.86,Cash
GFT-002760,DNR-00856,FND-008,CAM-005,2025-11-09,48.61,Cash
GFT-002761,DNR-00796,FND-008,CAM-003,2025-12-26,400.65,Cash
GFT-002762,DNR-00668,FND-007,,2025-05-22,99.51,Cash
GFT-002763,DNR-00422,FND-004,CAM-001,2026-06-20,65.79,Cash
GFT-002764,DNR-01165,FND-004,CAM-003,2024-07-26,97.33,Pledge Payment
GFT-002765,DNR-01123,FND-007,CAM-003,2026-02-03,355.51,Cash
GFT-002766,DNR-00438,FND-007,,2025-03-20,61.78,Cash
GFT-002767,DNR-00223,FND-008,CAM-002,2026-02-18,15.71,Cash
GFT-002768,DNR-00105,FND-004,CAM-001,2025-10-22,102.53,Cash
GFT-002769,DNR-01130,FND-003,CAM-004,2025-05-22,711.76,Cash
GFT-002770,DNR-00885,FND-003,CAM-005,2026-05-25,699.83,Cash
GFT-002771,DNR-00423,FND-007,,2023-08-18,97.19,Cash
GFT-002772,DNR-01154,FND-003,CAM-004,2025-01-10,93.71,Stock
GFT-002773,DNR-00309,FND-007,CAM-003,2024-08-09,87.98,Cash
GFT-002774,DNR-00504,FND-003,CAM-005,2026-02-14,84.14,Cash
GFT-002775,DNR-01087,FND-001,,2025-04-08,90.1,Cash
GFT-002776,DNR-00176,FND-001,,2023-11-11,227.96,Pledge Payment
GFT-002777,DNR-00679,FND-002,CAM-003,2023-10-17,733.75,Pledge Payment
GFT-002778,DNR-00416,FND-003,CAM-001,2025-06-30,61.68,Cash
GFT-002779,DNR-00136,FND-006,CAM-003,2025-03-21,73.76,Cash
GFT-002780,DNR-00973,FND-006,,2025-12-31,258.12,Cash
GFT-002781,DNR-00622,FND-002,CAM-006,2025-02-13,379.75,Stock
GFT-002782,DNR-00312,FND-003,CAM-004,2024-05-23,34.8,Matching Gift
GFT-002783,DNR-01091,FND-007,,2024-02-28,35.64,Cash
GFT-002784,DNR-00576,FND-004,,2026-02-16,1140.81,Cash
GFT-002785,DNR-00912,FND-002,,2024-04-26,14.99,Matching Gift
GFT-002786,DNR-00781,FND-008,CAM-004,2024-04-03,123.24,Cash
GFT-002787,DNR-00350,FND-001,CAM-003,2026-03-03,38.9,Stock
GFT-002788,DNR-01198,FND-003,CAM-005,2025-12-20,34.05,Pledge Payment
GFT-002789,DNR-01008,FND-006,CAM-003,2023-08-10,32.19,Stock
GFT-002790,DNR-00758,FND-002,,2023-12-22,595.66,Cash
GFT-002791,DNR-00615,FND-007,,2024-04-02,188.91,Cash
GFT-002792,DNR-00404,FND-006,CAM-002,2024-02-13,602.44,Cash
GFT-002793,DNR-00727,FND-008,,2023-12-18,153.37,Cash
GFT-002794,DNR-00347,FND-006,CAM-002,2025-11-02,581.82,Cash
GFT-002795,DNR-01052,FND-005,CAM-006,2024-07-28,149.34,Cash
GFT-002796,DNR-01003,FND-006,,2023-08-18,7.47,Pledge Payment
GFT-002797,DNR-00490,FND-005,CAM-002,2023-10-15,316.18,Pledge Payment
GFT-002798,DNR-00887,FND-006,,2026-01-05,164.78,Stock
GFT-002799,DNR-00939,FND-002,CAM-003,2025-01-09,139.99,Cash
GFT-002800,DNR-00268,FND-001,,2023-09-03,67.84,Pledge Payment
GFT-002801,DNR-00780,FND-004,CAM-005,2025-03-11,368.88,Cash
GFT-002802,DNR-00796,FND-001,CAM-002,2025-08-17,54.11,Stock
GFT-002803,DNR-00688,FND-006,CAM-006,2025-08-07,368.17,Cash
GFT-002804,DNR-00834,FND-006,,2025-11-16,198.38,Cash
GFT-002805,DNR-00536,FND-004,CAM-005,2025-06-09,379.79,Stock
GFT-002806,DNR-00547,FND-002,CAM-005,2025-01-27,217.74,Matching Gift
GFT-002807,DNR-00653,FND-002,,2023-12-21,664.54,Cash
GFT-002808,DNR-00220,FND-004,,2024-03-20,282.48,Cash
GFT-002809,DNR-00765,FND-002,,2024-06-27,203.0,Pledge Payment
GFT-002810,DNR-00179,FND-002,,2024-10-28,14.22,Pledge Payment
GFT-002811,DNR-00699,FND-002,,2023-07-28,699.06,Pledge Payment
GFT-002812,DNR-00678,FND-002,,2026-01-29,31.86,Cash
GFT-002813,DNR-00285,FND-004,,2023-10-24,42.4,Cash
GFT-002814,DNR-00188,FND-002,,2024-07-15,423.5,Cash
GFT-002815,DNR-00478,FND-004,,2025-12-03,181.49,Stock
GFT-002816,DNR-00793,FND-006,CAM-006,2023-12-10,33.15,Pledge Payment
GFT-002817,DNR-00975,FND-004,CAM-005,2024-07-29,93.57,Cash
GFT-002818,DNR-00961,FND-005,,2024-07-16,653.61,Cash
GFT-002819,DNR-00379,FND-001,,2025-12-23,210.66,Cash
GFT-002820,DNR-00405,FND-005,,2024-06-25,186.41,Cash
GFT-002821,DNR-00254,FND-002,CAM-001,2024-07-22,82.42,Stock
GFT-002822,DNR-00659,FND-004,,2024-07-18,441.67,Pledge Payment
GFT-002823,DNR-DUP013,FND-005,CAM-004,2025-09-16,158.31,Pledge Payment
GFT-002824,DNR-00585,FND-004,CAM-004,2026-05-03,351.72,Cash
GFT-002825,DNR-00707,FND-004,CAM-006,2024-11-25,74.16,Cash
GFT-002826,DNR-00516,FND-005,,2023-07-15,1836.89,Cash
GFT-002827,DNR-00127,FND-002,CAM-005,2023-11-10,816.39,Pledge Payment
GFT-002828,DNR-00124,FND-007,,2025-06-04,208.2,Pledge Payment
GFT-002829,DNR-00025,FND-002,CAM-003,2025-12-30,262.89,Cash
GFT-002830,DNR-00135,FND-005,CAM-003,2025-07-10,94.49,Stock
GFT-002831,DNR-00734,FND-008,CAM-003,2026-01-09,385.46,Cash
GFT-002832,DNR-00615,FND-008,CAM-003,2026-04-19,16.96,Pledge Payment
GFT-002833,DNR-00468,FND-003,,2024-07-24,1117.27,Matching Gift
GFT-002834,DNR-00840,FND-008,CAM-005,2025-06-22,359.75,Pledge Payment
GFT-002835,DNR-00826,FND-008,CAM-005,2025-04-25,60.44,Cash
GFT-002836,DNR-00313,FND-003,CAM-004,2026-01-12,1080.94,Cash
GFT-002837,DNR-00051,FND-003,CAM-003,2025-11-06,1620.53,Cash
GFT-002838,DNR-00306,FND-007,CAM-003,2025-08-20,279.28,Pledge Payment
GFT-002839,DNR-00890,FND-003,,2023-07-29,75.43,Cash
GFT-002840,DNR-00445,FND-002,,2024-07-11,189.62,Stock
GFT-002841,DNR-00968,FND-003,CAM-002,2025-09-09,327.52,Cash
GFT-002842,DNR-00406,FND-001,CAM-005,2025-05-21,253.92,Matching Gift
GFT-002843,DNR-00325,FND-005,CAM-006,2025-09-11,60.45,Pledge Payment
GFT-002844,DNR-00467,FND-004,CAM-005,2025-01-19,320.75,Matching Gift
GFT-002845,DNR-00887,FND-007,,2026-04-18,644.14,Cash
GFT-002846,DNR-00123,FND-006,,2026-03-25,47.51,Pledge Payment
GFT-002847,DNR-00663,FND-008,CAM-002,2023-11-15,53.22,Cash
GFT-002848,DNR-00482,FND-008,CAM-001,2024-04-15,90.56,Cash
GFT-002849,DNR-01005,FND-001,CAM-002,2025-10-30,143.23,Cash
GFT-002850,DNR-00694,FND-005,CAM-004,2024-05-20,455.26,Cash
GFT-002851,DNR-00266,FND-005,CAM-003,2024-03-06,635.29,Matching Gift
GFT-002852,DNR-00263,FND-006,CAM-005,2025-08-03,72.18,Cash
GFT-002853,DNR-00037,FND-008,CAM-003,2023-11-07,225.78,Cash
GFT-002854,DNR-00505,FND-004,CAM-003,2025-11-01,604.01,Pledge Payment
GFT-002855,DNR-00641,FND-008,CAM-002,2024-10-21,1991.05,Stock
GFT-002856,DNR-01183,FND-006,CAM-001,2025-05-28,224.48,Cash
GFT-002857,DNR-00660,FND-004,CAM-001,2024-03-17,238.51,Cash
GFT-002858,DNR-01001,FND-008,,2024-11-22,281.22,Pledge Payment
GFT-002859,DNR-01047,FND-002,CAM-004,2025-04-02,127.8,Cash
GFT-002860,DNR-00659,FND-002,CAM-006,2024-04-29,206.07,Pledge Payment
GFT-002861,DNR-00948,FND-005,,2026-04-01,20.86,Cash
GFT-002862,DNR-00798,FND-004,CAM-002,2026-01-06,95.03,Cash
GFT-002863,DNR-00746,FND-001,CAM-005,2024-04-19,315.06,Cash
GFT-002864,DNR-00458,FND-001,CAM-003,2024-11-17,68.05,Cash
GFT-002865,DNR-00989,FND-003,CAM-002,2025-06-29,468.15,Cash
GFT-002866,DNR-00993,FND-006,CAM-006,2025-04-16,28.09,Cash
GFT-002867,DNR-00386,FND-002,CAM-002,2024-08-13,446.86,Pledge Payment
GFT-002868,DNR-00400,FND-005,CAM-001,2023-11-02,445.43,Pledge Payment
GFT-002869,DNR-00867,FND-001,CAM-002,2025-08-09,2043.08,Cash
GFT-002870,DNR-00419,FND-003,CAM-002,2024-12-16,122.52,Pledge Payment
GFT-002871,DNR-00060,FND-007,,2023-08-21,181.67,Cash
GFT-002872,DNR-00953,FND-003,CAM-005,2025-07-24,978.64,Cash
GFT-002873,DNR-01138,FND-003,CAM-005,2025-08-21,824.6,Stock
GFT-002874,DNR-00221,FND-005,CAM-005,2025-04-04,556.71,Cash
GFT-002875,DNR-00406,FND-008,CAM-002,2025-01-16,263.84,Stock
GFT-002876,DNR-DUP001,FND-003,CAM-003,2024-05-29,944.17,Cash
GFT-002877,DNR-00254,FND-001,CAM-003,2023-08-04,3315.0,Pledge Payment
GFT-002878,DNR-00756,FND-003,CAM-003,2026-03-04,349.99,Matching Gift
GFT-002879,DNR-01127,FND-001,CAM-004,2025-08-07,191.38,Pledge Payment
GFT-002880,DNR-00811,FND-003,CAM-003,2025-04-24,401.29,Cash
GFT-002881,DNR-00580,FND-006,,2023-09-09,220.98,Pledge Payment
GFT-002882,DNR-00115,FND-003,CAM-005,2026-05-13,134.26,Cash
GFT-002883,DNR-00140,FND-003,,2023-11-08,470.55,Cash
GFT-002884,DNR-01071,FND-003,CAM-001,2024-01-26,104.89,Stock
GFT-002885,DNR-00738,FND-006,CAM-003,2024-01-05,341.76,Matching Gift
GFT-002886,DNR-00846,FND-006,,2023-12-14,34.49,Pledge Payment
GFT-002887,DNR-00821,FND-001,CAM-006,2026-04-04,1185.67,Cash
GFT-002888,DNR-00811,FND-003,CAM-006,2025-10-30,77.64,Cash
GFT-002889,DNR-00425,FND-008,,2023-12-31,41.67,Cash
GFT-002890,DNR-00535,FND-004,CAM-001,2024-02-22,788.65,Cash
GFT-002891,DNR-01143,FND-001,,2023-10-24,995.76,Cash
GFT-002892,DNR-00981,FND-001,,2024-10-04,257.81,Stock
GFT-002893,DNR-00477,FND-003,,2024-09-21,163.27,Cash
GFT-002894,DNR-00655,FND-006,CAM-004,2026-04-21,125.67,Cash
GFT-002895,DNR-00040,FND-005,CAM-005,2025-09-18,242.42,Pledge Payment
GFT-002896,DNR-00850,FND-002,,2023-08-18,173.41,Matching Gift
GFT-002897,DNR-DUP007,FND-001,CAM-001,2024-08-13,151.57,Matching Gift
GFT-002898,DNR-01194,FND-008,,2024-10-13,69.53,Cash
GFT-002899,DNR-00166,FND-006,CAM-006,2025-06-15,51.54,Cash
GFT-002900,DNR-00814,FND-004,,2024-06-01,199.58,Stock
GFT-002901,DNR-00577,FND-005,CAM-006,2023-07-16,234.24,Matching Gift
GFT-002902,DNR-01047,FND-007,,2025-08-05,82.28,Cash
GFT-002903,DNR-00525,FND-006,CAM-001,2024-08-16,94.95,Pledge Payment
GFT-002904,DNR-00534,FND-007,,2025-04-30,233.61,Cash
GFT-002905,DNR-00925,FND-001,CAM-005,2025-02-04,67.7,Cash
GFT-002906,DNR-00831,FND-004,,2026-05-14,583.56,Pledge Payment
GFT-002907,DNR-00086,FND-007,,2024-02-16,326.24,Cash
GFT-002908,DNR-00410,FND-005,CAM-001,2024-08-25,81.5,Pledge Payment
GFT-002909,DNR-00740,FND-008,,2025-03-13,307.55,Cash
GFT-002910,DNR-01161,FND-005,CAM-001,2024-10-13,69.39,Cash
GFT-002911,DNR-00049,FND-005,,2026-05-12,447.91,Cash
GFT-002912,DNR-00371,FND-006,CAM-001,2024-09-16,72.19,Stock
GFT-002913,DNR-00796,FND-006,CAM-005,2026-04-19,159.83,Pledge Payment
GFT-002914,DNR-00339,FND-008,CAM-005,2025-09-08,213.26,Cash
GFT-002915,DNR-00509,FND-002,,2025-02-04,975.91,Pledge Payment
GFT-002916,DNR-00064,FND-001,,2023-07-01,77.02,Pledge Payment
GFT-002917,DNR-00001,FND-005,CAM-005,2025-01-12,73.86,Cash
GFT-002918,DNR-01164,FND-003,,2025-08-20,36.58,Pledge Payment
GFT-002919,DNR-00754,FND-004,CAM-001,2023-10-18,1415.82,Cash
GFT-002920,DNR-00764,FND-002,CAM-002,2025-11-13,188.35,Cash
GFT-002921,DNR-00046,FND-005,,2025-11-02,601.18,Stock
GFT-002922,DNR-00619,FND-003,CAM-002,2024-03-02,96.71,Cash
GFT-002923,DNR-00420,FND-002,,2026-01-21,106.41,Stock
GFT-002924,DNR-00358,FND-001,,2026-03-02,172.34,Cash
GFT-002925,DNR-00481,FND-008,CAM-006,2023-12-24,178.0,Cash
GFT-002926,DNR-00554,FND-001,CAM-005,2025-01-10,384.39,Matching Gift
GFT-002927,DNR-00314,FND-004,,2023-11-07,194.42,Cash
GFT-002928,DNR-00773,FND-001,,2025-09-22,120.43,Cash
GFT-002929,DNR-00886,FND-008,CAM-004,2026-04-14,1453.04,Pledge Payment
GFT-002930,DNR-00028,FND-001,,2024-06-23,68.57,Cash
GFT-002931,DNR-00577,FND-008,CAM-001,2025-01-26,77.45,Cash
GFT-002932,DNR-00050,FND-005,CAM-001,2024-12-29,69.56,Cash
GFT-002933,DNR-00918,FND-001,,2024-10-23,402.24,Cash
GFT-002934,DNR-01145,FND-008,CAM-001,2025-12-08,296.88,Cash
GFT-002935,DNR-00587,FND-006,,2023-10-05,152.26,Cash
GFT-002936,DNR-00935,FND-008,CAM-006,2025-07-22,66.03,Cash
GFT-002937,DNR-00765,FND-006,CAM-006,2024-05-31,212.25,Cash
GFT-002938,DNR-00657,FND-006,CAM-004,2024-04-24,472.8,Cash
GFT-002939,DNR-01189,FND-007,CAM-003,2024-06-21,1030.07,Cash
GFT-002940,DNR-00712,FND-005,,2026-02-12,92.49,Stock
GFT-002941,DNR-01111,FND-007,CAM-003,2026-04-08,151.69,Pledge Payment
GFT-002942,DNR-00178,FND-005,,2025-12-01,293.61,Cash
GFT-002943,DNR-00735,FND-008,CAM-005,2025-05-12,119.15,Cash
GFT-002944,DNR-00088,FND-006,CAM-006,2024-06-01,42.41,Stock
GFT-002945,DNR-00700,FND-003,,2024-04-23,152.52,Pledge Payment
GFT-002946,DNR-00812,FND-002,CAM-004,2024-08-25,47.89,Pledge Payment
GFT-002947,DNR-01027,FND-001,CAM-006,2024-02-15,523.52,Pledge Payment
GFT-002948,DNR-01179,FND-001,CAM-002,2024-01-29,129.54,Cash
GFT-002949,DNR-00465,FND-006,CAM-005,2024-06-02,169.49,Stock
GFT-002950,DNR-00667,FND-006,CAM-006,2024-02-25,79.54,Pledge Payment
GFT-002951,DNR-01072,FND-007,CAM-001,2025-09-16,176.73,Cash
GFT-002952,DNR-00836,FND-002,CAM-001,2025-06-19,739.84,Cash
GFT-002953,DNR-00319,FND-004,,2026-01-15,596.63,Pledge Payment
GFT-002954,DNR-00221,FND-008,,2026-04-29,55.48,Cash
GFT-002955,DNR-00628,FND-004,CAM-004,2023-11-25,9.17,Cash
GFT-002956,DNR-00429,FND-002,CAM-001,2025-03-12,153.79,Cash
GFT-002957,DNR-00034,FND-001,CAM-002,2023-08-18,130.49,Cash
GFT-002958,DNR-00425,FND-003,,2024-03-04,122.23,Cash
GFT-002959,DNR-00520,FND-008,,2023-11-15,98.74,Cash
GFT-002960,DNR-00733,FND-007,,2025-11-11,54.22,Cash
GFT-002961,DNR-00703,FND-007,CAM-003,2025-03-06,2255.44,Pledge Payment
GFT-002962,DNR-00623,FND-007,CAM-005,2024-08-30,1414.04,Cash
GFT-002963,DNR-01007,FND-001,CAM-005,2023-09-24,116.81,Cash
GFT-002964,DNR-00720,FND-001,CAM-002,2025-04-15,208.95,Cash
GFT-002965,DNR-00786,FND-002,CAM-004,2026-02-24,534.98,Cash
GFT-002966,DNR-01005,FND-001,CAM-004,2025-06-18,208.2,Stock
GFT-002967,DNR-00999,FND-002,CAM-005,2023-09-18,107.32,Cash
GFT-002968,DNR-01114,FND-002,,2024-11-28,43.16,Cash
GFT-002969,DNR-00193,FND-008,CAM-004,2024-11-14,183.73,Stock
GFT-002970,DNR-00495,FND-008,,2025-05-21,48.6,Cash
GFT-002971,DNR-00635,FND-008,CAM-001,2025-04-22,678.06,Pledge Payment
GFT-002972,DNR-00195,FND-001,,2025-10-18,174.95,Cash
GFT-002973,DNR-01037,FND-008,,2023-08-27,321.45,Pledge Payment
GFT-002974,DNR-00372,FND-008,CAM-002,2026-04-24,126.4,Cash
GFT-002975,DNR-01098,FND-001,CAM-002,2025-09-02,451.36,Cash
GFT-002976,DNR-01059,FND-008,,2024-02-26,90.48,Matching Gift
GFT-002977,DNR-00601,FND-003,,2026-01-11,249.72,Cash
GFT-002978,DNR-00679,FND-007,,2025-02-14,121.52,Cash
GFT-002979,DNR-00158,FND-004,CAM-005,2024-05-13,142.03,Cash
GFT-002980,DNR-00511,FND-001,CAM-004,2026-03-22,526.53,Cash
GFT-002981,DNR-00772,FND-001,CAM-002,2024-06-26,78.92,Cash
GFT-002982,DNR-00458,FND-006,CAM-005,2024-07-09,269.48,Cash
GFT-002983,DNR-00911,FND-002,,2024-10-11,785.1,Cash
GFT-002984,DNR-00286,FND-003,,2024-06-01,503.62,Cash
GFT-002985,DNR-01017,FND-006,CAM-004,2025-12-14,93.19,Stock
GFT-002986,DNR-01076,FND-006,CAM-006,2023-08-12,313.43,Pledge Payment
GFT-002987,DNR-00858,FND-008,,2024-02-03,28.12,Cash
GFT-002988,DNR-00894,FND-007,,2025-01-22,548.54,Cash
GFT-002989,DNR-00179,FND-005,CAM-003,2023-11-11,3299.97,Cash
GFT-002990,DNR-00822,FND-004,,2026-02-27,252.66,Cash
GFT-002991,DNR-00050,FND-003,,2024-03-04,836.09,Matching Gift
GFT-002992,DNR-00403,FND-008,CAM-006,2024-07-17,41.28,Cash
GFT-002993,DNR-01142,FND-005,CAM-005,2025-08-03,60.11,Pledge Payment
GFT-002994,DNR-00380,FND-007,,2023-11-14,125.9,Pledge Payment
GFT-002995,DNR-00476,FND-004,,2023-09-20,152.38,Matching Gift
GFT-002996,DNR-00273,FND-007,,2025-03-07,254.45,Cash
GFT-002997,DNR-00123,FND-001,,2025-07-31,93.65,Stock
GFT-002998,DNR-00545,FND-001,CAM-002,2026-06-09,211.37,Cash
GFT-002999,DNR-00655,FND-004,CAM-005,2024-04-06,525.26,Cash
GFT-003000,DNR-00387,FND-008,CAM-005,2024-09-10,312.12,Cash
GFT-003001,DNR-00439,FND-002,,2026-03-07,121.68,Cash
GFT-003002,DNR-01133,FND-002,,2025-09-02,409.94,Cash
GFT-003003,DNR-01045,FND-003,,2024-03-17,116.32,Cash
GFT-003004,DNR-01052,FND-002,,2026-03-05,198.94,Cash
GFT-003005,DNR-00847,FND-006,CAM-001,2024-11-17,493.36,Matching Gift
GFT-003006,DNR-00833,FND-001,CAM-004,2024-12-19,148.13,Pledge Payment
GFT-003007,DNR-00657,FND-007,,2023-09-26,47.94,Matching Gift
GFT-003008,DNR-00766,FND-007,CAM-005,2024-07-29,192.95,Pledge Payment
GFT-003009,DNR-00261,FND-008,CAM-006,2024-10-03,498.63,Cash
GFT-003010,DNR-00323,FND-004,CAM-006,2025-10-10,556.03,Cash
GFT-003011,DNR-01019,FND-002,CAM-004,2025-02-09,57.73,Cash
GFT-003012,DNR-00855,FND-002,CAM-006,2023-09-02,391.0,Pledge Payment
GFT-003013,DNR-00299,FND-001,CAM-003,2023-12-21,138.99,Pledge Payment
GFT-003014,DNR-00806,FND-005,CAM-005,2025-01-19,910.01,Stock
GFT-003015,DNR-00622,FND-006,CAM-002,2025-05-30,48.91,Cash
GFT-003016,DNR-01048,FND-008,CAM-004,2026-02-17,382.45,Cash
GFT-003017,DNR-00962,FND-006,,2024-04-07,123.79,Cash
GFT-003018,DNR-00702,FND-002,CAM-002,2026-03-29,95.17,Cash
GFT-003019,DNR-00556,FND-005,CAM-006,2024-12-31,520.45,Cash
GFT-003020,DNR-00642,FND-006,CAM-001,2024-10-09,626.69,Matching Gift
GFT-003021,DNR-00714,FND-005,CAM-001,2024-07-26,21.28,Pledge Payment
GFT-003022,DNR-01061,FND-007,CAM-002,2025-05-17,531.82,Cash
GFT-003023,DNR-00869,FND-004,,2024-12-22,168.13,Stock
GFT-003024,DNR-00390,FND-006,CAM-006,2025-02-24,187.1,Cash
GFT-003025,DNR-00419,FND-008,CAM-006,2025-04-18,46.36,Pledge Payment
GFT-003026,DNR-00241,FND-005,CAM-001,2024-06-20,353.76,Pledge Payment
GFT-003027,DNR-00691,FND-003,CAM-005,2024-08-25,2338.28,Cash
GFT-003028,DNR-00504,FND-007,CAM-005,2025-08-06,101.31,Stock
GFT-003029,DNR-01164,FND-008,CAM-006,2025-01-05,703.98,Stock
GFT-003030,DNR-00300,FND-005,,2025-05-30,179.75,Cash
GFT-003031,DNR-00255,FND-007,CAM-006,2024-11-29,105.56,Stock
GFT-003032,DNR-00007,FND-002,CAM-001,2025-09-13,38.32,Cash
GFT-003033,DNR-01014,FND-008,CAM-006,2024-12-03,838.19,Cash
GFT-003034,DNR-01047,FND-007,CAM-001,2025-01-18,204.84,Pledge Payment
GFT-003035,DNR-00105,FND-007,CAM-005,2024-12-26,111.32,Pledge Payment
GFT-003036,DNR-00976,FND-007,CAM-004,2024-02-07,131.97,Cash
GFT-003037,DNR-00245,FND-003,,2025-04-02,387.61,Cash
GFT-003038,DNR-00741,FND-001,,2024-03-08,111.13,Matching Gift
GFT-003039,DNR-00569,FND-002,CAM-006,2023-11-21,65.47,Pledge Payment
GFT-003040,DNR-00261,FND-002,CAM-004,2024-12-31,159.97,Cash
GFT-003041,DNR-00082,FND-001,,2024-08-23,154.78,Matching Gift
GFT-003042,DNR-00692,FND-005,CAM-002,2024-02-14,151.17,Pledge Payment
GFT-003043,DNR-00493,FND-004,CAM-001,2025-11-27,112.67,Cash
GFT-003044,DNR-01132,FND-006,CAM-001,2024-12-28,735.09,Cash
GFT-003045,DNR-00048,FND-006,CAM-001,2024-05-06,3858.22,Pledge Payment
GFT-003046,DNR-00785,FND-004,CAM-006,2024-06-16,57.87,Cash
GFT-003047,DNR-00329,FND-002,CAM-002,2023-08-05,18.45,Cash
GFT-003048,DNR-00256,FND-002,CAM-001,2026-03-22,139.94,Pledge Payment
GFT-003049,DNR-00453,FND-004,CAM-005,2025-10-10,20.49,Pledge Payment
GFT-003050,DNR-00356,FND-004,CAM-002,2024-06-04,34.84,Pledge Payment
GFT-003051,DNR-00007,FND-004,CAM-002,2024-02-05,103.15,Pledge Payment
GFT-003052,DNR-01188,FND-007,CAM-005,2025-12-08,384.34,Pledge Payment
GFT-003053,DNR-00476,FND-002,,2024-09-10,138.25,Cash
GFT-003054,DNR-00910,FND-008,,2025-10-14,14.42,Cash
GFT-003055,DNR-00779,FND-001,CAM-006,2025-08-26,136.34,Pledge Payment
GFT-003056,DNR-00421,FND-008,CAM-004,2025-01-07,147.43,Pledge Payment
GFT-003057,DNR-00702,FND-006,,2026-06-08,150.08,Pledge Payment
GFT-003058,DNR-01040,FND-007,CAM-005,2026-04-18,606.88,Matching Gift
GFT-003059,DNR-00764,FND-003,,2024-08-24,491.37,Cash
GFT-003060,DNR-00345,FND-007,CAM-001,2025-08-12,196.27,Cash
GFT-003061,DNR-00644,FND-006,CAM-004,2024-09-19,1743.4,Stock
GFT-003062,DNR-00510,FND-005,CAM-001,2025-01-12,37.25,Matching Gift
GFT-003063,DNR-00962,FND-001,CAM-001,2025-08-16,102.85,Stock
GFT-003064,DNR-00927,FND-001,CAM-004,2023-11-10,157.72,Pledge Payment
GFT-003065,DNR-00737,FND-007,,2025-06-06,176.47,Pledge Payment
GFT-003066,DNR-00894,FND-008,CAM-004,2026-04-01,37.92,Pledge Payment
GFT-003067,DNR-00896,FND-005,CAM-003,2023-12-31,21.41,Matching Gift
GFT-003068,DNR-00552,FND-006,CAM-002,2024-10-11,180.52,Pledge Payment
GFT-003069,DNR-00324,FND-003,CAM-001,2026-03-07,31.53,Pledge Payment
GFT-003070,DNR-01088,FND-004,,2026-05-25,87.26,Cash
GFT-003071,DNR-00747,FND-001,CAM-001,2025-08-20,206.13,Cash
GFT-003072,DNR-00326,FND-002,CAM-006,2024-01-01,44.07,Pledge Payment
GFT-003073,DNR-00513,FND-002,CAM-006,2023-10-11,260.64,Cash
GFT-003074,DNR-00928,FND-999,CAM-002,2024-12-04,74.04,Cash
GFT-003075,DNR-00893,FND-005,,2024-04-16,121.24,Pledge Payment
GFT-003076,DNR-00839,FND-005,,2024-10-12,315.67,Pledge Payment
GFT-003077,DNR-00137,FND-004,,2026-06-01,165.59,Pledge Payment
GFT-003078,DNR-01173,FND-003,CAM-002,2023-10-15,253.94,Cash
GFT-003079,DNR-00867,FND-003,CAM-001,2026-02-18,293.96,Cash
GFT-003080,DNR-00401,FND-002,,2023-08-05,162.69,Cash
GFT-003081,DNR-00552,FND-003,CAM-006,2024-01-24,270.7,Pledge Payment
GFT-003082,DNR-00948,FND-006,,2024-03-11,85.78,Cash
GFT-003083,DNR-01093,FND-003,CAM-001,2024-05-08,311.25,Cash
GFT-003084,DNR-00667,FND-003,CAM-002,2023-07-18,140.89,Cash
GFT-003085,DNR-00043,FND-001,CAM-004,2026-05-17,759.64,Cash
GFT-003086,DNR-00343,FND-001,CAM-005,2024-04-02,210.91,Matching Gift
GFT-003087,DNR-00271,FND-004,CAM-003,2024-05-15,98.92,Pledge Payment
GFT-003088,DNR-00948,FND-004,CAM-005,2025-01-22,317.56,Cash
GFT-003089,DNR-00226,FND-004,,2024-06-23,802.78,Matching Gift
GFT-003090,DNR-00138,FND-007,,2023-09-25,108.5,Cash
GFT-003091,DNR-00589,FND-008,CAM-006,2023-07-02,90.78,Cash
GFT-003092,DNR-00809,FND-007,CAM-006,2026-03-30,10.18,Cash
GFT-003093,DNR-01065,FND-006,CAM-004,2026-02-10,210.34,Cash
GFT-003094,DNR-01073,FND-007,,2024-11-26,126.61,Cash
GFT-003095,DNR-01024,FND-003,,2026-04-26,316.04,Cash
GFT-003096,DNR-00151,FND-006,CAM-002,2024-08-27,323.96,Cash
GFT-003097,DNR-00845,FND-007,CAM-004,2024-02-22,39.58,Cash
GFT-003098,DNR-00766,FND-001,CAM-003,2025-03-05,488.77,Pledge Payment
GFT-003099,DNR-00407,FND-001,CAM-001,2026-03-24,78.05,Cash
GFT-003100,DNR-00302,FND-008,,2025-12-08,109.14,Matching Gift
GFT-003101,DNR-00812,FND-004,,2025-03-10,15.21,Stock
GFT-003102,DNR-00466,FND-008,CAM-002,2023-08-03,262.32,Cash
GFT-003103,DNR-00818,FND-008,CAM-005,2026-03-23,54.15,Cash
GFT-003104,DNR-00420,FND-008,,2025-07-30,91.74,Cash
GFT-003105,DNR-00106,FND-004,,2025-10-29,49.39,Pledge Payment
GFT-003106,DNR-00606,FND-006,,2024-01-24,542.17,Cash
GFT-003107,DNR-00953,FND-007,CAM-004,2025-06-17,119.24,Matching Gift
GFT-003108,DNR-00603,FND-006,CAM-006,2023-12-07,44.86,Cash
GFT-003109,DNR-00083,FND-008,,2026-03-04,48.01,Cash
GFT-003110,DNR-00679,FND-004,CAM-002,2025-06-21,441.43,Cash
GFT-003111,DNR-00340,FND-001,,2026-05-03,71.19,Cash
GFT-003112,DNR-01151,FND-005,,2024-04-24,106.56,Pledge Payment
GFT-003113,DNR-01044,FND-004,CAM-006,2023-08-20,188.92,Cash
GFT-003114,DNR-00050,FND-008,CAM-004,2025-07-30,128.23,Cash
GFT-003115,DNR-00943,FND-006,CAM-003,2025-05-15,24.22,Cash
GFT-003116,DNR-00754,FND-001,CAM-006,2025-02-03,356.94,Pledge Payment
GFT-003117,DNR-00898,FND-008,CAM-004,2024-03-09,138.6,Cash
GFT-003118,DNR-00075,FND-002,,2026-05-18,250.68,Stock
GFT-003119,DNR-00677,FND-008,CAM-002,2025-08-12,388.6,Cash
GFT-003120,DNR-00292,FND-004,,2024-04-20,19.48,Cash
GFT-003121,DNR-00565,FND-007,CAM-001,2025-08-25,392.86,Cash
GFT-003122,DNR-00091,FND-005,,2023-09-24,2830.68,Cash
GFT-003123,DNR-00399,FND-007,CAM-001,2024-03-29,282.17,Cash
GFT-003124,DNR-00311,FND-007,CAM-006,2025-11-02,775.18,Cash
GFT-003125,DNR-00432,FND-001,,2024-12-04,519.98,Pledge Payment
GFT-003126,DNR-00077,FND-005,CAM-005,2024-05-30,376.12,Cash
GFT-003127,DNR-00449,FND-008,,2023-11-13,542.94,Cash
GFT-003128,DNR-00234,FND-002,CAM-005,2026-04-06,665.19,Cash
GFT-003129,DNR-00763,FND-008,CAM-002,2025-06-01,699.25,Cash
GFT-003130,DNR-00669,FND-003,CAM-006,2025-05-08,47.89,Pledge Payment
GFT-003131,DNR-00503,FND-004,,2025-01-22,585.18,Cash
GFT-003132,DNR-00990,FND-005,CAM-003,2025-12-05,136.48,Matching Gift
GFT-003133,DNR-00616,FND-008,CAM-004,2026-05-08,731.75,Cash
GFT-003134,DNR-DUP011,FND-005,CAM-002,2023-10-14,311.24,Cash
GFT-003135,DNR-00304,FND-004,CAM-001,2024-02-04,47.2,Pledge Payment
GFT-003136,DNR-00951,FND-003,,2024-11-21,868.78,Pledge Payment
GFT-003137,DNR-00744,FND-007,CAM-004,2026-05-01,78.43,Cash
GFT-003138,DNR-01161,FND-006,CAM-002,2025-11-05,129.46,Pledge Payment
GFT-003139,DNR-00497,FND-003,CAM-005,2023-12-14,1166.29,Cash
GFT-003140,DNR-00643,FND-001,CAM-004,2023-11-13,212.46,Cash
GFT-003141,DNR-00886,FND-003,CAM-004,2025-10-09,123.6,Cash
GFT-003142,DNR-00063,FND-006,CAM-003,2026-02-24,166.93,Matching Gift
GFT-003143,DNR-00631,FND-004,CAM-005,2024-02-28,120.85,Pledge Payment
GFT-003144,DNR-00812,FND-004,CAM-004,2026-04-03,440.43,Stock
GFT-003145,DNR-00482,FND-005,CAM-001,2025-11-27,124.81,Cash
GFT-003146,DNR-00689,FND-003,CAM-003,2024-06-02,173.21,Cash
GFT-003147,DNR-00170,FND-002,,2025-08-10,342.69,Pledge Payment
GFT-003148,DNR-00018,FND-003,CAM-006,2023-12-16,300.68,Pledge Payment
GFT-003149,DNR-01009,FND-002,,2025-11-24,85.26,Pledge Payment
GFT-003150,DNR-00005,FND-008,,2023-10-14,446.9,Cash
GFT-003151,DNR-00274,FND-005,CAM-003,2023-09-05,102.69,Cash
GFT-003152,DNR-01172,FND-002,,2025-07-01,58.82,Cash
GFT-003153,DNR-00635,FND-006,,2024-06-03,26.41,Cash
GFT-003154,DNR-01194,FND-002,,2023-09-18,149.12,Pledge Payment
GFT-003155,DNR-00394,FND-003,CAM-004,2023-07-01,31.9,Stock
GFT-003156,DNR-00221,FND-005,CAM-002,2026-03-31,73.72,Pledge Payment
GFT-003157,DNR-00147,FND-005,,2026-06-12,178.07,Cash
GFT-003158,DNR-00947,FND-005,,2023-11-11,647.11,Pledge Payment
GFT-003159,DNR-00197,FND-008,CAM-001,2026-05-20,133.15,Cash
GFT-003160,DNR-00066,FND-007,CAM-003,2025-02-01,38.74,Stock
GFT-003161,DNR-00969,FND-008,CAM-003,2024-05-29,160.94,Pledge Payment
GFT-003162,DNR-00628,FND-005,CAM-004,2026-05-08,616.04,Pledge Payment
GFT-003163,DNR-00482,FND-005,CAM-003,2025-11-03,129.91,Pledge Payment
GFT-003164,DNR-00493,FND-008,,2024-09-04,796.88,Cash
GFT-003165,DNR-00076,FND-002,,2024-05-13,176.97,Cash
GFT-003166,DNR-00303,FND-002,CAM-005,2024-02-27,394.63,Pledge Payment
GFT-003167,DNR-00306,FND-002,CAM-002,2024-03-15,230.49,Cash
GFT-003168,DNR-00656,FND-004,CAM-005,2025-05-12,748.26,Cash
GFT-003169,DNR-00840,FND-002,CAM-006,2025-12-08,1914.68,Stock
GFT-003170,DNR-00430,FND-008,,2025-03-11,108.12,Cash
GFT-003171,DNR-00321,FND-007,CAM-001,2025-07-15,215.86,Cash
GFT-003172,DNR-00136,FND-001,,2025-06-06,646.52,Cash
GFT-003173,DNR-00798,FND-003,CAM-005,2024-11-28,239.63,Cash
GFT-003174,DNR-00815,FND-006,CAM-005,2026-02-04,25.22,Cash
GFT-003175,DNR-00670,FND-007,CAM-003,2024-03-29,132.07,Cash
GFT-003176,DNR-00016,FND-003,CAM-002,2024-07-11,237.35,Cash
GFT-003177,DNR-00191,FND-008,CAM-003,2025-10-29,1046.91,Cash
GFT-003178,DNR-00087,FND-003,CAM-001,2024-04-29,203.14,Pledge Payment
GFT-003179,DNR-01015,FND-005,CAM-001,2026-05-16,68.85,Cash
GFT-003180,DNR-00856,FND-001,,2024-07-04,243.74,Cash
GFT-003181,DNR-00703,FND-006,CAM-003,2025-07-08,913.02,Pledge Payment
GFT-003182,DNR-00215,FND-008,CAM-006,2023-07-06,91.42,Cash
GFT-003183,DNR-00433,FND-003,CAM-003,2024-08-17,104.09,Pledge Payment
GFT-003184,DNR-00561,FND-007,CAM-006,2026-04-30,92.89,Cash
GFT-003185,DNR-00891,FND-001,CAM-005,2024-08-06,43.88,Pledge Payment
GFT-003186,DNR-01104,FND-008,,2025-02-14,193.31,Stock
GFT-003187,DNR-00682,FND-001,CAM-004,2025-02-02,169.76,Matching Gift
GFT-003188,DNR-00972,FND-007,CAM-005,2023-11-06,27.89,Cash
GFT-003189,DNR-00646,FND-004,CAM-005,2024-10-15,74.39,Pledge Payment
GFT-003190,DNR-00615,FND-001,CAM-001,2024-12-24,222.87,Cash
GFT-003191,DNR-00809,FND-005,,2024-12-02,383.72,Pledge Payment
GFT-003192,DNR-00470,FND-001,CAM-001,2026-06-21,522.57,Cash
GFT-003193,DNR-00490,FND-007,,2026-01-06,421.67,Pledge Payment
GFT-003194,DNR-00098,FND-002,CAM-002,2025-11-27,180.93,Cash
GFT-003195,DNR-00034,FND-005,,2025-10-31,37.24,Cash
GFT-003196,DNR-01189,FND-004,CAM-006,2026-04-13,141.49,Cash
GFT-003197,DNR-00238,FND-004,CAM-004,2025-02-08,13.25,Cash
GFT-003198,DNR-00363,FND-004,,2025-05-03,224.06,Matching Gift
GFT-003199,DNR-00164,FND-006,CAM-001,2025-11-26,88.24,Cash
GFT-003200,DNR-00043,FND-002,,2026-03-09,19.02,Cash
GFT-003201,DNR-00347,FND-005,CAM-002,2024-12-10,273.39,Pledge Payment
GFT-003202,DNR-00332,FND-007,CAM-001,2025-10-29,898.73,Cash
GFT-003203,DNR-00741,FND-002,CAM-002,2024-05-31,32.3,Cash
GFT-003204,DNR-01111,FND-002,,2025-03-25,299.75,Cash
GFT-003205,DNR-00249,FND-001,CAM-001,2024-05-14,117.6,Cash
GFT-003206,DNR-00554,FND-003,,2023-11-13,78.36,Matching Gift
GFT-003207,DNR-00692,FND-002,CAM-006,2026-01-10,78.54,Cash
GFT-003208,DNR-00953,FND-002,CAM-005,2026-06-29,117.57,Pledge Payment
GFT-003209,DNR-00171,FND-006,,2025-01-20,117.12,Pledge Payment
GFT-003210,DNR-00362,FND-007,CAM-001,2025-06-23,173.19,Cash
GFT-003211,DNR-00038,FND-002,,2024-11-24,70.89,Pledge Payment
GFT-003212,DNR-00299,FND-006,,2024-05-28,86.8,Cash
GFT-003213,DNR-01096,FND-004,CAM-005,2026-06-04,333.02,Pledge Payment
GFT-003214,DNR-00062,FND-006,CAM-004,2025-06-19,64.7,Stock
GFT-003215,DNR-00213,FND-007,CAM-001,2025-12-02,240.56,Pledge Payment
GFT-003216,DNR-00390,FND-008,,2024-06-08,124.1,Cash
GFT-003217,DNR-01013,FND-008,CAM-004,2024-10-07,99.52,Matching Gift
GFT-003218,DNR-00756,FND-004,,2025-04-20,1337.33,Cash
GFT-003219,DNR-00928,FND-004,,2023-09-13,44.87,Matching Gift
GFT-003220,DNR-00036,FND-006,CAM-003,2025-06-27,982.18,Cash
GFT-003221,DNR-00016,FND-006,CAM-005,2025-10-29,453.26,Matching Gift
GFT-003222,DNR-00275,FND-002,CAM-006,2023-12-22,90.62,Cash
GFT-003223,DNR-DUP014,FND-003,CAM-005,2024-02-24,469.03,Cash
GFT-003224,DNR-01134,FND-006,,2026-04-08,9.22,Cash
GFT-003225,DNR-00650,FND-004,CAM-002,2023-09-05,82.11,Cash
GFT-003226,DNR-00601,FND-001,,2025-11-18,65.6,Cash
GFT-003227,DNR-00615,FND-003,CAM-002,2023-10-21,277.09,Cash
GFT-003228,DNR-00314,FND-005,CAM-003,2025-08-16,392.65,Pledge Payment
GFT-003229,DNR-00153,FND-006,,2025-10-21,272.03,Cash
GFT-003230,DNR-00632,FND-005,CAM-004,2026-04-16,207.83,Cash
GFT-003231,DNR-00054,FND-005,CAM-003,2023-08-16,507.58,Cash
GFT-003232,DNR-00191,FND-003,CAM-006,2024-07-13,426.08,Cash
GFT-003233,DNR-00743,FND-002,,2024-01-22,88.39,Stock
GFT-003234,DNR-00684,FND-006,,2024-12-23,99.01,Cash
GFT-003235,DNR-01181,FND-004,,2024-07-09,398.1,Cash
GFT-003236,DNR-00101,FND-005,CAM-002,2024-10-17,171.36,Matching Gift
GFT-003237,DNR-01125,FND-005,CAM-006,2023-12-11,184.52,Cash
GFT-003238,DNR-00206,FND-007,,2025-03-01,212.22,Cash
GFT-003239,DNR-00861,FND-002,CAM-003,2025-03-30,26.29,Cash
GFT-003240,DNR-00107,FND-003,,2025-01-02,84.38,Matching Gift
GFT-003241,DNR-DUP004,FND-001,,2024-01-10,305.05,Cash
GFT-003242,DNR-00088,FND-008,CAM-003,2026-03-03,83.66,Pledge Payment
GFT-003243,DNR-01110,FND-002,CAM-002,2025-10-09,139.55,Cash
GFT-003244,DNR-DUP010,FND-004,,2024-05-21,302.8,Pledge Payment
GFT-003245,DNR-00345,FND-003,,2025-05-15,542.81,Cash
GFT-003246,DNR-00964,FND-004,,2023-08-04,626.46,Cash
GFT-003247,DNR-01044,FND-004,CAM-004,2024-06-11,671.96,Cash
GFT-003248,DNR-01072,FND-005,CAM-001,2023-07-11,154.23,Cash
GFT-003249,DNR-01122,FND-004,,2026-04-04,137.78,Cash
GFT-003250,DNR-00433,FND-007,CAM-001,2025-11-27,50.43,Cash
GFT-003251,DNR-00600,FND-006,,2026-06-15,905.49,Pledge Payment
GFT-003252,DNR-DUP009,FND-007,CAM-002,2025-10-06,131.7,Pledge Payment
GFT-003253,DNR-00511,FND-002,CAM-004,2025-01-02,878.08,Cash
GFT-003254,DNR-01020,FND-001,,2024-12-04,247.95,Cash
GFT-003255,DNR-DUP009,FND-004,CAM-002,2025-10-08,574.35,Pledge Payment
GFT-003256,DNR-01181,FND-003,,2024-03-19,165.81,Pledge Payment
GFT-003257,DNR-00272,FND-001,CAM-001,2024-11-21,338.7,Cash
GFT-003258,DNR-00096,FND-002,CAM-004,2024-11-23,598.85,Cash
GFT-003259,DNR-00447,FND-005,,2024-03-29,104.68,Cash
GFT-003260,DNR-00431,FND-002,,2023-07-06,676.47,Cash
GFT-003261,DNR-00220,FND-006,CAM-001,2025-10-24,57.44,Cash
GFT-003262,DNR-00296,FND-003,,2026-01-01,1289.89,Pledge Payment
GFT-003263,DNR-00666,FND-007,CAM-004,2025-07-25,213.16,Pledge Payment
GFT-003264,DNR-00564,FND-008,CAM-001,2026-05-28,85.75,Stock
GFT-003265,DNR-00424,FND-007,CAM-003,2024-04-24,442.69,Cash
GFT-003266,DNR-00498,FND-008,CAM-005,2024-07-20,261.15,Cash
GFT-003267,DNR-00896,FND-001,CAM-002,2025-01-11,27.61,Cash
GFT-003268,DNR-00888,FND-008,,2023-07-07,117.64,Cash
GFT-003269,DNR-00123,FND-008,CAM-006,2023-11-03,60.25,Stock
GFT-003270,DNR-00418,FND-007,,2025-02-12,65.73,Cash
GFT-003271,DNR-00289,FND-005,CAM-002,2025-02-08,63.43,Cash
GFT-003272,DNR-00873,FND-001,CAM-005,2024-06-27,320.55,Cash
GFT-003273,DNR-00134,FND-008,CAM-003,2026-06-19,484.76,Stock
GFT-003274,DNR-00460,FND-008,CAM-001,2025-03-12,78.03,Cash
GFT-003275,DNR-00977,FND-007,CAM-002,2025-01-15,21.42,Stock
GFT-003276,DNR-00984,FND-004,CAM-005,2024-05-24,13.15,Pledge Payment
GFT-003277,DNR-00036,FND-004,CAM-005,2024-03-30,1755.73,Stock
GFT-003278,DNR-00449,FND-003,,2025-08-26,215.7,Cash
GFT-003279,DNR-00760,FND-005,,2024-12-30,446.62,Pledge Payment
GFT-003280,DNR-01058,FND-005,CAM-004,2025-01-07,146.2,Cash
GFT-003281,DNR-00129,FND-002,CAM-001,2023-08-11,17.52,Cash
GFT-003282,DNR-00517,FND-004,CAM-006,2025-01-30,285.71,Pledge Payment
GFT-003283,DNR-00375,FND-008,CAM-006,2026-06-20,1113.91,Stock
GFT-003284,DNR-00306,FND-001,CAM-003,2023-07-07,90.73,Cash
GFT-003285,DNR-01164,FND-006,,2025-11-06,15.81,Pledge Payment
GFT-003286,DNR-00397,FND-003,,2026-03-12,50.15,Cash
GFT-003287,DNR-00871,FND-005,CAM-002,2025-03-19,473.13,Cash
GFT-003288,DNR-00824,FND-006,,2024-08-12,258.9,Matching Gift
GFT-003289,DNR-00967,FND-004,CAM-001,2025-08-17,680.02,Cash
GFT-003290,DNR-00094,FND-006,CAM-003,2025-04-26,183.03,Pledge Payment
GFT-003291,DNR-00494,FND-006,CAM-005,2026-02-20,384.87,Cash
GFT-003292,DNR-00883,FND-001,,2024-10-09,114.06,Pledge Payment
GFT-003293,DNR-01158,FND-003,CAM-001,2024-01-28,54.12,Cash
GFT-003294,DNR-00090,FND-004,CAM-005,2025-10-19,386.13,Cash
GFT-003295,DNR-01096,FND-002,,2025-10-22,482.54,Stock
GFT-003296,DNR-00278,FND-004,CAM-001,2025-12-20,92.95,Cash
GFT-003297,DNR-00760,FND-002,,2024-09-20,985.41,Stock
GFT-003298,DNR-00024,FND-007,,2024-12-07,1022.12,Cash
GFT-003299,DNR-DUP005,FND-008,CAM-001,2025-01-25,63.83,Cash
GFT-003300,DNR-00698,FND-004,,2024-01-08,66.85,Cash
GFT-003301,DNR-00513,FND-004,,2024-01-08,70.08,Pledge Payment
GFT-003302,DNR-00568,FND-003,,2026-03-01,157.72,Cash
GFT-003303,DNR-00444,FND-007,CAM-003,2026-03-29,119.92,Cash
GFT-003304,DNR-00182,FND-004,CAM-002,2024-01-21,43.15,Pledge Payment
GFT-003305,DNR-00875,FND-006,CAM-003,2023-07-01,72.16,Cash
GFT-003306,DNR-01140,FND-003,,2026-01-12,17.86,Cash
GFT-003307,DNR-01171,FND-001,CAM-002,2024-01-16,20.88,Cash
GFT-003308,DNR-00353,FND-003,CAM-001,2024-07-29,35.54,Cash
GFT-003309,DNR-00368,FND-004,CAM-001,2023-10-01,1621.72,Pledge Payment
GFT-003310,DNR-00272,FND-005,CAM-005,2024-08-08,1362.79,Cash
GFT-003311,DNR-00921,FND-004,,2023-11-03,413.32,Matching Gift
GFT-003312,DNR-00242,FND-004,CAM-003,2023-09-03,93.95,Cash
GFT-003313,DNR-00885,FND-003,,2025-03-05,34.98,Cash
GFT-003314,DNR-00971,FND-007,,2024-05-21,178.84,Cash
GFT-003315,DNR-00768,FND-001,CAM-006,2024-06-15,294.87,Cash
GFT-003316,DNR-00861,FND-002,,2024-06-23,79.38,Cash
GFT-003317,DNR-00434,FND-002,,2024-05-18,277.15,Cash
GFT-003318,DNR-00223,FND-007,CAM-001,2025-10-28,49.68,Pledge Payment
GFT-003319,DNR-00546,FND-006,CAM-005,2024-06-05,95.97,Cash
GFT-003320,DNR-01092,FND-004,CAM-005,2024-05-18,136.48,Cash
GFT-003321,DNR-00353,FND-008,CAM-002,2025-11-17,1419.67,Cash
GFT-003322,DNR-00533,FND-004,,2025-04-07,71.1,Cash
GFT-003323,DNR-00832,FND-005,CAM-004,2024-08-05,2658.04,Matching Gift
GFT-003324,DNR-00187,FND-002,,2026-02-07,293.2,Pledge Payment
GFT-003325,DNR-00471,FND-002,CAM-006,2023-10-19,2930.48,Matching Gift
GFT-003326,DNR-00809,FND-003,,2026-03-08,60.77,Stock
GFT-003327,DNR-00369,FND-004,,2026-05-26,52.85,Cash
GFT-003328,DNR-00104,FND-002,CAM-001,2024-11-04,79.02,Cash
GFT-003329,DNR-00695,FND-002,CAM-002,2023-12-19,185.78,Cash
GFT-003330,DNR-00681,FND-003,,2024-12-16,1167.83,Pledge Payment
GFT-003331,DNR-00876,FND-008,CAM-001,2023-09-29,91.84,Pledge Payment
GFT-003332,DNR-00452,FND-002,CAM-006,2024-04-12,487.05,Cash
GFT-003333,DNR-00906,FND-002,CAM-004,2024-04-28,1520.35,Stock
GFT-003334,DNR-00660,FND-008,,2023-12-12,240.43,Cash
GFT-003335,DNR-00692,FND-001,,2025-01-16,604.43,Cash
GFT-003336,DNR-00056,FND-001,,2023-07-24,74.69,Cash
GFT-003337,DNR-00661,FND-003,,2023-12-19,284.28,Cash
GFT-003338,DNR-00390,FND-008,,2023-12-17,377.39,Cash
GFT-003339,DNR-01104,FND-006,,2025-12-16,41.18,Cash
GFT-003340,DNR-00307,FND-006,CAM-003,2023-08-22,67.45,Pledge Payment
GFT-003341,DNR-00236,FND-005,CAM-002,2025-08-15,130.2,Cash
GFT-003342,DNR-00327,FND-002,CAM-006,2024-12-16,30.26,Matching Gift
GFT-003343,DNR-01181,FND-008,CAM-002,2024-04-28,81.3,Cash
GFT-003344,DNR-01070,FND-002,,2026-04-01,147.24,Pledge Payment
GFT-003345,DNR-00592,FND-001,CAM-003,2024-06-24,35.73,Cash
GFT-003346,DNR-00961,FND-001,CAM-006,2025-08-16,1320.98,Cash
GFT-003347,DNR-00958,FND-001,,2025-12-07,551.1,Cash
GFT-003348,DNR-00006,FND-005,CAM-001,2023-10-09,8795.19,Cash
GFT-003349,DNR-00708,FND-006,,2025-08-12,46.11,Cash
GFT-003350,DNR-01057,FND-005,CAM-006,2025-07-10,297.32,Cash
GFT-003351,DNR-00830,FND-007,,2024-05-03,82.09,Cash
GFT-003352,DNR-00846,FND-003,CAM-002,2024-10-25,52.55,Cash
GFT-003353,DNR-00467,FND-006,CAM-003,2026-05-13,513.62,Cash
GFT-003354,DNR-00750,FND-005,,2023-10-09,192.58,Stock
GFT-003355,DNR-00086,FND-001,CAM-005,2025-08-07,121.03,Cash
GFT-003356,DNR-00833,FND-004,CAM-001,2023-10-17,248.72,Cash
GFT-003357,DNR-01144,FND-008,CAM-003,2025-10-18,70.42,Pledge Payment
GFT-003358,DNR-01077,FND-003,,2023-08-04,68.06,Cash
GFT-003359,DNR-00125,FND-005,,2023-11-10,85.18,Cash
GFT-003360,DNR-00803,FND-005,CAM-006,2024-03-07,651.78,Stock
GFT-003361,DNR-01139,FND-001,CAM-002,2024-03-11,587.38,Pledge Payment
GFT-003362,DNR-00364,FND-008,CAM-005,2024-12-11,44.05,Cash
GFT-003363,DNR-01057,FND-004,CAM-004,2024-11-21,1243.91,Cash
GFT-003364,DNR-01083,FND-002,CAM-004,2024-07-19,175.1,Pledge Payment
GFT-003365,DNR-00497,FND-003,,2024-12-30,291.66,Cash
GFT-003366,DNR-00820,FND-005,,2024-04-15,82.36,Cash
GFT-003367,DNR-01171,FND-005,CAM-004,2026-06-03,185.53,Cash
GFT-003368,DNR-00325,FND-001,CAM-001,2025-03-01,52.24,Cash
GFT-003369,DNR-00268,FND-006,CAM-006,2025-11-06,76.66,Cash
GFT-003370,DNR-00439,FND-002,CAM-002,2025-11-29,463.35,Matching Gift
GFT-003371,DNR-00169,FND-008,,2024-11-27,476.69,Cash
GFT-003372,DNR-00598,FND-007,,2025-09-07,307.56,Pledge Payment
GFT-003373,DNR-00766,FND-005,,2025-06-26,113.0,Stock
GFT-003374,DNR-00826,FND-004,CAM-003,2024-07-17,43.33,Cash
GFT-003375,DNR-01114,FND-003,CAM-002,2025-05-27,757.47,Pledge Payment
GFT-003376,DNR-00048,FND-002,CAM-005,2024-07-27,521.31,Cash
GFT-003377,DNR-00631,FND-007,CAM-002,2025-08-11,23.99,Cash
GFT-003378,DNR-01051,FND-001,CAM-001,2025-02-15,486.84,Matching Gift
GFT-003379,DNR-00755,FND-004,CAM-006,2024-02-09,120.96,Pledge Payment
GFT-003380,DNR-01063,FND-003,CAM-002,2026-04-21,392.6,Cash
GFT-003381,DNR-00275,FND-008,,2025-05-10,36.18,Cash
GFT-003382,DNR-00077,FND-005,,2025-05-27,86.89,Cash
GFT-003383,DNR-00490,FND-004,CAM-001,2025-02-16,201.14,Matching Gift
GFT-003384,DNR-00728,FND-004,CAM-006,2024-08-31,1321.73,Cash
GFT-003385,DNR-DUP002,FND-006,,2024-12-09,3407.03,Matching Gift
GFT-003386,DNR-00455,FND-003,,2025-09-16,201.72,Cash
GFT-003387,DNR-00194,FND-008,CAM-006,2024-01-01,619.15,Cash
GFT-003388,DNR-00254,FND-001,CAM-001,2026-02-10,234.0,Stock
GFT-003389,DNR-00188,FND-004,CAM-005,2024-11-05,224.66,Cash
GFT-003390,DNR-00276,FND-007,CAM-003,2024-09-16,327.41,Cash
GFT-003391,DNR-00081,FND-007,,2024-10-05,169.99,Cash
GFT-003392,DNR-00172,FND-008,CAM-003,2023-12-05,449.91,Pledge Payment
GFT-003393,DNR-00196,FND-008,CAM-006,2025-09-05,56.11,Cash
GFT-003394,DNR-01132,FND-001,,2025-10-11,171.28,Cash
GFT-003395,DNR-00428,FND-001,,2024-07-13,1485.05,Cash
GFT-003396,DNR-00686,FND-007,,2024-02-04,652.27,Stock
GFT-003397,DNR-01073,FND-001,CAM-001,2024-03-18,258.04,Cash
GFT-003398,DNR-00684,FND-008,CAM-005,2025-08-11,545.91,Pledge Payment
GFT-003399,DNR-00581,FND-002,CAM-004,2024-12-22,1008.56,Pledge Payment
GFT-003400,DNR-00438,FND-007,CAM-003,2023-07-07,21.18,Cash
GFT-003401,DNR-00275,FND-001,,2025-06-08,133.68,Cash
GFT-003402,DNR-00146,FND-002,CAM-006,2025-03-29,86.58,Cash
GFT-003403,DNR-00223,FND-005,CAM-001,2025-02-07,38.76,Cash
GFT-003404,DNR-00814,FND-008,CAM-003,2024-10-16,1808.41,Cash
GFT-003405,DNR-DUP001,FND-003,CAM-004,2023-08-24,346.15,Pledge Payment
GFT-003406,DNR-00350,FND-003,CAM-001,2024-08-02,522.48,Pledge Payment
GFT-003407,DNR-00303,FND-002,CAM-001,2026-05-01,90.57,Cash
GFT-003408,DNR-00564,FND-006,CAM-003,2026-01-10,130.63,Stock
GFT-003409,DNR-00158,FND-002,CAM-002,2025-11-03,180.26,Cash
GFT-003410,DNR-00603,FND-003,CAM-006,2023-09-13,281.08,Cash
GFT-003411,DNR-00088,FND-006,,2025-10-12,429.96,Cash
GFT-003412,DNR-00487,FND-008,CAM-004,2025-05-22,25.65,Matching Gift
GFT-003413,DNR-00892,FND-001,CAM-006,2025-11-24,397.91,Pledge Payment
GFT-003414,DNR-00239,FND-003,CAM-004,2024-01-13,140.18,Pledge Payment
GFT-003415,DNR-00087,FND-004,,2023-08-06,1062.85,Pledge Payment
GFT-003416,DNR-00417,FND-006,CAM-004,2026-05-31,803.36,Pledge Payment
GFT-003417,DNR-00182,FND-001,CAM-004,2025-09-22,249.76,Pledge Payment
GFT-003418,DNR-00934,FND-002,CAM-003,2024-05-11,187.8,Pledge Payment
GFT-003419,DNR-00205,FND-003,CAM-001,2024-09-08,129.03,Cash
GFT-003420,DNR-00698,FND-006,,2024-12-02,282.96,Cash
GFT-003421,DNR-01043,FND-003,CAM-004,2025-11-27,749.58,Cash
GFT-003422,DNR-00995,FND-008,CAM-004,2024-02-08,192.62,Pledge Payment
GFT-003423,DNR-00432,FND-005,CAM-002,2024-04-18,98.25,Pledge Payment
GFT-003424,DNR-00238,FND-004,CAM-002,2023-09-21,187.9,Stock
GFT-003425,DNR-01081,FND-008,CAM-001,2023-07-11,255.07,Pledge Payment
GFT-003426,DNR-00612,FND-004,CAM-005,2025-06-01,52.46,Cash
GFT-003427,DNR-00280,FND-007,,2026-06-17,40.43,Cash
GFT-003428,DNR-00479,FND-006,,2024-09-07,100.98,Pledge Payment
GFT-003429,DNR-00210,FND-006,CAM-005,2023-10-18,1059.86,Cash
GFT-003430,DNR-00098,FND-006,,2023-08-06,696.68,Stock
GFT-003431,DNR-00586,FND-003,,2025-02-12,32.18,Cash
GFT-003432,DNR-00523,FND-003,CAM-004,2026-01-13,65.0,Cash
GFT-003433,DNR-01173,FND-007,CAM-002,2025-11-08,421.17,Pledge Payment
GFT-003434,DNR-00184,FND-005,,2026-01-20,114.98,Matching Gift
GFT-003435,DNR-01187,FND-007,CAM-001,2025-07-19,300.93,Cash
GFT-003436,DNR-00677,FND-002,CAM-002,2024-04-26,33.97,Stock
GFT-003437,DNR-01025,FND-005,CAM-001,2023-08-13,183.72,Cash
GFT-003438,DNR-00390,FND-002,,2024-06-23,163.67,Cash
GFT-003439,DNR-00603,FND-003,CAM-004,2024-09-29,525.62,Pledge Payment
GFT-003440,DNR-01155,FND-001,CAM-004,2025-10-05,281.15,Stock
GFT-003441,DNR-01143,FND-008,,2023-08-17,212.15,Cash
GFT-003442,DNR-00242,FND-008,CAM-004,2025-09-23,27.15,Cash
GFT-003443,DNR-00906,FND-003,CAM-001,2023-09-01,1553.74,Pledge Payment
GFT-003444,DNR-01151,FND-004,CAM-006,2025-03-25,385.93,Pledge Payment
GFT-003445,DNR-00668,FND-006,CAM-001,2024-09-24,82.89,Cash
GFT-003446,DNR-00284,FND-001,CAM-002,2026-05-31,206.2,Pledge Payment
GFT-003447,DNR-00706,FND-007,,2023-07-07,118.77,Cash
GFT-003448,DNR-01160,FND-007,CAM-003,2024-04-17,144.55,Pledge Payment
GFT-003449,DNR-01125,FND-003,CAM-004,2023-08-31,682.94,Pledge Payment
GFT-003450,DNR-01116,FND-003,CAM-004,2025-07-04,64.68,Cash
GFT-003451,DNR-00192,FND-007,CAM-004,2024-12-26,405.49,Pledge Payment
GFT-003452,DNR-00834,FND-002,CAM-001,2025-06-05,720.52,Pledge Payment
GFT-003453,DNR-01151,FND-008,CAM-004,2023-07-31,335.16,Stock
GFT-003454,DNR-00299,FND-004,CAM-006,2024-01-18,152.61,Pledge Payment
GFT-003455,DNR-01171,FND-006,,2025-04-03,76.91,Cash
GFT-003456,DNR-00394,FND-005,CAM-004,2024-11-27,88.49,Cash
GFT-003457,DNR-00493,FND-005,CAM-006,2024-05-01,211.01,Cash
GFT-003458,DNR-00084,FND-001,,2025-01-07,22.77,Matching Gift
GFT-003459,DNR-00459,FND-001,,2026-03-06,192.17,Pledge Payment
GFT-003460,DNR-00890,FND-007,CAM-004,2026-05-18,469.57,Cash
GFT-003461,DNR-00113,FND-002,CAM-004,2023-11-06,36.36,Cash
GFT-003462,DNR-00414,FND-002,,2026-04-27,672.09,Pledge Payment
GFT-003463,DNR-00686,FND-001,,2024-07-30,3575.55,Cash
GFT-003464,DNR-00769,FND-001,CAM-002,2023-11-13,169.0,Cash
GFT-003465,DNR-00601,FND-002,CAM-003,2023-12-12,142.31,Cash
GFT-003466,DNR-00929,FND-007,,2023-10-20,157.57,Stock
GFT-003467,DNR-00402,FND-008,CAM-004,2026-06-03,202.94,Cash
GFT-003468,DNR-00104,FND-006,CAM-001,2024-04-20,130.64,Stock
GFT-003469,DNR-00554,FND-001,CAM-005,2025-01-24,21.58,Cash
GFT-003470,DNR-00907,FND-005,CAM-004,2025-12-19,153.81,Cash
GFT-003471,DNR-00120,FND-008,,2024-05-28,61.73,Matching Gift
GFT-003472,DNR-00844,FND-003,,2025-10-03,216.96,Cash
GFT-003473,DNR-00040,FND-002,CAM-005,2025-06-05,769.3,Cash
GFT-003474,DNR-00788,FND-001,,2026-02-26,63.84,Stock
GFT-003475,DNR-00540,FND-001,CAM-004,2023-11-14,1247.02,Cash
GFT-003476,DNR-01093,FND-005,,2026-06-08,121.31,Stock
GFT-003477,DNR-00407,FND-004,CAM-005,2024-08-03,71.91,Cash
GFT-003478,DNR-00183,FND-003,CAM-003,2024-10-18,386.05,Cash
GFT-003479,DNR-00351,FND-004,CAM-003,2025-07-02,107.17,Cash
GFT-003480,DNR-00223,FND-008,CAM-006,2025-09-29,172.59,Pledge Payment
GFT-003481,DNR-00951,FND-001,CAM-001,2023-12-10,185.93,Stock
GFT-003482,DNR-00209,FND-002,,2024-06-01,360.46,Cash
GFT-003483,DNR-00778,FND-002,CAM-001,2023-07-01,167.04,Pledge Payment
GFT-003484,DNR-00488,FND-006,,2025-11-11,147.97,Matching Gift
GFT-003485,DNR-01016,FND-006,CAM-004,2026-02-12,117.98,Cash
GFT-003486,DNR-00390,FND-004,CAM-005,2024-03-05,319.82,Cash
GFT-003487,DNR-01117,FND-005,CAM-002,2023-11-30,101.41,Cash
GFT-003488,DNR-DUP013,FND-001,,2024-12-23,803.02,Cash
GFT-003489,DNR-00098,FND-003,CAM-004,2025-04-22,188.24,Cash
GFT-003490,DNR-01046,FND-001,,2025-02-22,28.53,Cash
GFT-003491,DNR-00565,FND-005,,2025-11-30,254.86,Cash
GFT-003492,DNR-00926,FND-004,CAM-002,2024-10-27,305.92,Cash
GFT-003493,DNR-00816,FND-008,CAM-006,2024-01-25,814.87,Pledge Payment
GFT-003494,DNR-00291,FND-008,CAM-005,2024-02-07,80.52,Pledge Payment
GFT-003495,DNR-00349,FND-003,,2026-05-17,69.11,Cash
GFT-003496,DNR-00331,FND-002,CAM-005,2023-07-29,374.84,Cash
GFT-003497,DNR-00210,FND-004,CAM-002,2024-07-08,654.92,Cash
GFT-003498,DNR-00860,FND-003,CAM-006,2026-05-29,77.28,Cash
GFT-003499,DNR-01007,FND-008,CAM-001,2025-05-27,244.56,Cash
GFT-003500,DNR-00475,FND-004,,2025-11-19,170.2,Pledge Payment
GFT-003501,DNR-00363,FND-006,CAM-004,2026-05-21,80.11,Cash
GFT-003502,DNR-00694,FND-004,CAM-005,2023-08-29,159.56,Pledge Payment
GFT-003503,DNR-01010,FND-007,CAM-004,2023-08-16,598.09,Cash
GFT-003504,DNR-00929,FND-008,,2024-02-29,189.13,Cash
GFT-003505,DNR-01017,FND-004,CAM-004,2025-10-02,150.62,Pledge Payment
GFT-003506,DNR-00301,FND-001,CAM-003,2026-05-27,352.13,Pledge Payment
GFT-003507,DNR-00771,FND-003,,2023-07-05,669.0,Cash
GFT-003508,DNR-00370,FND-004,CAM-003,2024-06-15,62.72,Cash
GFT-003509,DNR-00327,FND-002,CAM-004,2025-05-02,256.18,Cash
GFT-003510,DNR-00031,FND-006,CAM-006,2025-07-19,122.14,Pledge Payment
GFT-003511,DNR-00215,FND-005,CAM-004,2026-01-02,190.06,Cash
GFT-003512,DNR-00150,FND-003,,2024-05-03,385.89,Cash
GFT-003513,DNR-00671,FND-007,CAM-005,2024-04-10,132.76,Pledge Payment
GFT-003514,DNR-01142,FND-005,CAM-001,2023-09-19,19.54,Matching Gift
GFT-003515,DNR-01110,FND-005,CAM-006,2025-11-27,165.66,Pledge Payment
GFT-003516,DNR-00325,FND-003,,2023-08-03,539.32,Stock
GFT-003517,DNR-00070,FND-004,CAM-006,2025-05-08,297.43,Cash
GFT-003518,DNR-00514,FND-005,,2025-12-04,161.61,Pledge Payment
GFT-003519,DNR-00692,FND-002,,2025-03-02,211.37,Cash
GFT-003520,DNR-00711,FND-008,CAM-006,2025-01-31,194.71,Pledge Payment
GFT-003521,DNR-00938,FND-001,CAM-005,2026-05-05,26.63,Pledge Payment
GFT-003522,DNR-00732,FND-003,CAM-001,2024-01-04,215.4,Pledge Payment
GFT-003523,DNR-00917,FND-007,CAM-005,2025-09-30,44.82,Cash
GFT-003524,DNR-01105,FND-003,,2024-08-05,645.59,Pledge Payment
GFT-003525,DNR-00563,FND-007,,2026-01-11,43.81,Matching Gift
GFT-003526,DNR-00945,FND-008,CAM-006,2023-11-08,115.85,Cash
GFT-003527,DNR-00788,FND-003,CAM-004,2026-04-04,94.58,Cash
GFT-003528,DNR-01019,FND-003,,2026-05-01,1002.97,Cash
GFT-003529,DNR-01058,FND-004,CAM-005,2025-04-16,612.4,Cash
GFT-003530,DNR-01090,FND-006,CAM-006,2023-09-17,14.85,Cash
GFT-003531,DNR-00817,FND-003,CAM-001,2023-07-02,178.89,Cash
GFT-003532,DNR-00107,FND-005,,2025-07-25,52.83,Cash
GFT-003533,DNR-00800,FND-007,CAM-003,2025-07-08,216.31,Pledge Payment
GFT-003534,DNR-01166,FND-001,,2026-01-21,375.59,Cash
GFT-003535,DNR-00344,FND-005,CAM-006,2024-03-12,237.37,Pledge Payment
GFT-003536,DNR-00702,FND-006,CAM-002,2024-06-25,403.22,Cash
GFT-003537,DNR-00374,FND-007,CAM-005,2024-11-26,136.63,Cash
GFT-003538,DNR-00402,FND-003,CAM-003,2025-09-15,245.99,Cash
GFT-003539,DNR-00381,FND-004,,2025-02-22,386.46,Cash
GFT-003540,DNR-01180,FND-005,CAM-004,2026-06-25,111.28,Cash
GFT-003541,DNR-00399,FND-002,CAM-003,2024-09-28,70.87,Cash
GFT-003542,DNR-00337,FND-005,,2025-10-07,89.34,Pledge Payment
GFT-003543,DNR-00383,FND-006,CAM-005,2025-05-02,159.27,Cash
GFT-003544,DNR-00704,FND-007,,2024-06-29,184.29,Cash
GFT-003545,DNR-00827,FND-004,CAM-001,2024-06-16,262.41,Pledge Payment
GFT-003546,DNR-01085,FND-006,,2025-06-03,80.58,Pledge Payment
GFT-003547,DNR-01034,FND-002,CAM-006,2024-09-30,399.85,Matching Gift
GFT-003548,DNR-00757,FND-006,,2025-09-09,1341.78,Cash
GFT-003549,DNR-01063,FND-005,CAM-004,2026-03-29,95.31,Matching Gift
GFT-003550,DNR-00033,FND-006,CAM-005,2025-04-25,2690.84,Cash
GFT-003551,DNR-00536,FND-004,,2025-02-08,1606.8,Pledge Payment
GFT-003552,DNR-00628,FND-002,CAM-006,2024-08-01,183.66,Pledge Payment
GFT-003553,DNR-00232,FND-008,CAM-005,2023-11-30,154.18,Cash
GFT-003554,DNR-00097,FND-004,CAM-006,2024-06-02,88.03,Cash
GFT-003555,DNR-01192,FND-004,CAM-002,2025-05-14,474.09,Stock
GFT-003556,DNR-00177,FND-006,CAM-001,2023-09-16,197.61,Cash
GFT-003557,DNR-00630,FND-002,CAM-003,2025-09-15,221.69,Cash
GFT-003558,DNR-00930,FND-002,CAM-003,2025-02-21,72.41,Cash
GFT-003559,DNR-00415,FND-002,CAM-001,2025-05-02,490.52,Cash
GFT-003560,DNR-00750,FND-004,CAM-004,2024-06-20,141.4,Pledge Payment
GFT-003561,DNR-01075,FND-002,CAM-001,2026-03-01,56.82,Matching Gift
GFT-003562,DNR-00917,FND-006,,2025-11-19,168.35,Cash
GFT-003563,DNR-00545,FND-003,,2023-08-02,77.29,Cash
GFT-003564,DNR-00179,FND-001,CAM-003,2025-01-31,816.4,Cash
GFT-003565,DNR-00936,FND-007,CAM-006,2024-06-28,1577.52,Cash
GFT-003566,DNR-DUP011,FND-008,CAM-006,2024-03-06,173.63,Pledge Payment
GFT-003567,DNR-00270,FND-008,,2023-11-01,591.55,Cash
GFT-003568,DNR-00740,FND-003,CAM-001,2025-01-07,573.64,Matching Gift
GFT-003569,DNR-01079,FND-006,CAM-004,2026-05-19,7.03,Cash
GFT-003570,DNR-00281,FND-006,CAM-006,2024-05-29,89.49,Cash
GFT-003571,DNR-00853,FND-001,CAM-003,2025-11-23,207.36,Cash
GFT-003572,DNR-00851,FND-008,CAM-006,2026-05-03,114.34,Cash
GFT-003573,DNR-00573,FND-005,,2025-12-22,82.51,Cash
GFT-003574,DNR-01010,FND-006,CAM-006,2024-04-09,622.44,Cash
GFT-003575,DNR-00573,FND-006,CAM-004,2025-05-21,109.69,Cash
GFT-003576,DNR-00650,FND-005,,2025-07-14,263.19,Cash
GFT-003577,DNR-00264,FND-005,,2026-04-24,557.69,Stock
GFT-003578,DNR-00877,FND-006,,2023-12-17,880.07,Cash
GFT-003579,DNR-00013,FND-001,,2024-04-04,57.1,Cash
GFT-003580,DNR-00629,FND-006,CAM-001,2024-05-15,62.21,Cash
GFT-003581,DNR-00149,FND-004,,2024-10-18,231.9,Pledge Payment
GFT-003582,DNR-00668,FND-006,,2024-02-23,21.3,Cash
GFT-003583,DNR-00012,FND-006,CAM-003,2024-08-30,65.3,Cash
GFT-003584,DNR-00070,FND-004,CAM-004,2026-03-11,711.78,Cash
GFT-003585,DNR-00206,FND-005,CAM-002,2024-07-08,364.62,Pledge Payment
GFT-003586,DNR-01065,FND-007,CAM-004,2025-02-02,159.26,Cash
GFT-003587,DNR-00296,FND-008,CAM-001,2026-03-31,305.54,Pledge Payment
GFT-003588,DNR-00920,FND-008,CAM-002,2025-11-13,394.79,Stock
GFT-003589,DNR-00307,FND-001,,2025-10-24,39.92,Cash
GFT-003590,DNR-01056,FND-003,CAM-003,2025-07-20,107.66,Cash
GFT-003591,DNR-00429,FND-002,CAM-006,2025-02-09,2455.82,Matching Gift
GFT-003592,DNR-00355,FND-002,,2024-09-20,841.32,Matching Gift
GFT-003593,DNR-00129,FND-003,CAM-001,2024-07-24,236.51,Matching Gift
GFT-003594,DNR-00015,FND-005,,2024-04-19,252.53,Cash
GFT-003595,DNR-00773,FND-001,,2023-10-29,174.12,Stock
GFT-003596,DNR-00502,FND-007,CAM-002,2026-05-30,26.8,Cash
GFT-003597,DNR-00328,FND-004,CAM-006,2026-03-29,93.73,Cash
GFT-003598,DNR-00707,FND-001,CAM-006,2026-02-03,285.19,Pledge Payment
GFT-003599,DNR-00966,FND-007,CAM-006,2024-06-03,110.34,Cash
GFT-003600,DNR-00934,FND-003,,2023-12-26,59.16,Cash
GFT-003601,DNR-00984,FND-008,CAM-003,2025-06-16,67.32,Pledge Payment
GFT-003602,DNR-00744,FND-005,CAM-005,2024-12-15,863.85,Cash
GFT-003603,DNR-00777,FND-003,,2024-04-03,104.26,Pledge Payment
GFT-003604,DNR-00292,FND-002,CAM-006,2025-04-27,662.99,Pledge Payment
GFT-003605,DNR-00784,FND-004,,2026-01-14,253.85,Pledge Payment
GFT-003606,DNR-00109,FND-003,CAM-005,2025-09-11,140.59,Cash
GFT-003607,DNR-00961,FND-003,,2024-03-04,78.6,Cash
GFT-003608,DNR-00441,FND-004,CAM-005,2026-01-22,376.16,Stock
GFT-003609,DNR-01157,FND-003,,2024-09-17,567.83,Cash
GFT-003610,DNR-00373,FND-003,,2025-04-28,420.16,Pledge Payment
GFT-003611,DNR-00844,FND-003,,2024-09-11,44.06,Pledge Payment
GFT-003612,DNR-00670,FND-002,CAM-002,2025-11-21,103.96,Matching Gift
GFT-003613,DNR-01133,FND-003,CAM-001,2024-10-26,117.59,Pledge Payment
GFT-003614,DNR-00666,FND-006,CAM-001,2024-06-06,22.2,Cash
GFT-003615,DNR-00656,FND-005,CAM-002,2024-08-20,302.08,Cash
GFT-003616,DNR-00251,FND-008,CAM-005,2025-11-02,354.27,Matching Gift
GFT-003617,DNR-00449,FND-003,CAM-004,2026-04-05,340.25,Pledge Payment
GFT-003618,DNR-00507,FND-001,CAM-003,2025-02-13,280.55,Stock
GFT-003619,DNR-00520,FND-008,,2024-12-16,128.52,Stock
GFT-003620,DNR-00916,FND-008,,2024-07-04,75.52,Cash
GFT-003621,DNR-01170,FND-003,CAM-005,2024-07-17,128.04,Stock
GFT-003622,DNR-00332,FND-001,CAM-003,2023-11-21,256.15,Pledge Payment
GFT-003623,DNR-00960,FND-008,,2024-11-16,743.28,Cash
GFT-003624,DNR-01005,FND-006,,2024-09-11,197.51,Cash
GFT-003625,DNR-00498,FND-003,,2026-05-28,190.27,Cash
GFT-003626,DNR-00202,FND-003,CAM-003,2023-08-27,24.06,Stock
GFT-003627,DNR-00112,FND-004,,2025-09-21,275.75,Pledge Payment
GFT-003628,DNR-00092,FND-005,CAM-006,2023-09-16,814.1,Cash
GFT-003629,DNR-00954,FND-999,CAM-003,2026-03-28,160.64,Pledge Payment
GFT-003630,DNR-00763,FND-006,,2024-09-04,148.04,Cash
GFT-003631,DNR-01096,FND-007,,2024-10-27,119.94,Cash
GFT-003632,DNR-00414,FND-001,CAM-002,2023-09-21,391.28,Cash
GFT-003633,DNR-00484,FND-007,,2025-03-10,23.05,Cash
GFT-003634,DNR-00225,FND-008,,2025-04-17,663.8,Stock
GFT-003635,DNR-00334,FND-004,,2025-06-10,141.23,Cash
GFT-003636,DNR-00306,FND-003,CAM-003,2023-08-16,281.46,Cash
GFT-003637,DNR-00190,FND-005,CAM-001,2023-08-19,428.47,Cash
GFT-003638,DNR-00568,FND-004,,2026-03-05,66.5,Cash
GFT-003639,DNR-00011,FND-007,CAM-005,2024-08-06,177.34,Cash
GFT-003640,DNR-00431,FND-008,,2023-12-17,138.01,Cash
GFT-003641,DNR-00298,FND-007,,2024-02-21,52.06,Pledge Payment
GFT-003642,DNR-00311,FND-002,CAM-001,2024-05-05,562.34,Cash
GFT-003643,DNR-00242,FND-008,CAM-004,2024-05-18,126.57,Cash
GFT-003644,DNR-00286,FND-001,,2026-02-10,50.0,Cash
GFT-003645,DNR-00238,FND-002,CAM-004,2023-12-30,189.37,Cash
GFT-003646,DNR-00215,FND-003,,2025-10-02,37.9,Pledge Payment
GFT-003647,DNR-00248,FND-001,CAM-005,2023-09-24,110.38,Cash
GFT-003648,DNR-00703,FND-008,CAM-001,2024-04-04,250.47,Cash
GFT-003649,DNR-00439,FND-001,CAM-002,2024-08-09,34.29,Cash
GFT-003650,DNR-00884,FND-007,CAM-003,2024-07-29,362.84,Cash
GFT-003651,DNR-01099,FND-001,,2024-08-30,200.39,Pledge Payment
GFT-003652,DNR-00618,FND-002,,2026-01-18,431.4,Cash
GFT-003653,DNR-00361,FND-002,,2025-01-28,425.75,Cash
GFT-003654,DNR-00047,FND-007,CAM-006,2025-02-02,106.45,Stock
GFT-003655,DNR-00691,FND-001,CAM-003,2024-04-13,109.53,Pledge Payment
GFT-003656,DNR-00308,FND-005,CAM-004,2024-04-01,305.78,Cash
GFT-003657,DNR-00036,FND-004,CAM-003,2024-03-20,56.74,Pledge Payment
GFT-003658,DNR-00780,FND-002,,2025-06-16,57.11,Cash
GFT-003659,DNR-01166,FND-006,,2024-09-12,91.98,Cash
GFT-003660,DNR-00035,FND-002,CAM-001,2026-04-12,41.15,Cash
GFT-003661,DNR-00243,FND-003,CAM-002,2026-01-15,49.45,Cash
GFT-003662,DNR-00869,FND-006,CAM-006,2024-07-25,51.07,Pledge Payment
GFT-003663,DNR-01106,FND-006,CAM-004,2025-04-29,127.06,Stock
GFT-003664,DNR-00267,FND-004,,2025-03-20,121.03,Cash
GFT-003665,DNR-00154,FND-003,,2024-12-13,514.38,Pledge Payment
GFT-003666,DNR-00987,FND-001,CAM-004,2024-04-14,129.47,Cash
GFT-003667,DNR-00742,FND-003,CAM-005,2024-03-09,163.22,Stock
GFT-003668,DNR-01142,FND-008,CAM-002,2024-10-15,1216.04,Matching Gift
GFT-003669,DNR-00341,FND-001,CAM-005,2023-11-01,15.33,Cash
GFT-003670,DNR-00884,FND-007,,2023-12-22,224.74,Pledge Payment
GFT-003671,DNR-00468,FND-003,,2025-10-22,141.45,Matching Gift
GFT-003672,DNR-01088,FND-002,CAM-003,2025-01-27,250.9,Stock
GFT-003673,DNR-00535,FND-003,,2025-04-15,98.04,Cash
GFT-003674,DNR-00585,FND-001,CAM-001,2024-09-27,128.6,Cash
GFT-003675,DNR-00256,FND-001,CAM-003,2023-10-29,700.46,Stock
GFT-003676,DNR-01017,FND-008,CAM-003,2025-10-08,301.02,Pledge Payment
GFT-003677,DNR-00632,FND-002,CAM-003,2025-11-13,135.53,Cash
GFT-003678,DNR-DUP008,FND-006,CAM-003,2025-12-23,77.35,Cash
GFT-003679,DNR-00871,FND-003,CAM-001,2025-02-03,56.54,Pledge Payment
GFT-003680,DNR-00983,FND-002,,2024-11-26,104.55,Cash
GFT-003681,DNR-00946,FND-007,,2024-11-26,8.57,Matching Gift
GFT-003682,DNR-00091,FND-001,,2024-02-12,148.77,Cash
GFT-003683,DNR-00252,FND-001,CAM-001,2026-05-19,1209.86,Pledge Payment
GFT-003684,DNR-00845,FND-004,,2023-08-24,207.27,Matching Gift
GFT-003685,DNR-00817,FND-005,,2026-01-06,87.0,Cash
GFT-003686,DNR-00332,FND-007,CAM-006,2026-03-28,15.39,Pledge Payment
GFT-003687,DNR-01115,FND-001,CAM-006,2023-09-26,75.16,Cash
GFT-003688,DNR-00751,FND-008,,2024-01-16,104.7,Cash
GFT-003689,DNR-DUP013,FND-001,,2024-04-29,230.2,Pledge Payment
GFT-003690,DNR-00125,FND-008,,2025-06-01,108.72,Cash
GFT-003691,DNR-01042,FND-001,CAM-004,2024-08-04,1288.45,Cash
GFT-003692,DNR-00209,FND-004,,2026-01-13,138.09,Cash
GFT-003693,DNR-00470,FND-006,,2026-02-01,535.9,Matching Gift
GFT-003694,DNR-00590,FND-006,CAM-006,2023-10-06,31.68,Pledge Payment
GFT-003695,DNR-01008,FND-005,CAM-001,2025-01-15,167.27,Stock
GFT-003696,DNR-00359,FND-002,CAM-001,2025-09-28,75.96,Cash
GFT-003697,DNR-00036,FND-007,,2023-08-20,554.2,Cash
GFT-003698,DNR-01089,FND-006,CAM-005,2025-06-14,116.31,Cash
GFT-003699,DNR-00880,FND-005,CAM-005,2025-11-19,725.55,Cash
GFT-003700,DNR-00419,FND-002,CAM-006,2023-08-30,357.21,Pledge Payment
GFT-003701,DNR-00684,FND-004,CAM-001,2023-07-12,101.3,Cash
GFT-003702,DNR-00321,FND-008,CAM-002,2025-10-02,55.52,Cash
GFT-003703,DNR-00807,FND-007,,2025-12-12,80.67,Cash
GFT-003704,DNR-00724,FND-002,CAM-006,2023-12-09,128.76,Cash
GFT-003705,DNR-00284,FND-008,,2024-11-04,354.56,Cash
GFT-003706,DNR-00118,FND-005,CAM-004,2023-09-04,173.48,Matching Gift
GFT-003707,DNR-00872,FND-002,CAM-002,2025-10-27,434.6,Pledge Payment
GFT-003708,DNR-DUP006,FND-001,,2025-05-07,799.55,Stock
GFT-003709,DNR-00104,FND-008,CAM-005,2024-02-24,183.65,Pledge Payment
GFT-003710,DNR-00255,FND-005,,2026-02-12,61.63,Pledge Payment
GFT-003711,DNR-00538,FND-004,CAM-006,2023-08-10,264.1,Cash
GFT-003712,DNR-01153,FND-005,,2023-11-17,1493.66,Cash
GFT-003713,DNR-00511,FND-002,CAM-003,2025-04-06,464.39,Cash
GFT-003714,DNR-00087,FND-005,CAM-006,2024-06-17,242.43,Stock
GFT-003715,DNR-DUP007,FND-005,CAM-005,2023-09-16,69.77,Cash
GFT-003716,DNR-01084,FND-008,CAM-001,2025-09-16,143.32,Cash
GFT-003717,DNR-00407,FND-008,CAM-005,2023-11-11,33.58,Pledge Payment
GFT-003718,DNR-00850,FND-007,CAM-006,2024-03-03,52.38,Pledge Payment
GFT-003719,DNR-00210,FND-007,CAM-004,2025-02-19,270.24,Cash
GFT-003720,DNR-00305,FND-004,CAM-005,2024-01-20,27.3,Cash
GFT-003721,DNR-00101,FND-008,CAM-005,2025-02-07,122.21,Cash
GFT-003722,DNR-00509,FND-004,,2024-12-27,47.11,Pledge Payment
GFT-003723,DNR-00895,FND-003,CAM-001,2025-04-21,54.91,Pledge Payment
GFT-003724,DNR-DUP010,FND-005,,2026-05-21,187.31,Cash
GFT-003725,DNR-00031,FND-002,CAM-002,2025-12-30,80.78,Cash
GFT-003726,DNR-00883,FND-003,,2024-06-03,38.89,Cash
GFT-003727,DNR-00957,FND-001,CAM-006,2024-09-11,97.7,Cash
GFT-003728,DNR-01108,FND-003,,2026-01-29,37.65,Pledge Payment
GFT-003729,DNR-00842,FND-001,,2023-12-30,670.58,Stock
GFT-003730,DNR-00532,FND-002,CAM-006,2023-08-26,377.65,Cash
GFT-003731,DNR-00482,FND-006,CAM-006,2023-12-19,375.7,Pledge Payment
GFT-003732,DNR-01198,FND-008,,2026-04-29,73.32,Cash
GFT-003733,DNR-00172,FND-008,,2024-02-15,280.34,Pledge Payment
GFT-003734,DNR-DUP003,FND-005,CAM-006,2026-04-27,218.49,Cash
GFT-003735,DNR-00145,FND-007,CAM-002,2023-09-01,78.96,Cash
GFT-003736,DNR-01096,FND-003,,2025-03-14,162.04,Pledge Payment
GFT-003737,DNR-00925,FND-006,CAM-006,2024-03-03,32.13,Pledge Payment
GFT-003738,DNR-00478,FND-008,CAM-006,2026-05-16,56.95,Stock
GFT-003739,DNR-00897,FND-001,CAM-006,2025-08-04,157.31,Cash
GFT-003740,DNR-00127,FND-001,CAM-002,2024-06-18,103.54,Pledge Payment
GFT-003741,DNR-00858,FND-008,CAM-003,2023-10-04,253.72,Cash
GFT-003742,DNR-00192,FND-003,CAM-001,2026-02-24,81.09,Cash
GFT-003743,DNR-01154,FND-002,CAM-002,2025-08-17,119.95,Cash
GFT-003744,DNR-00188,FND-002,,2025-10-03,171.79,Cash
GFT-003745,DNR-01024,FND-005,,2026-05-12,74.56,Cash
GFT-003746,DNR-01147,FND-003,CAM-005,2025-11-14,117.83,Pledge Payment
GFT-003747,DNR-01185,FND-008,,2025-09-11,216.82,Pledge Payment
GFT-003748,DNR-00089,FND-999,CAM-001,2024-12-29,938.74,Cash
GFT-003749,DNR-00530,FND-002,CAM-004,2024-02-27,75.0,Cash
GFT-003750,DNR-00727,FND-007,,2024-02-16,104.05,Cash
GFT-003751,DNR-01131,FND-004,,2026-04-08,3619.54,Matching Gift
GFT-003752,DNR-00582,FND-004,CAM-003,2026-03-25,458.93,Cash
GFT-003753,DNR-00726,FND-002,CAM-005,2025-08-11,609.06,Pledge Payment
GFT-003754,DNR-00373,FND-005,,2025-09-23,311.44,Cash
GFT-003755,DNR-00580,FND-007,CAM-004,2025-11-10,590.06,Cash
GFT-003756,DNR-00543,FND-007,,2024-11-21,70.9,Cash
GFT-003757,DNR-00928,FND-005,,2024-12-26,524.19,Cash
GFT-003758,DNR-00910,FND-001,,2023-11-10,393.38,Pledge Payment
GFT-003759,DNR-00210,FND-007,,2025-05-23,54.2,Cash
GFT-003760,DNR-00729,FND-004,CAM-004,2024-05-23,121.78,Pledge Payment
GFT-003761,DNR-01112,FND-003,,2025-01-14,18.63,Cash
GFT-003762,DNR-01176,FND-004,CAM-002,2026-04-25,200.0,Cash
GFT-003763,DNR-00820,FND-004,,2026-06-29,512.78,Pledge Payment
GFT-003764,DNR-00282,FND-005,CAM-004,2025-12-09,98.71,Cash
GFT-003765,DNR-00310,FND-008,,2026-03-09,60.52,Cash
GFT-003766,DNR-00046,FND-002,,2025-11-17,56.55,Stock
GFT-003767,DNR-00152,FND-004,,2025-03-06,169.06,Cash
GFT-003768,DNR-00733,FND-003,CAM-001,2024-11-20,308.3,Stock
GFT-003769,DNR-00222,FND-004,CAM-001,2025-10-12,964.83,Cash
GFT-003770,DNR-00835,FND-001,CAM-003,2026-02-28,17.3,Pledge Payment
GFT-003771,DNR-00510,FND-001,CAM-002,2024-07-17,820.16,Pledge Payment
GFT-003772,DNR-01140,FND-002,CAM-004,2025-04-18,211.93,Cash
GFT-003773,DNR-00045,FND-003,CAM-003,2025-05-11,484.2,Cash
GFT-003774,DNR-00619,FND-008,,2025-01-21,367.26,Cash
GFT-003775,DNR-00256,FND-002,CAM-004,2024-12-18,180.46,Cash
GFT-003776,DNR-00065,FND-004,CAM-002,2025-04-12,173.23,Pledge Payment
GFT-003777,DNR-00058,FND-007,CAM-004,2025-01-11,261.85,Cash
GFT-003778,DNR-00963,FND-008,,2023-11-07,131.77,Cash
GFT-003779,DNR-00260,FND-005,CAM-006,2026-05-22,143.17,Cash
GFT-003780,DNR-01120,FND-001,CAM-004,2023-09-24,3.45,Cash
GFT-003781,DNR-01129,FND-003,,2026-01-31,325.73,Pledge Payment
GFT-003782,DNR-00164,FND-008,CAM-002,2025-01-07,74.73,Cash
GFT-003783,DNR-01059,FND-002,CAM-001,2025-10-25,541.2,Cash
GFT-003784,DNR-00379,FND-007,CAM-004,2025-04-29,489.07,Matching Gift
GFT-003785,DNR-01119,FND-007,CAM-006,2024-12-24,104.6,Cash
GFT-003786,DNR-01192,FND-007,CAM-006,2024-11-21,329.42,Cash
GFT-003787,DNR-00639,FND-007,CAM-002,2025-12-18,284.48,Cash
GFT-003788,DNR-00671,FND-006,CAM-002,2024-01-01,94.0,Pledge Payment
GFT-003789,DNR-00101,FND-002,,2025-04-03,357.88,Pledge Payment
GFT-003790,DNR-00370,FND-001,CAM-005,2024-04-02,898.89,Cash
GFT-003791,DNR-00505,FND-007,,2025-07-09,563.87,Cash
GFT-003792,DNR-00233,FND-002,CAM-005,2025-06-19,38.48,Cash
GFT-003793,DNR-00866,FND-001,CAM-001,2023-12-08,295.71,Cash
GFT-003794,DNR-00425,FND-007,CAM-003,2025-09-16,462.1,Pledge Payment
GFT-003795,DNR-00842,FND-003,,2024-11-21,87.99,Cash
GFT-003796,DNR-01187,FND-005,CAM-003,2026-05-20,541.32,Matching Gift
GFT-003797,DNR-00115,FND-007,CAM-005,2025-08-01,78.42,Cash
GFT-003798,DNR-00101,FND-001,CAM-002,2023-07-16,130.36,Pledge Payment
GFT-003799,DNR-00612,FND-005,,2024-04-04,81.5,Cash
GFT-003800,DNR-00601,FND-007,CAM-004,2023-10-05,69.04,Matching Gift
GFT-003801,DNR-01141,FND-007,CAM-004,2025-01-12,261.38,Matching Gift
GFT-003802,DNR-00841,FND-001,CAM-003,2026-04-14,41.83,Cash
GFT-003803,DNR-00537,FND-003,,2025-12-09,138.09,Pledge Payment
GFT-003804,DNR-00645,FND-007,CAM-003,2025-03-28,261.53,Pledge Payment
GFT-003805,DNR-00908,FND-006,CAM-006,2026-03-30,82.64,Cash
GFT-003806,DNR-01170,FND-008,CAM-002,2023-08-29,662.66,Cash
GFT-003807,DNR-00453,FND-004,CAM-006,2025-04-14,150.02,Cash
GFT-003808,DNR-00871,FND-003,CAM-001,2023-08-29,881.82,Matching Gift
GFT-003809,DNR-00529,FND-007,CAM-004,2025-07-26,1097.66,Cash
GFT-003810,DNR-00378,FND-007,CAM-003,2024-03-24,37.54,Cash
GFT-003811,DNR-00111,FND-002,CAM-004,2025-02-12,273.12,Cash
GFT-003812,DNR-00711,FND-004,,2025-05-15,217.71,Pledge Payment
GFT-003813,DNR-00872,FND-003,,2023-07-19,116.21,Cash
GFT-003814,DNR-00359,FND-003,CAM-002,2024-02-28,181.63,Cash
GFT-003815,DNR-00926,FND-007,CAM-005,2024-07-05,3573.73,Matching Gift
GFT-003816,DNR-00637,FND-007,,2026-02-25,321.13,Pledge Payment
GFT-003817,DNR-00138,FND-007,,2025-04-08,395.58,Pledge Payment
GFT-003818,DNR-00162,FND-003,CAM-002,2024-01-29,155.31,Cash
GFT-003819,DNR-00190,FND-006,CAM-006,2024-01-21,277.07,Pledge Payment
GFT-003820,DNR-01093,FND-007,,2024-11-26,74.38,Pledge Payment
GFT-003821,DNR-01100,FND-001,,2023-07-13,404.56,Matching Gift
GFT-003822,DNR-DUP005,FND-007,CAM-005,2026-02-26,838.08,Cash
GFT-003823,DNR-01145,FND-003,CAM-001,2026-04-08,441.88,Matching Gift
GFT-003824,DNR-00355,FND-006,CAM-005,2023-12-10,81.67,Pledge Payment
GFT-003825,DNR-00560,FND-008,,2023-07-28,63.33,Cash
GFT-003826,DNR-00539,FND-003,CAM-004,2025-10-14,2320.18,Cash
GFT-003827,DNR-00302,FND-002,,2023-12-03,769.43,Pledge Payment
GFT-003828,DNR-00418,FND-005,CAM-001,2023-10-18,397.26,Cash
GFT-003829,DNR-00701,FND-004,CAM-004,2026-03-07,911.08,Cash
GFT-003830,DNR-DUP005,FND-007,CAM-006,2025-06-08,175.34,Cash
GFT-003831,DNR-00945,FND-006,,2023-10-07,388.85,Cash
GFT-003832,DNR-00543,FND-003,CAM-002,2025-07-24,654.05,Stock
GFT-003833,DNR-00253,FND-004,CAM-006,2024-03-18,131.7,Pledge Payment
GFT-003834,DNR-00519,FND-006,CAM-002,2025-04-25,295.47,Stock
GFT-003835,DNR-00065,FND-007,CAM-002,2023-10-05,569.1,Cash
GFT-003836,DNR-00753,FND-005,CAM-005,2025-03-17,59.1,Cash
GFT-003837,DNR-00299,FND-004,,2025-05-24,118.54,Pledge Payment
GFT-003838,DNR-00287,FND-004,,2024-02-14,553.77,Cash
GFT-003839,DNR-00585,FND-008,,2026-01-02,224.25,Cash
GFT-003840,DNR-00898,FND-007,CAM-001,2026-01-09,193.57,Pledge Payment
GFT-003841,DNR-00602,FND-003,CAM-005,2024-11-09,170.1,Cash
GFT-003842,DNR-00063,FND-004,CAM-006,2024-06-12,626.76,Pledge Payment
GFT-003843,DNR-00348,FND-002,CAM-005,2025-08-16,65.52,Stock
GFT-003844,DNR-00026,FND-001,,2025-06-24,110.47,Cash
GFT-003845,DNR-00506,FND-001,CAM-002,2025-08-31,41.49,Matching Gift
GFT-003846,DNR-00399,FND-001,CAM-004,2025-05-04,127.51,Cash
GFT-003847,DNR-00666,FND-003,CAM-002,2024-10-13,212.46,Cash
GFT-003848,DNR-00678,FND-004,CAM-002,2024-10-12,24.12,Cash
GFT-003849,DNR-00074,FND-002,CAM-006,2023-07-25,75.52,Cash
GFT-003850,DNR-00812,FND-008,CAM-005,2023-11-19,223.87,Cash
GFT-003851,DNR-00587,FND-002,CAM-004,2026-04-30,290.25,Cash
GFT-003852,DNR-00353,FND-005,CAM-002,2025-06-07,1206.38,Pledge Payment
GFT-003853,DNR-00737,FND-005,CAM-002,2024-12-02,341.99,Cash
GFT-003854,DNR-00110,FND-004,CAM-006,2025-11-22,149.03,Pledge Payment
GFT-003855,DNR-00136,FND-008,CAM-001,2025-07-10,206.3,Cash
GFT-003856,DNR-01132,FND-002,,2026-01-08,214.12,Cash
GFT-003857,DNR-00494,FND-002,,2025-04-17,110.66,Stock
GFT-003858,DNR-01029,FND-005,CAM-006,2026-01-20,234.55,Pledge Payment
GFT-003859,DNR-01164,FND-007,CAM-006,2025-08-29,105.26,Pledge Payment
GFT-003860,DNR-00318,FND-001,CAM-002,2026-05-19,247.7,Pledge Payment
GFT-003861,DNR-00986,FND-003,CAM-005,2025-04-05,169.91,Cash
GFT-003862,DNR-00562,FND-008,,2024-01-31,142.16,Pledge Payment
GFT-003863,DNR-00772,FND-004,,2024-12-01,146.5,Stock
GFT-003864,DNR-01107,FND-007,CAM-002,2023-12-31,411.19,Cash
GFT-003865,DNR-00549,FND-003,CAM-001,2024-06-23,367.29,Cash
GFT-003866,DNR-DUP013,FND-008,,2024-10-06,134.65,Pledge Payment
GFT-003867,DNR-00483,FND-004,,2026-06-02,393.01,Cash
GFT-003868,DNR-00231,FND-008,,2024-05-05,166.4,Cash
GFT-003869,DNR-00322,FND-004,,2025-09-10,169.16,Cash
GFT-003870,DNR-01055,FND-001,CAM-006,2026-05-24,110.76,Stock
GFT-003871,DNR-00344,FND-003,,2024-09-07,1045.51,Cash
GFT-003872,DNR-00240,FND-001,,2023-09-30,908.44,Cash
GFT-003873,DNR-00360,FND-001,,2024-10-14,88.61,Cash
GFT-003874,DNR-01070,FND-007,CAM-005,2023-11-07,126.56,Pledge Payment
GFT-003875,DNR-00778,FND-002,,2025-12-05,269.41,Matching Gift
GFT-003876,DNR-01041,FND-008,CAM-004,2023-08-31,328.8,Cash
GFT-003877,DNR-00023,FND-002,CAM-002,2024-03-06,60.3,Cash
GFT-003878,DNR-00764,FND-007,,2024-07-22,70.77,Cash
GFT-003879,DNR-00127,FND-004,CAM-006,2025-02-11,7.89,Cash
GFT-003880,DNR-00654,FND-004,,2025-02-12,329.98,Pledge Payment
GFT-003881,DNR-00098,FND-008,CAM-002,2026-05-11,38.17,Cash
GFT-003882,DNR-01128,FND-003,CAM-001,2025-11-09,89.38,Cash
GFT-003883,DNR-00634,FND-007,CAM-003,2025-04-05,466.94,Pledge Payment
GFT-003884,DNR-00072,FND-001,CAM-001,2024-01-17,441.99,Cash
GFT-003885,DNR-00937,FND-007,,2023-08-04,972.13,Cash
GFT-003886,DNR-00758,FND-005,CAM-003,2023-07-08,1469.7,Cash
GFT-003887,DNR-00897,FND-002,CAM-003,2025-08-15,4050.69,Pledge Payment
GFT-003888,DNR-00095,FND-007,CAM-004,2023-08-10,122.78,Cash
GFT-003889,DNR-00865,FND-005,,2025-09-06,95.56,Cash
GFT-003890,DNR-00027,FND-007,CAM-003,2023-11-29,281.17,Matching Gift
GFT-003891,DNR-00178,FND-002,CAM-001,2025-03-04,42.43,Cash
GFT-003892,DNR-00004,FND-008,CAM-006,2025-01-28,139.4,Stock
GFT-003893,DNR-00206,FND-007,CAM-002,2025-04-24,211.82,Cash
GFT-003894,DNR-00086,FND-001,CAM-003,2026-02-16,305.76,Pledge Payment
GFT-003895,DNR-00881,FND-007,CAM-006,2024-08-02,344.8,Stock
GFT-003896,DNR-00603,FND-003,CAM-004,2024-08-18,134.97,Pledge Payment
GFT-003897,DNR-01163,FND-007,,2026-06-29,48.73,Cash
GFT-003898,DNR-00941,FND-001,CAM-006,2025-09-03,59.51,Stock
GFT-003899,DNR-01106,FND-007,CAM-006,2024-10-22,21.56,Cash
GFT-003900,DNR-01159,FND-002,CAM-005,2026-05-31,99.08,Stock
GFT-003901,DNR-00994,FND-002,CAM-003,2026-06-18,41.51,Cash
GFT-003902,DNR-00760,FND-007,,2023-09-01,106.25,Cash
GFT-003903,DNR-00929,FND-002,CAM-005,2025-07-13,278.02,Cash
GFT-003904,DNR-00048,FND-004,,2025-08-11,49.84,Stock
GFT-003905,DNR-00179,FND-003,CAM-004,2023-08-15,199.17,Pledge Payment
GFT-003906,DNR-00931,FND-003,CAM-004,2025-07-04,133.46,Pledge Payment
GFT-003907,DNR-00620,FND-002,CAM-006,2023-07-31,262.06,Matching Gift
GFT-003908,DNR-01171,FND-006,,2023-07-12,337.4,Cash
GFT-003909,DNR-00945,FND-006,CAM-003,2023-11-27,125.0,Cash
GFT-003910,DNR-00644,FND-002,CAM-005,2026-05-11,181.72,Cash
GFT-003911,DNR-00936,FND-005,,2026-03-23,134.01,Cash
GFT-003912,DNR-01000,FND-005,CAM-004,2024-04-08,109.62,Cash
GFT-003913,DNR-00153,FND-002,CAM-006,2024-07-13,84.94,Matching Gift
GFT-003914,DNR-00575,FND-002,CAM-004,2024-04-22,303.22,Stock
GFT-003915,DNR-00893,FND-005,,2024-04-08,766.37,Cash
GFT-003916,DNR-00289,FND-008,CAM-003,2024-05-29,657.35,Matching Gift
GFT-003917,DNR-DUP003,FND-002,CAM-005,2026-05-15,45.5,Stock
GFT-003918,DNR-00542,FND-006,CAM-002,2023-10-18,748.54,Cash
GFT-003919,DNR-00216,FND-006,CAM-002,2024-03-27,66.9,Matching Gift
GFT-003920,DNR-00996,FND-001,CAM-003,2025-08-02,211.91,Cash
GFT-003921,DNR-01036,FND-003,,2025-12-08,255.98,Pledge Payment
GFT-003922,DNR-00259,FND-006,CAM-005,2024-04-15,35.41,Pledge Payment
GFT-003923,DNR-01177,FND-001,,2023-07-01,149.59,Matching Gift
GFT-003924,DNR-00818,FND-004,CAM-003,2023-11-07,809.31,Cash
GFT-003925,DNR-00564,FND-001,CAM-005,2025-10-17,15.79,Cash
GFT-003926,DNR-00433,FND-003,CAM-002,2024-06-16,2593.22,Pledge Payment
GFT-003927,DNR-00364,FND-003,CAM-006,2026-02-17,20.71,Cash
GFT-003928,DNR-00574,FND-001,,2025-05-02,248.85,Cash
GFT-003929,DNR-00995,FND-003,,2023-12-30,37.03,Cash
GFT-003930,DNR-00927,FND-004,,2024-12-18,295.7,Pledge Payment
GFT-003931,DNR-00860,FND-002,CAM-004,2024-04-05,622.08,Cash
GFT-003932,DNR-00013,FND-008,,2025-08-03,439.72,Stock
GFT-003933,DNR-00720,FND-001,,2023-10-29,38.2,Matching Gift
GFT-003934,DNR-01177,FND-006,,2024-02-23,531.48,Cash
GFT-003935,DNR-00950,FND-002,,2024-06-29,134.64,Cash
GFT-003936,DNR-00381,FND-007,,2025-04-06,39.3,Matching Gift
GFT-003937,DNR-00743,FND-004,CAM-005,2023-09-28,802.11,Pledge Payment
GFT-003938,DNR-01167,FND-003,CAM-001,2023-10-18,1825.02,Cash
GFT-003939,DNR-00068,FND-008,,2023-09-28,200.43,Pledge Payment
GFT-003940,DNR-00643,FND-001,,2025-11-28,119.28,Cash
GFT-003941,DNR-00526,FND-002,CAM-006,2026-03-17,76.85,Cash
GFT-003942,DNR-01151,FND-006,CAM-002,2025-03-31,406.99,Cash
GFT-003943,DNR-00289,FND-008,CAM-004,2024-10-07,563.0,Stock
GFT-003944,DNR-00845,FND-006,,2024-09-09,119.34,Cash
GFT-003945,DNR-00572,FND-008,,2024-12-08,1050.62,Cash
GFT-003946,DNR-00181,FND-003,CAM-005,2025-10-24,368.4,Cash
GFT-003947,DNR-00637,FND-002,CAM-001,2024-08-18,197.93,Matching Gift
GFT-003948,DNR-00073,FND-005,CAM-003,2023-11-22,258.02,Cash
GFT-003949,DNR-00315,FND-006,CAM-006,2023-10-01,61.15,Cash
GFT-003950,DNR-00455,FND-003,,2025-10-03,401.55,Cash
GFT-003951,DNR-00608,FND-004,CAM-003,2026-02-14,65.25,Cash
GFT-003952,DNR-00525,FND-004,CAM-003,2025-12-13,104.11,Cash
GFT-003953,DNR-00862,FND-001,CAM-004,2024-05-06,167.31,Cash
GFT-003954,DNR-01118,FND-007,,2025-01-10,1448.39,Cash
GFT-003955,DNR-00918,FND-004,CAM-006,2025-11-26,235.57,Cash
GFT-003956,DNR-00515,FND-005,CAM-006,2024-09-21,71.89,Pledge Payment
GFT-003957,DNR-00400,FND-005,,2026-04-26,259.11,Cash
GFT-003958,DNR-00467,FND-007,CAM-002,2025-04-12,343.31,Stock
GFT-003959,DNR-00283,FND-001,CAM-003,2025-10-09,685.5,Pledge Payment
GFT-003960,DNR-00109,FND-008,CAM-005,2025-05-15,176.49,Pledge Payment
GFT-003961,DNR-00103,FND-007,CAM-003,2025-01-17,83.25,Cash
GFT-003962,DNR-00688,FND-006,,2026-01-05,2060.78,Cash
GFT-003963,DNR-00814,FND-003,CAM-001,2025-07-15,259.74,Pledge Payment
GFT-003964,DNR-00020,FND-001,CAM-006,2024-07-09,72.34,Pledge Payment
GFT-003965,DNR-00665,FND-002,,2025-05-13,174.81,Matching Gift
GFT-003966,DNR-00634,FND-001,,2026-04-06,104.17,Cash
GFT-003967,DNR-00205,FND-002,,2024-10-21,739.25,Pledge Payment
GFT-003968,DNR-01040,FND-007,,2026-02-02,339.52,Cash
GFT-003969,DNR-00292,FND-006,CAM-002,2023-08-09,128.49,Stock
GFT-003970,DNR-00797,FND-001,,2025-12-28,563.41,Cash
GFT-003971,DNR-00049,FND-007,CAM-003,2024-06-09,159.99,Pledge Payment
GFT-003972,DNR-00646,FND-005,,2024-10-21,170.47,Cash
GFT-003973,DNR-00002,FND-002,,2024-06-27,80.95,Matching Gift
GFT-003974,DNR-00897,FND-006,CAM-003,2024-07-08,80.3,Stock
GFT-003975,DNR-00022,FND-003,CAM-004,2023-10-30,1868.88,Cash
GFT-003976,DNR-00162,FND-006,,2023-10-12,531.46,Cash
GFT-003977,DNR-00440,FND-003,CAM-003,2025-05-21,24.7,Cash
GFT-003978,DNR-00902,FND-006,,2024-12-13,63.7,Cash
GFT-003979,DNR-00579,FND-001,CAM-005,2025-12-14,51.62,Cash
GFT-003980,DNR-00908,FND-004,,2024-01-21,193.62,Cash
GFT-003981,DNR-01128,FND-001,CAM-003,2026-02-04,114.85,Pledge Payment
GFT-003982,DNR-00058,FND-004,,2025-07-19,945.91,Pledge Payment
GFT-003983,DNR-00020,FND-007,CAM-002,2023-10-07,126.56,Cash
GFT-003984,DNR-00623,FND-001,CAM-001,2024-09-15,1609.89,Cash
GFT-003985,DNR-00007,FND-005,CAM-003,2024-02-28,165.31,Stock
GFT-003986,DNR-00065,FND-004,CAM-004,2024-03-15,2163.41,Stock
GFT-003987,DNR-01038,FND-005,,2023-10-02,145.1,Pledge Payment
GFT-003988,DNR-01112,FND-005,,2023-11-25,148.18,Cash
GFT-003989,DNR-00690,FND-003,CAM-006,2024-09-26,517.23,Cash
GFT-003990,DNR-00709,FND-004,CAM-003,2025-07-05,431.81,Cash
GFT-003991,DNR-00301,FND-001,CAM-003,2025-05-28,43.71,Cash
GFT-003992,DNR-00145,FND-001,,2025-09-02,198.79,Cash
GFT-003993,DNR-00998,FND-001,,2025-10-12,113.74,Pledge Payment
GFT-003994,DNR-01170,FND-007,CAM-006,2025-09-22,105.84,Cash
GFT-003995,DNR-00151,FND-007,CAM-005,2023-10-29,197.74,Matching Gift
GFT-003996,DNR-00539,FND-001,CAM-001,2026-03-04,132.03,Cash
GFT-003997,DNR-01026,FND-005,,2026-03-07,221.7,Matching Gift
GFT-003998,DNR-00397,FND-005,CAM-002,2024-09-19,60.91,Pledge Payment
GFT-003999,DNR-00461,FND-001,,2025-08-06,34.7,Cash
GFT-004000,DNR-01006,FND-008,CAM-004,2025-09-12,542.0,Cash
GFT-004001,DNR-00685,FND-006,,2024-05-17,652.53,Matching Gift
GFT-004002,DNR-00330,FND-006,,2024-09-19,501.82,Cash
GFT-004003,DNR-01011,FND-004,CAM-004,2023-11-27,188.25,Pledge Payment
GFT-004004,DNR-00523,FND-003,CAM-004,2025-04-02,121.66,Pledge Payment
GFT-004005,DNR-00586,FND-002,CAM-005,2024-07-11,91.82,Cash
GFT-004006,DNR-00377,FND-001,,2024-12-03,75.61,Cash
GFT-004007,DNR-00449,FND-004,CAM-002,2024-05-02,165.51,Pledge Payment
GFT-004008,DNR-00196,FND-002,,2025-05-08,632.58,Pledge Payment
GFT-004009,DNR-01171,FND-001,CAM-004,2023-09-04,84.18,Stock
GFT-004010,DNR-00730,FND-004,,2023-10-04,633.95,Cash
GFT-004011,DNR-01046,FND-005,CAM-001,2025-10-25,36.43,Cash
GFT-004012,DNR-00311,FND-002,,2023-07-29,234.78,Cash
GFT-004013,DNR-00805,FND-008,CAM-001,2025-08-25,294.24,Matching Gift
GFT-004014,DNR-00014,FND-005,CAM-003,2024-04-04,102.2,Cash
GFT-004015,DNR-00685,FND-999,CAM-003,2026-01-20,57.08,Cash
GFT-004016,DNR-00180,FND-003,CAM-004,2024-07-16,459.77,Cash
GFT-004017,DNR-00344,FND-007,,2025-03-30,189.82,Stock
GFT-004018,DNR-00493,FND-007,,2024-10-15,3295.58,Cash
GFT-004019,DNR-00290,FND-008,CAM-003,2023-07-18,644.74,Pledge Payment
GFT-004020,DNR-01067,FND-003,,2025-06-24,651.21,Matching Gift
GFT-004021,DNR-00947,FND-008,,2024-12-05,12.99,Cash
GFT-004022,DNR-00003,FND-008,,2024-03-15,85.89,Cash
GFT-004023,DNR-00706,FND-003,CAM-001,2024-01-03,50.75,Matching Gift
GFT-004024,DNR-00371,FND-004,CAM-004,2023-07-13,20.51,Cash
GFT-004025,DNR-00203,FND-003,,2024-06-09,173.79,Pledge Payment
GFT-004026,DNR-01075,FND-002,CAM-006,2025-06-22,446.14,Stock
GFT-004027,DNR-00009,FND-006,,2026-03-28,62.82,Cash
GFT-004028,DNR-00218,FND-002,CAM-006,2025-12-05,21.64,Cash
GFT-004029,DNR-00434,FND-006,CAM-003,2025-12-11,68.19,Pledge Payment
GFT-004030,DNR-DUP005,FND-006,CAM-005,2023-12-15,152.06,Cash
GFT-004031,DNR-00343,FND-002,CAM-004,2026-02-18,140.4,Cash
GFT-004032,DNR-00092,FND-001,CAM-003,2026-05-24,183.39,Pledge Payment
GFT-004033,DNR-00981,FND-004,,2024-10-27,287.31,Stock
GFT-004034,DNR-00317,FND-008,,2025-08-07,178.51,Cash
GFT-004035,DNR-00566,FND-006,CAM-002,2026-05-08,476.71,Matching Gift
GFT-004036,DNR-00197,FND-003,,2023-10-18,64.0,Cash
GFT-004037,DNR-00333,FND-001,,2026-03-03,134.25,Matching Gift
GFT-004038,DNR-01129,FND-004,CAM-002,2024-06-28,344.99,Cash
GFT-004039,DNR-00469,FND-003,,2024-03-18,246.98,Cash
GFT-004040,DNR-00517,FND-002,CAM-002,2023-10-30,1360.79,Cash
GFT-004041,DNR-00998,FND-005,CAM-001,2025-01-21,66.73,Pledge Payment
GFT-004042,DNR-01075,FND-002,,2024-03-26,352.31,Cash
GFT-004043,DNR-00738,FND-004,,2025-11-10,90.64,Cash
GFT-004044,DNR-00027,FND-003,,2024-03-16,80.84,Cash
GFT-004045,DNR-00104,FND-005,,2024-08-29,597.62,Pledge Payment
GFT-004046,DNR-00269,FND-003,CAM-005,2024-09-21,176.32,Pledge Payment
GFT-004047,DNR-00736,FND-003,,2026-04-15,242.29,Cash
GFT-004048,DNR-00764,FND-004,,2024-11-11,98.03,Pledge Payment
GFT-004049,DNR-01031,FND-002,CAM-004,2024-03-24,104.08,Cash
GFT-004050,DNR-00097,FND-007,CAM-002,2025-05-18,34.06,Stock
GFT-004051,DNR-00404,FND-001,,2025-09-18,221.47,Cash
GFT-004052,DNR-00473,FND-008,CAM-005,2025-06-05,58.0,Pledge Payment
GFT-004053,DNR-00729,FND-007,,2026-01-27,155.11,Cash
GFT-004054,DNR-00271,FND-002,,2024-10-02,476.09,Matching Gift
GFT-004055,DNR-00184,FND-007,,2024-05-27,25.92,Pledge Payment
GFT-004056,DNR-00612,FND-007,,2026-02-16,4876.05,Pledge Payment
GFT-004057,DNR-01193,FND-004,,2024-05-21,79.16,Pledge Payment
GFT-004058,DNR-00540,FND-004,CAM-006,2023-08-29,159.98,Cash
GFT-004059,DNR-00137,FND-007,CAM-004,2025-01-16,241.96,Stock
GFT-004060,DNR-00309,FND-002,CAM-001,2024-05-28,76.51,Stock
GFT-004061,DNR-00860,FND-008,,2024-02-28,108.0,Pledge Payment
GFT-004062,DNR-00115,FND-006,CAM-004,2026-04-22,622.23,Pledge Payment
GFT-004063,DNR-00856,FND-007,CAM-005,2025-07-24,416.85,Cash
GFT-004064,DNR-00785,FND-004,CAM-004,2023-09-22,137.29,Cash
GFT-004065,DNR-00173,FND-007,CAM-003,2024-05-09,180.91,Cash
GFT-004066,DNR-00124,FND-005,CAM-002,2025-07-10,211.45,Cash
GFT-004067,DNR-00616,FND-001,CAM-005,2024-12-03,334.67,Pledge Payment
GFT-004068,DNR-00802,FND-004,CAM-002,2025-11-30,363.38,Pledge Payment
GFT-004069,DNR-00461,FND-007,CAM-003,2024-07-21,352.29,Stock
GFT-004070,DNR-00620,FND-007,,2023-07-18,115.47,Cash
GFT-004071,DNR-00389,FND-003,,2026-01-15,204.07,Pledge Payment
GFT-004072,DNR-00276,FND-007,,2025-08-28,543.51,Cash
GFT-004073,DNR-00606,FND-003,CAM-002,2023-12-29,2053.12,Cash
GFT-004074,DNR-00842,FND-003,CAM-003,2024-09-16,197.87,Cash
GFT-004075,DNR-00546,FND-003,,2025-04-17,100.04,Cash
GFT-004076,DNR-01052,FND-001,CAM-006,2026-05-20,75.07,Cash
GFT-004077,DNR-00201,FND-007,,2026-04-05,355.49,Pledge Payment
GFT-004078,DNR-00638,FND-002,CAM-004,2024-11-03,32.61,Cash
GFT-004079,DNR-00452,FND-004,CAM-006,2024-12-21,359.69,Cash
GFT-004080,DNR-00491,FND-003,CAM-002,2025-05-24,367.12,Cash
GFT-004081,DNR-00383,FND-006,,2026-01-29,103.82,Cash
GFT-004082,DNR-01089,FND-004,CAM-001,2025-07-16,236.01,Pledge Payment
GFT-004083,DNR-00534,FND-004,,2024-11-14,142.19,Pledge Payment
GFT-004084,DNR-00159,FND-002,CAM-003,2024-11-05,41.85,Cash
GFT-004085,DNR-01023,FND-007,,2026-06-18,330.0,Cash
GFT-004086,DNR-00547,FND-006,CAM-005,2025-08-04,297.19,Stock
GFT-004087,DNR-01155,FND-005,CAM-005,2025-09-07,112.63,Matching Gift
GFT-004088,DNR-00929,FND-007,CAM-002,2025-05-08,2006.81,Cash
GFT-004089,DNR-00409,FND-006,CAM-001,2025-05-18,182.55,Cash
GFT-004090,DNR-00760,FND-008,CAM-002,2025-12-11,23.73,Cash
GFT-004091,DNR-00792,FND-007,,2025-09-12,579.24,Stock
GFT-004092,DNR-00428,FND-005,,2025-11-29,431.44,Matching Gift
GFT-004093,DNR-00363,FND-006,CAM-002,2023-12-09,495.46,Cash
GFT-004094,DNR-00046,FND-001,CAM-003,2025-07-27,61.21,Pledge Payment
GFT-004095,DNR-01041,FND-002,CAM-003,2025-03-19,229.09,Pledge Payment
GFT-004096,DNR-00818,FND-003,CAM-003,2024-07-14,179.22,Matching Gift
GFT-004097,DNR-01180,FND-007,CAM-004,2025-07-30,149.72,Cash
GFT-004098,DNR-00915,FND-003,,2025-03-10,790.33,Cash
GFT-004099,DNR-00028,FND-008,CAM-002,2024-11-02,185.3,Cash
GFT-004100,DNR-00491,FND-006,,2024-04-05,116.77,Cash
GFT-004101,DNR-00372,FND-007,,2024-12-26,115.55,Cash
GFT-004102,DNR-00108,FND-005,CAM-006,2025-02-05,56.73,Cash
GFT-004103,DNR-00508,FND-003,CAM-004,2024-08-04,205.7,Pledge Payment
GFT-004104,DNR-00617,FND-006,CAM-002,2024-02-24,871.37,Stock
GFT-004105,DNR-00115,FND-008,CAM-004,2024-09-10,127.04,Pledge Payment
GFT-004106,DNR-00938,FND-004,,2024-09-23,243.64,Cash
GFT-004107,DNR-00062,FND-002,CAM-005,2023-08-07,147.21,Cash
GFT-004108,DNR-00730,FND-003,,2026-06-22,164.85,Cash
GFT-004109,DNR-00163,FND-006,CAM-006,2024-03-03,454.92,Pledge Payment
GFT-004110,DNR-00190,FND-005,CAM-003,2025-12-31,56.01,Cash
GFT-004111,DNR-00429,FND-006,CAM-002,2024-05-16,35.72,Cash
GFT-004112,DNR-00887,FND-008,CAM-002,2024-06-25,580.32,Cash
GFT-004113,DNR-01021,FND-001,,2024-12-28,100.95,Pledge Payment
GFT-004114,DNR-00398,FND-003,,2026-04-14,118.22,Cash
GFT-004115,DNR-00842,FND-006,,2026-06-18,2713.13,Cash
GFT-004116,DNR-00911,FND-008,CAM-005,2024-09-28,428.22,Cash
GFT-004117,DNR-01183,FND-007,CAM-004,2024-03-27,70.06,Pledge Payment
GFT-004118,DNR-00833,FND-004,CAM-001,2025-04-24,632.19,Cash
GFT-004119,DNR-00007,FND-002,CAM-002,2026-02-13,440.25,Pledge Payment
GFT-004120,DNR-00096,FND-006,,2023-11-04,7.12,Cash
GFT-004121,DNR-01100,FND-002,,2025-12-16,214.18,Cash
GFT-004122,DNR-00667,FND-001,,2025-07-22,58.78,Cash
GFT-004123,DNR-00312,FND-008,,2023-08-21,164.48,Pledge Payment
GFT-004124,DNR-00135,FND-005,,2024-03-19,2062.67,Cash
GFT-004125,DNR-00949,FND-004,,2025-04-15,478.49,Cash
GFT-004126,DNR-00055,FND-005,CAM-001,2025-11-18,561.28,Pledge Payment
GFT-004127,DNR-00446,FND-007,CAM-006,2024-03-09,147.53,Cash
GFT-004128,DNR-01013,FND-003,,2023-12-25,564.49,Pledge Payment
GFT-004129,DNR-00250,FND-004,CAM-004,2024-08-10,81.96,Stock
GFT-004130,DNR-00719,FND-003,CAM-006,2025-06-08,211.19,Cash
GFT-004131,DNR-00361,FND-001,,2025-09-08,452.44,Matching Gift
GFT-004132,DNR-00505,FND-006,,2026-03-19,436.11,Cash
GFT-004133,DNR-00722,FND-004,CAM-001,2025-08-03,37.84,Cash
GFT-004134,DNR-00347,FND-003,CAM-005,2024-04-29,1484.4,Cash
GFT-004135,DNR-00390,FND-003,,2024-10-07,67.16,Cash
GFT-004136,DNR-00745,FND-008,CAM-001,2025-02-08,3526.85,Pledge Payment
GFT-004137,DNR-00462,FND-003,CAM-001,2025-06-25,468.87,Matching Gift
GFT-004138,DNR-00875,FND-002,CAM-006,2025-11-13,422.44,Cash
GFT-004139,DNR-00072,FND-008,CAM-004,2025-06-16,73.13,Cash
GFT-004140,DNR-00101,FND-008,,2024-01-04,105.4,Cash
GFT-004141,DNR-00384,FND-007,CAM-005,2026-05-13,1323.98,Pledge Payment
GFT-004142,DNR-01036,FND-003,CAM-001,2024-03-04,1102.76,Cash
GFT-004143,DNR-00080,FND-002,,2025-08-19,152.01,Cash
GFT-004144,DNR-00256,FND-003,CAM-004,2026-04-02,138.69,Pledge Payment
GFT-004145,DNR-00726,FND-004,CAM-006,2024-01-21,143.06,Matching Gift
GFT-004146,DNR-00184,FND-008,CAM-004,2024-07-09,637.62,Pledge Payment
GFT-004147,DNR-01094,FND-005,CAM-004,2024-12-18,563.7,Cash
GFT-004148,DNR-00411,FND-006,CAM-005,2026-03-06,277.83,Cash
GFT-004149,DNR-00269,FND-003,CAM-001,2024-12-19,213.5,Cash
GFT-004150,DNR-00313,FND-003,,2024-09-16,150.15,Matching Gift
GFT-004151,DNR-00035,FND-002,CAM-002,2026-05-07,3108.61,Cash
GFT-004152,DNR-00316,FND-006,CAM-006,2024-12-01,41.96,Cash
GFT-004153,DNR-00378,FND-003,CAM-003,2024-05-11,119.81,Pledge Payment
GFT-004154,DNR-00118,FND-007,,2025-10-07,256.64,Pledge Payment
GFT-004155,DNR-00433,FND-006,,2025-05-22,34.54,Stock
GFT-004156,DNR-00497,FND-008,CAM-001,2025-09-05,98.26,Pledge Payment
GFT-004157,DNR-00235,FND-001,CAM-002,2023-11-14,2023.93,Cash
GFT-004158,DNR-01008,FND-005,,2025-09-20,518.67,Cash
GFT-004159,DNR-00013,FND-008,CAM-003,2024-10-26,97.44,Pledge Payment
GFT-004160,DNR-01145,FND-005,,2024-10-12,94.45,Matching Gift
GFT-004161,DNR-00305,FND-001,,2025-04-24,42.27,Pledge Payment
GFT-004162,DNR-00790,FND-003,CAM-004,2024-09-23,112.23,Stock
GFT-004163,DNR-01042,FND-005,CAM-004,2023-10-26,338.83,Cash
GFT-004164,DNR-01170,FND-008,CAM-003,2024-10-12,276.22,Pledge Payment
GFT-004165,DNR-00130,FND-006,CAM-002,2025-08-29,118.55,Cash
GFT-004166,DNR-00093,FND-006,CAM-003,2026-03-02,66.2,Cash
GFT-004167,DNR-01165,FND-002,,2024-11-26,148.01,Cash
GFT-004168,DNR-00755,FND-002,CAM-004,2023-11-15,144.54,Cash
GFT-004169,DNR-00148,FND-002,CAM-003,2024-12-30,441.7,Matching Gift
GFT-004170,DNR-00878,FND-005,,2025-05-06,233.64,Pledge Payment
GFT-004171,DNR-01181,FND-007,CAM-001,2024-01-04,200.72,Cash
GFT-004172,DNR-00924,FND-008,CAM-003,2025-04-18,711.34,Cash
GFT-004173,DNR-00124,FND-008,,2024-07-13,1089.14,Cash
GFT-004174,DNR-00038,FND-005,,2024-04-06,272.43,Cash
GFT-004175,DNR-00325,FND-001,,2025-12-07,280.2,Cash
GFT-004176,DNR-00197,FND-003,,2026-04-12,159.35,Pledge Payment
GFT-004177,DNR-00630,FND-002,CAM-001,2024-05-02,72.16,Pledge Payment
GFT-004178,DNR-00881,FND-007,CAM-005,2024-11-10,485.6,Stock
GFT-004179,DNR-01161,FND-008,CAM-004,2026-06-24,381.45,Cash
GFT-004180,DNR-01160,FND-008,CAM-001,2023-09-13,173.91,Cash
GFT-004181,DNR-00338,FND-007,CAM-005,2023-11-29,234.45,Cash
GFT-004182,DNR-00474,FND-002,,2026-03-17,652.94,Matching Gift
GFT-004183,DNR-00897,FND-007,,2024-03-27,802.39,Cash
GFT-004184,DNR-00695,FND-008,CAM-006,2026-01-28,13.45,Pledge Payment
GFT-004185,DNR-00722,FND-004,CAM-001,2025-11-07,90.94,Stock
GFT-004186,DNR-00416,FND-002,,2025-03-24,173.29,Cash
GFT-004187,DNR-00674,FND-005,CAM-001,2025-08-21,56.62,Cash
GFT-004188,DNR-01050,FND-006,,2023-09-02,241.49,Cash
GFT-004189,DNR-00256,FND-003,,2024-10-20,95.96,Matching Gift
GFT-004190,DNR-00248,FND-002,CAM-003,2024-05-20,250.8,Cash
GFT-004191,DNR-00715,FND-008,CAM-004,2023-08-18,99.0,Cash
GFT-004192,DNR-00580,FND-008,CAM-002,2025-01-08,103.43,Pledge Payment
GFT-004193,DNR-00015,FND-001,,2026-03-09,248.64,Cash
GFT-004194,DNR-00862,FND-008,CAM-004,2024-04-13,511.88,Cash
GFT-004195,DNR-00634,FND-007,CAM-005,2025-03-19,355.96,Cash
GFT-004196,DNR-00610,FND-008,CAM-005,2025-09-29,174.91,Pledge Payment
GFT-004197,DNR-00183,FND-007,CAM-001,2025-03-25,25.6,Cash
GFT-004198,DNR-00712,FND-007,,2025-08-28,100.86,Cash
GFT-004199,DNR-00678,FND-001,,2024-12-08,89.97,Pledge Payment
GFT-004200,DNR-00501,FND-006,CAM-003,2025-10-10,409.57,Cash
GFT-004201,DNR-00964,FND-004,,2024-09-24,215.59,Matching Gift
GFT-004202,DNR-00558,FND-007,,2025-08-29,224.63,Cash
GFT-004203,DNR-00904,FND-002,,2026-02-06,75.55,Cash
GFT-004204,DNR-00282,FND-007,CAM-001,2025-07-03,845.02,Cash
GFT-004205,DNR-00422,FND-001,CAM-003,2025-04-18,222.94,Pledge Payment
GFT-004206,DNR-00017,FND-003,CAM-003,2026-02-09,71.07,Cash
GFT-004207,DNR-00226,FND-003,CAM-006,2025-06-16,76.31,Pledge Payment
GFT-004208,DNR-00948,FND-007,CAM-001,2024-05-25,261.28,Cash
GFT-004209,DNR-00614,FND-004,,2025-11-20,68.42,Cash
GFT-004210,DNR-00594,FND-006,CAM-004,2025-04-04,91.17,Cash
GFT-004211,DNR-00577,FND-007,CAM-004,2025-06-14,53.98,Cash
GFT-004212,DNR-00612,FND-006,CAM-002,2024-11-19,405.6,Stock
GFT-004213,DNR-00454,FND-005,CAM-002,2025-02-18,70.04,Cash
GFT-004214,DNR-00626,FND-002,CAM-004,2023-11-27,1041.56,Cash
GFT-004215,DNR-00497,FND-005,CAM-002,2024-11-12,300.13,Cash
GFT-004216,DNR-00584,FND-004,CAM-002,2026-01-09,53.77,Stock
GFT-004217,DNR-00541,FND-001,CAM-006,2025-10-17,352.16,Cash
GFT-004218,DNR-00300,FND-004,,2024-06-15,846.96,Cash
GFT-004219,DNR-01026,FND-007,,2025-05-03,166.79,Cash
GFT-004220,DNR-00448,FND-005,,2026-03-03,983.69,Cash
GFT-004221,DNR-00323,FND-002,,2024-11-22,306.73,Cash
GFT-004222,DNR-00265,FND-001,,2025-12-29,96.07,Cash
GFT-004223,DNR-00981,FND-001,CAM-005,2024-02-21,2070.95,Stock
GFT-004224,DNR-00618,FND-006,CAM-001,2025-04-30,41.16,Stock
GFT-004225,DNR-00846,FND-006,CAM-003,2025-02-07,127.24,Cash
GFT-004226,DNR-01200,FND-003,,2026-02-22,174.91,Pledge Payment
GFT-004227,DNR-00501,FND-001,,2023-09-15,1606.92,Cash
GFT-004228,DNR-00570,FND-007,CAM-002,2025-03-10,416.92,Pledge Payment
GFT-004229,DNR-00132,FND-003,CAM-001,2025-08-20,339.77,Cash
GFT-004230,DNR-00057,FND-003,CAM-003,2023-10-20,81.79,Pledge Payment
GFT-004231,DNR-00280,FND-002,CAM-001,2024-02-04,160.06,Pledge Payment
GFT-004232,DNR-00683,FND-007,CAM-003,2026-01-31,98.42,Cash
GFT-004233,DNR-00803,FND-004,CAM-003,2026-06-17,326.69,Pledge Payment
GFT-004234,DNR-00966,FND-001,CAM-006,2025-05-21,685.34,Cash
GFT-004235,DNR-00162,FND-004,,2025-11-28,2852.62,Cash
GFT-004236,DNR-00739,FND-005,CAM-001,2024-12-16,110.3,Pledge Payment
GFT-004237,DNR-00671,FND-007,CAM-004,2024-12-13,40.06,Cash
GFT-004238,DNR-00174,FND-002,CAM-001,2024-09-26,129.52,Cash
GFT-004239,DNR-00099,FND-004,CAM-002,2025-07-29,574.23,Pledge Payment
GFT-004240,DNR-00391,FND-007,,2024-07-10,72.1,Cash
GFT-004241,DNR-00069,FND-004,CAM-001,2024-04-03,181.88,Matching Gift
GFT-004242,DNR-00937,FND-005,,2025-03-26,344.84,Pledge Payment
GFT-004243,DNR-00833,FND-004,,2024-12-24,112.67,Cash
GFT-004244,DNR-00617,FND-004,CAM-005,2023-08-08,233.9,Cash
GFT-004245,DNR-01034,FND-007,CAM-006,2025-10-29,65.36,Pledge Payment
GFT-004246,DNR-00067,FND-006,,2023-08-27,747.91,Cash
GFT-004247,DNR-00782,FND-001,,2025-01-25,140.19,Cash
GFT-004248,DNR-00998,FND-008,CAM-002,2023-12-31,226.38,Cash
GFT-004249,DNR-00954,FND-005,CAM-001,2023-11-09,26.6,Pledge Payment
GFT-004250,DNR-00619,FND-004,CAM-003,2023-09-15,56.78,Cash
GFT-004251,DNR-00318,FND-004,CAM-006,2023-10-28,550.83,Cash
GFT-004252,DNR-00097,FND-003,,2025-07-20,111.02,Matching Gift
GFT-004253,DNR-00865,FND-007,CAM-003,2025-01-25,68.71,Pledge Payment
GFT-004254,DNR-00919,FND-006,,2024-07-06,37.08,Pledge Payment
GFT-004255,DNR-00412,FND-003,CAM-006,2024-08-11,729.94,Cash
GFT-004256,DNR-00479,FND-001,,2024-05-09,395.81,Stock
GFT-004257,DNR-00276,FND-006,CAM-004,2023-08-03,365.91,Stock
GFT-004258,DNR-00442,FND-004,,2024-02-06,1173.08,Pledge Payment
GFT-004259,DNR-00045,FND-004,CAM-001,2024-10-13,127.38,Cash
GFT-004260,DNR-00837,FND-008,CAM-005,2024-12-01,40.52,Cash
GFT-004261,DNR-00252,FND-007,CAM-005,2023-11-16,193.81,Cash
GFT-004262,DNR-00022,FND-008,CAM-004,2025-07-17,1508.57,Matching Gift
GFT-004263,DNR-00980,FND-006,CAM-003,2024-04-16,198.23,Cash
GFT-004264,DNR-00117,FND-003,CAM-002,2024-11-22,662.97,Cash
GFT-004265,DNR-00432,FND-001,,2025-07-28,42.02,Cash
GFT-004266,DNR-00473,FND-005,CAM-005,2024-06-19,80.11,Matching Gift
GFT-004267,DNR-00482,FND-001,CAM-001,2024-06-14,511.44,Pledge Payment
GFT-004268,DNR-00270,FND-001,,2025-01-05,221.27,Cash
GFT-004269,DNR-00939,FND-002,,2025-02-26,163.48,Stock
GFT-004270,DNR-00931,FND-003,,2024-01-03,651.52,Cash
GFT-004271,DNR-00600,FND-001,CAM-003,2024-03-28,503.11,Matching Gift
GFT-004272,DNR-00900,FND-007,CAM-002,2023-10-28,228.0,Cash
GFT-004273,DNR-00209,FND-008,CAM-005,2026-02-02,13.6,Pledge Payment
GFT-004274,DNR-00534,FND-007,,2025-04-18,184.95,Pledge Payment
GFT-004275,DNR-00541,FND-001,CAM-004,2024-07-09,296.02,Pledge Payment
GFT-004276,DNR-01110,FND-004,CAM-006,2025-07-06,27.26,Cash
GFT-004277,DNR-00316,FND-008,,2025-12-19,284.7,Matching Gift
GFT-004278,DNR-01036,FND-002,,2025-05-26,689.61,Cash
GFT-004279,DNR-00649,FND-001,CAM-003,2024-05-14,184.57,Cash
GFT-004280,DNR-00808,FND-005,CAM-002,2025-08-28,61.21,Matching Gift
GFT-004281,DNR-00302,FND-004,CAM-005,2026-05-04,15.16,Cash
GFT-004282,DNR-00385,FND-008,,2024-11-22,291.23,Pledge Payment
GFT-004283,DNR-00205,FND-003,,2024-07-16,30.54,Matching Gift
GFT-004284,DNR-00097,FND-002,CAM-006,2023-12-24,362.39,Cash
GFT-004285,DNR-01052,FND-001,CAM-001,2026-01-23,1408.74,Cash
GFT-004286,DNR-01133,FND-007,,2025-06-09,17.19,Matching Gift
GFT-004287,DNR-00931,FND-001,CAM-005,2023-11-29,83.97,Cash
GFT-004288,DNR-00074,FND-004,,2025-02-16,143.98,Pledge Payment
GFT-004289,DNR-00213,FND-005,CAM-003,2025-06-21,1524.54,Cash
GFT-004290,DNR-00652,FND-002,CAM-005,2024-06-29,210.49,Cash
GFT-004291,DNR-00354,FND-003,,2024-01-25,112.18,Pledge Payment
GFT-004292,DNR-00795,FND-005,CAM-001,2026-04-04,574.17,Cash
GFT-004293,DNR-01142,FND-008,,2024-09-24,118.8,Cash
GFT-004294,DNR-00044,FND-006,CAM-002,2024-05-30,78.39,Pledge Payment
GFT-004295,DNR-00296,FND-002,CAM-004,2024-05-02,355.88,Pledge Payment
GFT-004296,DNR-00772,FND-006,CAM-002,2024-06-25,633.69,Cash
GFT-004297,DNR-00394,FND-004,,2025-08-22,11.47,Stock
GFT-004298,DNR-00415,FND-005,CAM-002,2024-08-04,77.82,Cash
GFT-004299,DNR-00907,FND-001,CAM-002,2025-03-10,230.58,Stock
GFT-004300,DNR-01063,FND-008,CAM-006,2026-04-24,150.88,Cash
GFT-004301,DNR-00025,FND-005,CAM-005,2025-05-08,178.9,Pledge Payment
GFT-004302,DNR-00341,FND-001,CAM-003,2023-08-12,61.82,Cash
GFT-004303,DNR-01040,FND-006,,2025-08-12,388.8,Cash
GFT-004304,DNR-00389,FND-008,CAM-005,2025-04-02,1035.81,Cash
GFT-004305,DNR-00373,FND-007,CAM-004,2024-12-09,76.02,Stock
GFT-004306,DNR-00328,FND-006,CAM-004,2024-09-01,388.42,Cash
GFT-004307,DNR-00549,FND-003,CAM-005,2024-10-20,557.89,Stock
GFT-004308,DNR-00972,FND-006,,2026-04-15,228.68,Cash
GFT-004309,DNR-00735,FND-003,,2024-05-23,369.29,Cash
GFT-004310,DNR-00165,FND-007,CAM-003,2025-11-03,85.38,Cash
GFT-004311,DNR-00291,FND-003,,2023-12-19,960.02,Cash
GFT-004312,DNR-01173,FND-003,,2025-07-25,639.79,Cash
GFT-004313,DNR-00240,FND-002,CAM-003,2025-02-05,736.68,Cash
GFT-004314,DNR-00448,FND-001,,2025-10-18,51.98,Matching Gift
GFT-004315,DNR-00647,FND-007,CAM-001,2025-04-11,317.42,Cash
GFT-004316,DNR-00501,FND-008,,2025-12-09,92.05,Cash
GFT-004317,DNR-00353,FND-005,,2025-10-14,1073.57,Pledge Payment
GFT-004318,DNR-00884,FND-007,,2023-09-26,77.67,Stock
GFT-004319,DNR-00531,FND-001,CAM-006,2025-05-17,239.23,Cash
GFT-004320,DNR-00199,FND-004,CAM-001,2025-05-26,20.75,Cash
GFT-004321,DNR-00457,FND-001,,2024-02-05,237.84,Pledge Payment
GFT-004322,DNR-01176,FND-004,,2025-01-09,52.58,Cash
GFT-004323,DNR-00172,FND-003,,2023-11-09,336.68,Cash
GFT-004324,DNR-00355,FND-002,CAM-003,2024-01-10,155.79,Pledge Payment
GFT-004325,DNR-01048,FND-002,CAM-003,2025-02-26,122.54,Matching Gift
GFT-004326,DNR-00892,FND-007,CAM-006,2024-05-10,1110.61,Pledge Payment
GFT-004327,DNR-00823,FND-005,,2026-04-18,2290.54,Pledge Payment
GFT-004328,DNR-01194,FND-002,CAM-006,2024-01-29,38.89,Pledge Payment
GFT-004329,DNR-00537,FND-001,CAM-004,2025-04-30,126.81,Cash
GFT-004330,DNR-00626,FND-003,,2025-03-25,466.66,Cash
GFT-004331,DNR-00796,FND-003,CAM-006,2023-09-26,276.85,Pledge Payment
GFT-004332,DNR-00906,FND-008,CAM-001,2026-04-15,436.34,Pledge Payment
GFT-004333,DNR-01067,FND-006,CAM-004,2025-04-03,168.31,Stock
GFT-004334,DNR-00578,FND-007,CAM-002,2025-09-30,673.83,Cash
GFT-004335,DNR-00892,FND-003,CAM-001,2024-02-29,227.75,Cash
GFT-004336,DNR-00370,FND-002,,2025-02-26,295.97,Pledge Payment
GFT-004337,DNR-00297,FND-003,,2025-12-10,52.64,Pledge Payment
GFT-004338,DNR-00375,FND-001,CAM-002,2024-07-30,202.92,Cash
GFT-004339,DNR-00094,FND-005,,2023-11-08,472.82,Pledge Payment
GFT-004340,DNR-01090,FND-004,,2024-11-30,259.79,Cash
GFT-004341,DNR-00995,FND-002,,2025-01-27,1704.34,Matching Gift
GFT-004342,DNR-00915,FND-003,CAM-004,2026-02-19,213.1,Cash
GFT-004343,DNR-01179,FND-002,,2025-01-19,317.85,Cash
GFT-004344,DNR-00408,FND-002,CAM-006,2026-05-18,226.31,Matching Gift
GFT-004345,DNR-00117,FND-004,CAM-004,2023-08-10,174.51,Cash
GFT-004346,DNR-00840,FND-001,,2025-11-11,490.92,Pledge Payment
GFT-004347,DNR-00128,FND-001,CAM-003,2023-07-05,161.71,Stock
GFT-004348,DNR-00331,FND-006,CAM-001,2024-08-06,49.48,Cash
GFT-004349,DNR-00387,FND-002,,2025-09-19,1044.43,Pledge Payment
GFT-004350,DNR-00096,FND-006,,2025-04-19,94.96,Matching Gift
GFT-004351,DNR-00501,FND-004,CAM-006,2025-01-04,37.06,Matching Gift
GFT-004352,DNR-00728,FND-003,CAM-004,2023-07-04,365.77,Pledge Payment
GFT-004353,DNR-01157,FND-001,,2024-06-15,1234.9,Matching Gift
GFT-004354,DNR-00816,FND-007,,2026-01-09,376.14,Pledge Payment
GFT-004355,DNR-00894,FND-999,CAM-001,2026-01-22,859.48,Cash
GFT-004356,DNR-01139,FND-004,CAM-006,2024-06-28,69.3,Cash
GFT-004357,DNR-00418,FND-004,CAM-005,2025-08-28,50.17,Cash
GFT-004358,DNR-00171,FND-006,,2025-10-12,126.32,Cash
GFT-004359,DNR-00363,FND-007,CAM-005,2025-10-02,613.08,Matching Gift
GFT-004360,DNR-00508,FND-007,CAM-006,2024-01-31,338.07,Cash
GFT-004361,DNR-00223,FND-001,,2025-03-16,368.24,Cash
GFT-004362,DNR-00318,FND-003,CAM-001,2024-07-23,212.96,Pledge Payment
GFT-004363,DNR-00313,FND-002,CAM-006,2024-10-05,128.96,Stock
GFT-004364,DNR-00459,FND-006,,2026-05-06,223.9,Stock
GFT-004365,DNR-00130,FND-008,CAM-003,2026-01-30,155.68,Cash
GFT-004366,DNR-00832,FND-008,CAM-005,2023-08-10,119.68,Cash
GFT-004367,DNR-00195,FND-001,CAM-004,2025-08-28,285.56,Cash
GFT-004368,DNR-01192,FND-003,,2025-07-28,140.26,Cash
GFT-004369,DNR-00206,FND-005,CAM-001,2026-06-05,250.16,Cash
GFT-004370,DNR-00261,FND-008,CAM-005,2023-12-01,22.91,Cash
GFT-004371,DNR-00240,FND-008,CAM-006,2025-10-17,227.66,Matching Gift
GFT-004372,DNR-00722,FND-007,CAM-006,2024-02-12,139.32,Cash
GFT-004373,DNR-01109,FND-005,CAM-003,2024-11-17,921.44,Pledge Payment
GFT-004374,DNR-00365,FND-001,,2026-04-14,35.49,Cash
GFT-004375,DNR-00772,FND-006,CAM-004,2025-09-08,209.4,Cash
GFT-004376,DNR-00788,FND-003,CAM-003,2026-06-28,479.78,Pledge Payment
GFT-004377,DNR-00284,FND-006,CAM-005,2024-01-09,162.51,Cash
GFT-004378,DNR-00631,FND-003,CAM-003,2024-08-22,134.33,Cash
GFT-004379,DNR-00458,FND-005,CAM-004,2025-04-28,477.79,Pledge Payment
GFT-004380,DNR-00911,FND-005,,2023-07-19,328.54,Matching Gift
GFT-004381,DNR-00912,FND-005,CAM-005,2023-08-16,358.16,Pledge Payment
GFT-004382,DNR-00844,FND-007,CAM-002,2024-04-18,119.93,Cash
GFT-004383,DNR-00897,FND-007,CAM-005,2023-11-06,104.89,Pledge Payment
GFT-004384,DNR-01152,FND-001,CAM-006,2023-08-14,250.51,Cash
GFT-004385,DNR-00629,FND-008,CAM-002,2026-01-22,527.71,Pledge Payment
GFT-004386,DNR-01170,FND-005,CAM-004,2025-06-20,43.61,Cash
GFT-004387,DNR-00155,FND-004,CAM-006,2025-01-15,168.89,Pledge Payment
GFT-004388,DNR-00231,FND-007,CAM-005,2025-03-11,109.87,Stock
GFT-004389,DNR-00592,FND-008,CAM-006,2024-11-08,192.04,Pledge Payment
GFT-004390,DNR-00423,FND-007,CAM-006,2025-06-03,427.44,Cash
GFT-004391,DNR-00219,FND-007,CAM-002,2026-06-27,76.18,Cash
GFT-004392,DNR-00058,FND-005,CAM-002,2026-06-28,373.39,Pledge Payment
GFT-004393,DNR-00021,FND-003,CAM-006,2025-04-08,124.25,Cash
GFT-004394,DNR-00021,FND-006,,2025-09-15,636.78,Stock
GFT-004395,DNR-00065,FND-003,CAM-004,2024-02-28,80.79,Cash
GFT-004396,DNR-00940,FND-001,CAM-004,2024-04-11,518.81,Pledge Payment
GFT-004397,DNR-00594,FND-001,,2025-09-27,48.22,Cash
GFT-004398,DNR-00555,FND-005,CAM-003,2024-07-01,232.24,Stock
GFT-004399,DNR-00214,FND-004,,2026-05-31,382.69,Cash
GFT-004400,DNR-00085,FND-006,CAM-005,2024-07-24,83.0,Pledge Payment
GFT-004401,DNR-01108,FND-004,CAM-005,2025-03-16,17.7,Stock
GFT-004402,DNR-00218,FND-006,CAM-004,2024-12-18,113.72,Stock
GFT-004403,DNR-00030,FND-003,CAM-005,2024-10-27,194.33,Cash
GFT-004404,DNR-00027,FND-001,,2025-07-28,133.83,Cash
GFT-004405,DNR-00095,FND-006,CAM-004,2024-09-08,102.98,Matching Gift
GFT-004406,DNR-00209,FND-006,CAM-001,2025-10-03,486.59,Cash
GFT-004407,DNR-00733,FND-007,CAM-002,2023-08-05,721.85,Cash
GFT-004408,DNR-01143,FND-005,CAM-001,2024-01-15,669.47,Cash
GFT-004409,DNR-01109,FND-005,CAM-004,2025-12-14,313.03,Cash
GFT-004410,DNR-01167,FND-001,CAM-006,2026-01-05,364.53,Cash
GFT-004411,DNR-00040,FND-002,CAM-006,2026-03-09,69.86,Stock
GFT-004412,DNR-00332,FND-007,,2026-02-21,175.45,Pledge Payment
GFT-004413,DNR-00232,FND-004,CAM-004,2023-09-02,212.44,Matching Gift
GFT-004414,DNR-00252,FND-001,CAM-001,2025-08-01,260.83,Pledge Payment
GFT-004415,DNR-00606,FND-005,CAM-002,2025-01-06,255.74,Pledge Payment
GFT-004416,DNR-00089,FND-007,CAM-005,2024-03-26,194.87,Cash
GFT-004417,DNR-00703,FND-007,CAM-006,2025-01-12,308.91,Pledge Payment
GFT-004418,DNR-00767,FND-003,CAM-002,2025-09-28,243.28,Pledge Payment
GFT-004419,DNR-00774,FND-003,,2023-09-18,242.66,Cash
GFT-004420,DNR-00663,FND-006,CAM-004,2024-02-25,88.77,Pledge Payment
GFT-004421,DNR-00281,FND-006,CAM-004,2026-03-05,55.17,Cash
GFT-004422,DNR-00378,FND-003,,2024-06-30,262.29,Pledge Payment
GFT-004423,DNR-00680,FND-004,CAM-001,2023-07-17,118.97,Stock
GFT-004424,DNR-00901,FND-001,CAM-002,2025-02-23,93.07,Cash
GFT-004425,DNR-00630,FND-008,CAM-004,2026-04-17,394.32,Cash
GFT-004426,DNR-01109,FND-005,CAM-003,2025-03-13,177.5,Cash
GFT-004427,DNR-00457,FND-007,CAM-003,2025-08-01,864.55,Matching Gift
GFT-004428,DNR-00198,FND-004,CAM-006,2024-06-14,347.69,Matching Gift
GFT-004429,DNR-00641,FND-001,CAM-005,2024-10-04,83.32,Cash
GFT-004430,DNR-00281,FND-005,CAM-003,2023-12-15,400.04,Cash
GFT-004431,DNR-00447,FND-002,,2025-06-12,292.58,Pledge Payment
GFT-004432,DNR-00007,FND-004,CAM-004,2023-10-24,80.19,Cash
GFT-004433,DNR-00379,FND-002,,2024-03-18,104.65,Cash
GFT-004434,DNR-00486,FND-003,CAM-005,2026-02-22,378.42,Pledge Payment
GFT-004435,DNR-00322,FND-007,CAM-002,2026-04-09,29.03,Cash
GFT-004436,DNR-00710,FND-006,CAM-003,2024-11-16,20.05,Cash
GFT-004437,DNR-00351,FND-003,CAM-002,2025-04-26,227.84,Cash
GFT-004438,DNR-00710,FND-003,CAM-003,2024-06-13,209.74,Cash
GFT-004439,DNR-00832,FND-002,CAM-006,2024-01-24,251.02,Cash
GFT-004440,DNR-01002,FND-006,,2025-05-02,210.39,Cash
GFT-004441,DNR-00137,FND-001,CAM-003,2026-01-04,304.46,Cash
GFT-004442,DNR-01084,FND-001,CAM-003,2023-10-15,734.43,Pledge Payment
GFT-004443,DNR-00190,FND-005,CAM-005,2025-03-23,190.38,Cash
GFT-004444,DNR-00630,FND-005,CAM-005,2026-01-16,40.34,Stock
GFT-004445,DNR-00750,FND-004,CAM-003,2024-10-14,25.92,Cash
GFT-004446,DNR-00610,FND-008,CAM-006,2024-04-15,130.22,Stock
GFT-004447,DNR-00230,FND-008,,2025-02-25,133.82,Cash
GFT-004448,DNR-01190,FND-005,CAM-005,2025-06-29,47.14,Pledge Payment
GFT-004449,DNR-00533,FND-005,CAM-001,2024-08-12,16.91,Cash
GFT-004450,DNR-00683,FND-004,CAM-005,2023-09-14,120.5,Stock
GFT-004451,DNR-01095,FND-001,CAM-001,2026-05-11,1226.33,Stock
GFT-004452,DNR-00256,FND-004,CAM-004,2024-08-03,290.58,Matching Gift
GFT-004453,DNR-00141,FND-004,CAM-001,2023-12-18,263.13,Cash
GFT-004454,DNR-00374,FND-007,,2026-06-02,157.4,Cash
GFT-004455,DNR-00972,FND-003,CAM-006,2026-05-16,130.0,Cash
GFT-004456,DNR-00723,FND-003,CAM-005,2023-11-17,325.04,Cash
GFT-004457,DNR-00403,FND-001,CAM-002,2026-02-28,52.69,Pledge Payment
GFT-004458,DNR-00377,FND-006,,2025-12-07,1720.24,Stock
GFT-004459,DNR-00372,FND-002,CAM-005,2025-04-02,56.64,Matching Gift
GFT-004460,DNR-00837,FND-006,CAM-001,2025-03-18,359.85,Cash
GFT-004461,DNR-00464,FND-008,CAM-006,2025-05-01,61.91,Cash
GFT-004462,DNR-00208,FND-002,CAM-003,2023-10-11,216.22,Cash
GFT-004463,DNR-00980,FND-004,CAM-002,2025-11-17,406.47,Stock
GFT-004464,DNR-00782,FND-008,,2025-01-22,33.4,Pledge Payment
GFT-004465,DNR-00907,FND-007,,2026-03-08,68.88,Matching Gift
GFT-004466,DNR-DUP005,FND-002,CAM-002,2025-09-22,73.53,Cash
GFT-004467,DNR-00430,FND-007,,2024-10-02,141.84,Matching Gift
GFT-004468,DNR-00771,FND-007,CAM-002,2024-12-08,247.21,Cash
GFT-004469,DNR-00108,FND-001,,2025-05-30,1260.52,Pledge Payment
GFT-004470,DNR-00099,FND-006,CAM-005,2024-02-15,103.7,Cash
GFT-004471,DNR-01183,FND-001,CAM-006,2024-10-09,1154.76,Cash
GFT-004472,DNR-00698,FND-003,,2024-10-22,279.23,Cash
GFT-004473,DNR-01107,FND-007,CAM-006,2023-12-22,54.79,Pledge Payment
GFT-004474,DNR-00589,FND-003,CAM-002,2025-02-14,158.18,Cash
GFT-004475,DNR-00568,FND-005,CAM-005,2025-09-06,41.0,Cash
GFT-004476,DNR-00898,FND-003,CAM-006,2025-07-29,130.3,Cash
GFT-004477,DNR-01005,FND-006,CAM-003,2025-07-29,121.15,Cash
GFT-004478,DNR-00259,FND-002,,2026-05-30,220.18,Cash
GFT-004479,DNR-00294,FND-002,CAM-005,2024-07-01,361.25,Matching Gift
GFT-004480,DNR-01104,FND-002,,2026-02-02,171.8,Pledge Payment
GFT-004481,DNR-01084,FND-004,CAM-005,2025-03-04,61.11,Cash
GFT-004482,DNR-00947,FND-001,CAM-003,2023-12-15,2132.43,Matching Gift
GFT-004483,DNR-00613,FND-005,CAM-003,2026-06-18,859.82,Cash
GFT-004484,DNR-00545,FND-004,CAM-004,2024-01-19,1374.71,Cash
GFT-004485,DNR-00328,FND-007,CAM-006,2026-04-12,154.49,Cash
GFT-004486,DNR-00170,FND-003,CAM-001,2024-01-31,265.64,Cash
GFT-004487,DNR-00430,FND-006,CAM-004,2023-08-30,145.62,Stock
GFT-004488,DNR-00168,FND-004,CAM-005,2024-02-19,222.14,Pledge Payment
GFT-004489,DNR-00564,FND-006,,2023-12-11,235.43,Cash
GFT-004490,DNR-01174,FND-003,,2023-08-16,47.86,Cash
GFT-004491,DNR-00959,FND-001,CAM-003,2025-12-28,132.89,Cash
GFT-004492,DNR-00303,FND-007,CAM-004,2025-04-07,575.85,Cash
GFT-004493,DNR-00453,FND-006,,2024-08-29,517.14,Cash
GFT-004494,DNR-01034,FND-001,CAM-005,2025-04-02,130.34,Matching Gift
GFT-004495,DNR-00653,FND-004,,2023-07-25,240.44,Cash
GFT-004496,DNR-00041,FND-002,,2025-09-16,140.99,Cash
GFT-004497,DNR-01198,FND-002,,2024-11-05,377.58,Pledge Payment
GFT-004498,DNR-01091,FND-003,CAM-005,2024-11-21,33.13,Cash
GFT-004499,DNR-00276,FND-006,CAM-003,2025-03-21,326.05,Pledge Payment
GFT-004500,DNR-00499,FND-007,,2024-03-05,936.59,Cash
GFT-004501,DNR-01088,FND-006,CAM-006,2023-10-29,87.8,Cash
GFT-004502,DNR-01029,FND-002,,2024-01-23,781.73,Pledge Payment
GFT-004503,DNR-00672,FND-001,,2025-01-31,254.1,Cash
GFT-004504,DNR-00435,FND-008,CAM-001,2025-03-05,171.34,Matching Gift
GFT-004505,DNR-00143,FND-006,CAM-006,2025-09-28,129.29,Matching Gift
GFT-004506,DNR-00422,FND-007,CAM-004,2026-04-12,817.3,Cash
GFT-004507,DNR-00901,FND-002,CAM-001,2024-04-12,141.47,Cash
GFT-004508,DNR-01044,FND-007,CAM-001,2025-06-14,1133.8,Cash
GFT-004509,DNR-00724,FND-004,,2024-09-01,969.68,Pledge Payment
GFT-004510,DNR-00684,FND-006,CAM-004,2023-07-15,111.11,Pledge Payment
GFT-004511,DNR-00752,FND-005,CAM-005,2024-01-02,152.92,Cash
GFT-004512,DNR-00177,FND-006,CAM-004,2024-11-16,24.66,Stock
GFT-004513,DNR-00491,FND-008,,2025-08-08,177.46,Cash
GFT-004514,DNR-00711,FND-002,,2025-07-01,202.71,Cash
GFT-004515,DNR-00595,FND-004,CAM-004,2025-08-16,654.54,Pledge Payment
GFT-004516,DNR-00275,FND-004,CAM-005,2023-09-26,1040.33,Cash
GFT-004517,DNR-00373,FND-008,,2026-03-22,420.71,Cash
GFT-004518,DNR-01116,FND-007,CAM-004,2024-05-20,590.37,Cash
GFT-004519,DNR-00010,FND-006,CAM-001,2025-10-17,152.79,Stock
GFT-004520,DNR-00363,FND-002,CAM-004,2025-02-24,50.84,Cash
GFT-004521,DNR-00526,FND-002,CAM-004,2024-12-04,253.58,Cash
GFT-004522,DNR-00072,FND-002,CAM-005,2023-12-04,640.92,Pledge Payment
GFT-004523,DNR-00420,FND-006,CAM-006,2025-04-23,11.33,Cash
GFT-004524,DNR-00839,FND-005,,2025-03-05,213.51,Cash
GFT-004525,DNR-00255,FND-001,CAM-001,2025-08-03,27.92,Matching Gift
GFT-004526,DNR-00278,FND-008,CAM-001,2023-07-03,80.78,Cash
GFT-004527,DNR-00541,FND-003,CAM-005,2023-07-17,223.07,Pledge Payment
GFT-004528,DNR-00428,FND-007,,2025-11-06,1063.03,Cash
GFT-004529,DNR-00210,FND-005,CAM-002,2026-05-08,190.95,Stock
GFT-004530,DNR-00929,FND-002,CAM-006,2025-01-05,389.22,Cash
GFT-004531,DNR-DUP012,FND-006,CAM-001,2024-10-13,250.82,Cash
GFT-004532,DNR-01179,FND-007,,2023-08-14,85.85,Cash
GFT-004533,DNR-01015,FND-007,CAM-002,2025-11-03,310.47,Matching Gift
GFT-004534,DNR-01167,FND-003,,2023-07-08,49.51,Cash
GFT-004535,DNR-01099,FND-005,CAM-006,2026-05-01,187.98,Cash
GFT-004536,DNR-00553,FND-006,CAM-003,2026-01-16,797.62,Matching Gift
GFT-004537,DNR-00486,FND-006,CAM-006,2024-02-15,230.06,Cash
GFT-004538,DNR-00279,FND-008,,2026-01-15,250.94,Cash
GFT-004539,DNR-00545,FND-004,,2026-01-14,130.1,Cash
GFT-004540,DNR-01133,FND-002,,2025-11-17,35.41,Stock
GFT-004541,DNR-00555,FND-001,CAM-001,2025-08-24,146.54,Cash
GFT-004542,DNR-00427,FND-002,CAM-006,2025-03-16,486.13,Stock
GFT-004543,DNR-00421,FND-008,CAM-005,2026-04-06,288.46,Cash
GFT-004544,DNR-01049,FND-004,CAM-001,2025-07-05,52.38,Cash
GFT-004545,DNR-00829,FND-005,CAM-005,2024-09-12,26.6,Matching Gift
GFT-004546,DNR-00029,FND-005,,2026-01-06,84.83,Stock
GFT-004547,DNR-00018,FND-001,,2024-10-19,148.13,Pledge Payment
GFT-004548,DNR-00396,FND-007,,2025-06-14,159.74,Cash
GFT-004549,DNR-01117,FND-003,CAM-004,2024-07-16,162.01,Cash
GFT-004550,DNR-00715,FND-005,,2024-03-29,188.92,Pledge Payment
GFT-004551,DNR-00537,FND-002,,2023-09-19,299.46,Cash
GFT-004552,DNR-00175,FND-001,CAM-003,2024-10-19,121.05,Cash
GFT-004553,DNR-00946,FND-003,,2026-01-08,67.61,Pledge Payment
GFT-004554,DNR-00573,FND-002,,2024-12-31,340.63,Pledge Payment
GFT-004555,DNR-01014,FND-005,,2023-10-24,500.33,Pledge Payment
GFT-004556,DNR-00327,FND-005,CAM-003,2024-09-13,102.24,Cash
GFT-004557,DNR-01129,FND-002,,2024-11-03,1737.09,Cash
GFT-004558,DNR-00634,FND-002,,2026-03-15,989.39,Cash
GFT-004559,DNR-00568,FND-008,,2024-04-21,56.13,Pledge Payment
GFT-004560,DNR-00310,FND-007,CAM-002,2026-02-27,28.44,Cash
GFT-004561,DNR-00420,FND-003,,2025-10-11,155.12,Cash
GFT-004562,DNR-00161,FND-008,CAM-002,2025-08-03,252.79,Pledge Payment
GFT-004563,DNR-00380,FND-005,,2024-04-21,1701.19,Cash
GFT-004564,DNR-00439,FND-003,CAM-004,2024-12-24,1621.82,Cash
GFT-004565,DNR-00221,FND-001,,2024-01-21,390.32,Pledge Payment
GFT-004566,DNR-00626,FND-007,CAM-006,2024-07-29,123.68,Cash
GFT-004567,DNR-00204,FND-007,CAM-001,2025-11-30,690.97,Stock
GFT-004568,DNR-00973,FND-001,,2023-10-11,215.09,Cash
GFT-004569,DNR-00919,FND-003,,2025-09-25,45.19,Cash
GFT-004570,DNR-00072,FND-001,CAM-003,2024-05-06,46.88,Pledge Payment
GFT-004571,DNR-00801,FND-007,,2024-10-27,124.56,Pledge Payment
GFT-004572,DNR-01170,FND-006,CAM-001,2023-11-21,557.89,Pledge Payment
GFT-004573,DNR-01114,FND-001,,2025-10-16,60.97,Pledge Payment
GFT-004574,DNR-00953,FND-008,CAM-003,2025-05-25,124.27,Stock
GFT-004575,DNR-00123,FND-002,CAM-005,2023-08-31,978.11,Cash
GFT-004576,DNR-00280,FND-006,,2024-11-10,287.89,Stock
GFT-004577,DNR-00945,FND-004,CAM-005,2023-08-23,1384.26,Matching Gift
GFT-004578,DNR-00389,FND-001,CAM-005,2023-12-31,328.33,Cash
GFT-004579,DNR-00329,FND-002,,2024-06-16,583.11,Matching Gift
GFT-004580,DNR-01108,FND-007,,2024-08-22,126.99,Cash
GFT-004581,DNR-00968,FND-002,CAM-004,2026-05-09,1068.78,Stock
GFT-004582,DNR-00292,FND-003,,2026-04-11,404.3,Cash
GFT-004583,DNR-00520,FND-006,CAM-002,2023-08-21,165.42,Cash
GFT-004584,DNR-00230,FND-008,,2025-10-12,824.74,Cash
GFT-004585,DNR-01121,FND-002,CAM-005,2024-06-07,383.68,Cash
GFT-004586,DNR-00932,FND-005,CAM-002,2023-07-13,184.11,Matching Gift
GFT-004587,DNR-00834,FND-001,,2024-11-13,339.69,Stock
GFT-004588,DNR-00618,FND-005,,2024-10-04,74.01,Pledge Payment
GFT-004589,DNR-00739,FND-003,,2024-07-11,694.09,Stock
GFT-004590,DNR-00032,FND-003,CAM-003,2025-09-21,1660.56,Stock
GFT-004591,DNR-00440,FND-005,,2024-07-05,33.94,Stock
GFT-004592,DNR-00035,FND-005,CAM-002,2024-04-16,101.03,Cash
GFT-004593,DNR-00972,FND-003,CAM-004,2025-12-30,92.56,Cash
GFT-004594,DNR-00427,FND-003,CAM-004,2023-08-16,435.27,Cash
GFT-004595,DNR-00647,FND-002,CAM-001,2025-06-23,238.36,Cash
GFT-004596,DNR-00964,FND-007,,2024-03-24,117.89,Cash
GFT-004597,DNR-00615,FND-001,,2026-02-08,138.0,Pledge Payment
GFT-004598,DNR-00707,FND-006,CAM-006,2025-01-04,106.92,Cash
GFT-004599,DNR-00230,FND-007,,2025-06-18,374.09,Pledge Payment
GFT-004600,DNR-00217,FND-002,,2024-03-26,234.02,Stock
GFT-004601,DNR-01100,FND-002,,2025-04-15,131.03,Stock
GFT-004602,DNR-01107,FND-007,CAM-002,2025-11-27,108.95,Pledge Payment
GFT-004603,DNR-00523,FND-008,CAM-006,2025-10-25,843.56,Cash
GFT-004604,DNR-01053,FND-007,,2025-11-23,672.02,Cash
GFT-004605,DNR-00950,FND-007,,2024-09-11,379.22,Cash
GFT-004606,DNR-01025,FND-005,CAM-002,2023-07-20,586.87,Stock
GFT-004607,DNR-00531,FND-001,CAM-006,2026-01-20,45.63,Stock
GFT-004608,DNR-00898,FND-002,,2024-10-15,60.41,Pledge Payment
GFT-004609,DNR-01005,FND-005,,2023-09-05,54.13,Cash
GFT-004610,DNR-00896,FND-005,,2023-12-23,190.38,Pledge Payment
GFT-004611,DNR-00827,FND-004,CAM-004,2023-10-12,611.24,Matching Gift
GFT-004612,DNR-00405,FND-006,CAM-001,2024-03-18,119.67,Stock
GFT-004613,DNR-01107,FND-005,CAM-006,2025-01-21,722.97,Cash
GFT-004614,DNR-00554,FND-008,,2025-12-12,100.81,Cash
GFT-004615,DNR-00324,FND-002,CAM-001,2026-04-28,163.26,Matching Gift
GFT-004616,DNR-00841,FND-006,CAM-002,2026-06-15,118.23,Cash
GFT-004617,DNR-00384,FND-003,,2025-12-01,150.16,Matching Gift
GFT-004618,DNR-00136,FND-003,CAM-001,2024-06-09,168.56,Cash
GFT-004619,DNR-00304,FND-001,CAM-003,2026-04-02,27.66,Cash
GFT-004620,DNR-00004,FND-004,CAM-001,2025-05-04,278.9,Cash
GFT-004621,DNR-00125,FND-001,,2023-07-05,164.33,Cash
GFT-004622,DNR-00772,FND-004,CAM-002,2026-05-28,1065.63,Cash
GFT-004623,DNR-00929,FND-004,,2025-10-03,357.76,Cash
GFT-004624,DNR-00007,FND-002,,2023-07-10,265.38,Cash
GFT-004625,DNR-00244,FND-007,,2024-11-28,983.52,Cash
GFT-004626,DNR-01188,FND-002,CAM-004,2023-08-17,858.79,Cash
GFT-004627,DNR-00482,FND-003,CAM-005,2024-05-07,1130.72,Cash
GFT-004628,DNR-00936,FND-008,,2024-08-16,107.38,Cash
GFT-004629,DNR-00019,FND-006,CAM-002,2025-09-03,52.83,Cash
GFT-004630,DNR-01122,FND-007,CAM-005,2023-12-16,27.79,Stock
GFT-004631,DNR-00796,FND-004,,2024-12-10,576.98,Cash
GFT-004632,DNR-00048,FND-005,CAM-001,2023-10-12,23.87,Cash
GFT-004633,DNR-00890,FND-002,,2024-11-22,237.94,Matching Gift
GFT-004634,DNR-00913,FND-002,,2024-11-12,480.7,Matching Gift
GFT-004635,DNR-00175,FND-006,,2026-06-06,36.73,Stock
GFT-004636,DNR-00531,FND-006,CAM-006,2025-07-26,65.58,Matching Gift
GFT-004637,DNR-01175,FND-005,,2024-04-15,688.49,Pledge Payment
GFT-004638,DNR-00388,FND-005,,2023-08-07,325.77,Cash
GFT-004639,DNR-00744,FND-004,CAM-003,2023-11-18,683.47,Pledge Payment
GFT-004640,DNR-00569,FND-007,CAM-004,2024-11-01,243.7,Cash
GFT-004641,DNR-00915,FND-006,CAM-004,2023-08-31,67.34,Cash
GFT-004642,DNR-00581,FND-005,CAM-004,2024-11-24,115.03,Matching Gift
GFT-004643,DNR-00905,FND-003,,2025-12-01,509.21,Cash
GFT-004644,DNR-00120,FND-003,CAM-002,2024-01-12,33.69,Cash
GFT-004645,DNR-00286,FND-002,CAM-006,2023-08-02,105.56,Cash
GFT-004646,DNR-00283,FND-004,CAM-006,2024-05-07,90.94,Cash
GFT-004647,DNR-00592,FND-001,,2025-12-31,171.05,Cash
GFT-004648,DNR-00289,FND-001,CAM-006,2025-09-08,371.98,Pledge Payment
GFT-004649,DNR-01026,FND-002,CAM-005,2025-06-09,661.63,Cash
GFT-004650,DNR-00666,FND-003,CAM-005,2024-12-18,42.79,Pledge Payment
GFT-004651,DNR-00735,FND-004,CAM-004,2024-10-08,72.08,Cash
GFT-004652,DNR-00328,FND-004,CAM-003,2025-03-30,47.75,Matching Gift
GFT-004653,DNR-00036,FND-001,CAM-002,2026-01-16,178.6,Cash
GFT-004654,DNR-00327,FND-002,CAM-006,2023-12-26,53.66,Cash
GFT-004655,DNR-01130,FND-006,,2024-04-11,276.39,Matching Gift
GFT-004656,DNR-00858,FND-002,,2024-02-23,60.93,Matching Gift
GFT-004657,DNR-00709,FND-001,CAM-002,2025-05-01,782.72,Stock
GFT-004658,DNR-00235,FND-001,,2025-09-22,28.7,Cash
GFT-004659,DNR-00355,FND-004,,2026-02-06,74.65,Cash
GFT-004660,DNR-00874,FND-007,,2024-12-23,1147.02,Cash
GFT-004661,DNR-00175,FND-003,CAM-006,2023-10-19,230.67,Cash
GFT-004662,DNR-01070,FND-003,CAM-005,2024-11-08,107.45,Cash
GFT-004663,DNR-00061,FND-002,,2023-12-25,3809.34,Pledge Payment
GFT-004664,DNR-00261,FND-007,,2024-08-14,137.45,Cash
GFT-004665,DNR-00184,FND-003,,2025-06-18,355.02,Cash
GFT-004666,DNR-01091,FND-006,,2024-12-23,78.01,Cash
GFT-004667,DNR-00880,FND-007,CAM-003,2026-04-15,64.95,Cash
GFT-004668,DNR-00530,FND-005,CAM-004,2024-10-02,380.25,Cash
GFT-004669,DNR-00626,FND-003,,2023-10-03,1294.61,Pledge Payment
GFT-004670,DNR-00859,FND-004,CAM-002,2025-12-17,112.46,Pledge Payment
GFT-004671,DNR-00052,FND-002,,2025-08-23,60.27,Cash
GFT-004672,DNR-00485,FND-001,CAM-003,2025-05-12,564.82,Cash
GFT-004673,DNR-00420,FND-005,CAM-005,2026-04-18,113.63,Cash
GFT-004674,DNR-00532,FND-004,CAM-003,2024-04-30,280.73,Cash
GFT-004675,DNR-00171,FND-008,CAM-004,2025-11-10,108.96,Cash
GFT-004676,DNR-00347,FND-003,CAM-003,2026-06-30,129.31,Stock
GFT-004677,DNR-00259,FND-008,,2024-01-24,71.69,Cash
GFT-004678,DNR-00928,FND-001,CAM-006,2025-09-15,392.38,Cash
GFT-004679,DNR-00857,FND-007,CAM-003,2025-09-10,290.38,Matching Gift
GFT-004680,DNR-00313,FND-003,CAM-002,2025-09-27,278.94,Cash
GFT-004681,DNR-00906,FND-007,CAM-006,2023-12-04,86.52,Pledge Payment
GFT-004682,DNR-01046,FND-005,CAM-002,2025-12-22,262.47,Cash
GFT-004683,DNR-00957,FND-002,,2026-02-24,1553.66,Cash
GFT-004684,DNR-00426,FND-006,,2023-11-01,60.68,Cash
GFT-004685,DNR-00846,FND-002,CAM-006,2023-09-13,78.59,Matching Gift
GFT-004686,DNR-01026,FND-008,CAM-002,2025-03-13,83.01,Cash
GFT-004687,DNR-00258,FND-004,CAM-003,2024-04-24,209.14,Stock
GFT-004688,DNR-00430,FND-005,,2025-01-07,56.3,Pledge Payment
GFT-004689,DNR-00859,FND-007,CAM-006,2025-03-21,326.29,Pledge Payment
GFT-004690,DNR-00227,FND-003,,2024-05-08,25.91,Pledge Payment
GFT-004691,DNR-00887,FND-005,CAM-003,2025-05-19,451.77,Stock
GFT-004692,DNR-00731,FND-005,,2024-05-31,273.18,Pledge Payment
GFT-004693,DNR-00819,FND-005,CAM-002,2023-08-05,1503.97,Stock
GFT-004694,DNR-00254,FND-002,CAM-005,2023-12-28,63.54,Cash
GFT-004695,DNR-01120,FND-002,CAM-006,2024-08-04,593.44,Cash
GFT-004696,DNR-00950,FND-004,,2024-04-26,164.87,Cash
GFT-004697,DNR-00479,FND-005,CAM-001,2025-11-25,132.52,Cash
GFT-004698,DNR-DUP001,FND-005,CAM-006,2025-05-21,60.52,Cash
GFT-004699,DNR-00367,FND-002,CAM-006,2026-04-25,110.63,Cash
GFT-004700,DNR-00568,FND-007,CAM-006,2026-05-24,115.96,Cash
GFT-004701,DNR-00830,FND-007,CAM-002,2023-08-17,36.96,Pledge Payment
GFT-004702,DNR-00712,FND-002,,2023-08-07,269.91,Cash
GFT-004703,DNR-00373,FND-002,,2023-09-28,232.25,Cash
GFT-004704,DNR-00637,FND-004,CAM-002,2025-07-29,353.34,Pledge Payment
GFT-004705,DNR-00382,FND-004,,2023-12-16,96.36,Cash
GFT-004706,DNR-00823,FND-001,CAM-002,2024-02-28,472.89,Matching Gift
GFT-004707,DNR-00869,FND-001,CAM-001,2026-06-16,837.65,Pledge Payment
GFT-004708,DNR-00292,FND-002,CAM-006,2026-04-13,143.53,Matching Gift
GFT-004709,DNR-00109,FND-001,CAM-001,2025-08-27,64.84,Pledge Payment
GFT-004710,DNR-00128,FND-004,,2024-05-30,197.42,Pledge Payment
GFT-004711,DNR-01128,FND-001,,2025-12-31,187.57,Stock
GFT-004712,DNR-00566,FND-001,,2023-12-31,151.72,Pledge Payment
GFT-004713,DNR-00610,FND-008,,2024-09-02,354.31,Stock
GFT-004714,DNR-00220,FND-008,,2024-11-04,125.83,Pledge Payment
GFT-004715,DNR-01137,FND-007,,2026-02-10,59.86,Cash
GFT-004716,DNR-00795,FND-003,CAM-003,2024-01-31,218.12,Cash
GFT-004717,DNR-01040,FND-005,,2023-10-13,374.79,Matching Gift
GFT-004718,DNR-00956,FND-006,CAM-003,2025-02-03,412.53,Cash
GFT-004719,DNR-00247,FND-002,CAM-001,2023-07-20,117.38,Cash
GFT-004720,DNR-00698,FND-004,CAM-003,2025-12-13,254.67,Cash
GFT-004721,DNR-00340,FND-002,,2026-06-20,868.14,Matching Gift
GFT-004722,DNR-00341,FND-008,CAM-006,2026-02-22,858.47,Cash
GFT-004723,DNR-00966,FND-003,CAM-005,2023-07-08,615.23,Stock
GFT-004724,DNR-00465,FND-008,,2023-10-24,34.78,Matching Gift
GFT-004725,DNR-00217,FND-007,,2025-10-28,127.05,Pledge Payment
GFT-004726,DNR-00228,FND-008,,2026-05-14,787.71,Stock
GFT-004727,DNR-00416,FND-007,CAM-002,2024-03-22,34.59,Cash
GFT-004728,DNR-01005,FND-002,CAM-006,2026-03-12,171.59,Cash
GFT-004729,DNR-00994,FND-006,CAM-001,2024-08-09,94.74,Cash
GFT-004730,DNR-00917,FND-007,CAM-006,2023-09-21,260.9,Cash
GFT-004731,DNR-00015,FND-003,CAM-002,2024-02-03,18.7,Pledge Payment
GFT-004732,DNR-01125,FND-006,CAM-003,2023-07-31,695.05,Cash
GFT-004733,DNR-01026,FND-001,,2026-02-08,180.83,Cash
GFT-004734,DNR-00527,FND-005,CAM-001,2024-06-12,56.03,Cash
GFT-004735,DNR-00437,FND-007,,2024-04-02,81.82,Cash
GFT-004736,DNR-00249,FND-007,,2024-05-28,271.31,Matching Gift
GFT-004737,DNR-00784,FND-006,CAM-005,2025-08-26,75.54,Pledge Payment
GFT-004738,DNR-00816,FND-008,,2024-12-13,1237.86,Pledge Payment
GFT-004739,DNR-00907,FND-006,,2025-09-04,158.92,Cash
GFT-004740,DNR-00243,FND-004,CAM-003,2025-12-11,958.83,Cash
GFT-004741,DNR-00184,FND-006,,2024-04-16,218.54,Cash
GFT-004742,DNR-00833,FND-005,,2024-02-22,392.29,Matching Gift
GFT-004743,DNR-00149,FND-001,CAM-005,2025-09-03,365.26,Stock
GFT-004744,DNR-00446,FND-004,CAM-003,2023-07-20,107.49,Cash
GFT-004745,DNR-01071,FND-005,,2023-10-04,398.12,Cash
GFT-004746,DNR-00434,FND-002,CAM-006,2025-01-28,117.6,Cash
GFT-004747,DNR-01184,FND-003,CAM-002,2024-09-27,31.63,Pledge Payment
GFT-004748,DNR-01031,FND-002,CAM-001,2025-02-19,144.31,Pledge Payment
GFT-004749,DNR-00021,FND-005,,2023-08-18,48.53,Pledge Payment
GFT-004750,DNR-00153,FND-001,CAM-003,2025-11-17,113.38,Cash
GFT-004751,DNR-00096,FND-003,,2024-10-11,174.44,Cash
GFT-004752,DNR-00146,FND-007,CAM-005,2025-07-24,66.82,Cash
GFT-004753,DNR-01127,FND-007,CAM-002,2025-07-16,335.15,Matching Gift
GFT-004754,DNR-00502,FND-004,CAM-003,2025-10-05,116.15,Stock
GFT-004755,DNR-00635,FND-002,,2024-10-19,47.14,Cash
GFT-004756,DNR-00668,FND-001,,2023-07-07,67.89,Pledge Payment
GFT-004757,DNR-01022,FND-007,CAM-002,2025-01-16,204.08,Stock
GFT-004758,DNR-01005,FND-007,,2024-05-14,137.71,Stock
GFT-004759,DNR-00968,FND-004,CAM-006,2025-04-16,249.98,Cash
GFT-004760,DNR-00658,FND-002,,2025-05-21,205.68,Matching Gift
GFT-004761,DNR-00920,FND-008,CAM-003,2023-12-04,61.82,Cash
GFT-004762,DNR-00275,FND-004,CAM-003,2024-01-18,92.42,Cash
GFT-004763,DNR-01038,FND-002,CAM-003,2026-04-15,468.26,Cash
GFT-004764,DNR-00532,FND-003,CAM-004,2025-07-11,72.74,Cash
GFT-004765,DNR-00946,FND-003,CAM-001,2023-10-02,989.11,Cash
GFT-004766,DNR-00039,FND-003,CAM-002,2025-08-24,38.02,Stock
GFT-004767,DNR-00892,FND-006,CAM-002,2025-02-19,450.12,Cash
GFT-004768,DNR-00948,FND-008,,2025-11-12,161.68,Cash
GFT-004769,DNR-00734,FND-002,CAM-005,2023-09-14,62.22,Cash
GFT-004770,DNR-00056,FND-008,CAM-001,2024-01-25,197.86,Pledge Payment
GFT-004771,DNR-01025,FND-008,,2023-11-03,75.17,Pledge Payment
GFT-004772,DNR-00787,FND-005,CAM-005,2025-07-10,98.7,Matching Gift
GFT-004773,DNR-00471,FND-008,,2026-06-23,119.13,Matching Gift
GFT-004774,DNR-00201,FND-008,CAM-003,2024-09-16,409.17,Cash
GFT-004775,DNR-00468,FND-001,,2025-03-20,91.07,Cash
GFT-004776,DNR-00608,FND-002,CAM-002,2025-12-22,233.44,Pledge Payment
GFT-004777,DNR-00665,FND-008,,2026-04-26,428.16,Cash
GFT-004778,DNR-00103,FND-003,,2025-08-24,192.02,Stock
GFT-004779,DNR-00532,FND-007,CAM-006,2025-05-11,275.72,Matching Gift
GFT-004780,DNR-00303,FND-008,,2025-10-02,173.35,Cash
GFT-004781,DNR-00615,FND-001,CAM-005,2026-05-23,327.17,Cash
GFT-004782,DNR-00878,FND-005,,2025-10-31,45.85,Stock
GFT-004783,DNR-00913,FND-007,CAM-001,2023-07-22,877.43,Stock
GFT-004784,DNR-00980,FND-002,CAM-001,2024-04-20,23.44,Matching Gift
GFT-004785,DNR-00427,FND-007,CAM-005,2025-05-23,85.35,Pledge Payment
GFT-004786,DNR-00284,FND-006,,2025-11-02,163.42,Pledge Payment
GFT-004787,DNR-01084,FND-007,CAM-006,2024-09-19,23.47,Cash
GFT-004788,DNR-00107,FND-007,,2026-02-28,103.7,Cash
GFT-004789,DNR-01059,FND-007,CAM-001,2024-12-21,244.41,Stock
GFT-004790,DNR-00118,FND-006,CAM-003,2024-06-26,1043.02,Cash
GFT-004791,DNR-00532,FND-001,CAM-003,2024-10-24,344.54,Pledge Payment
GFT-004792,DNR-01075,FND-003,CAM-005,2023-08-22,112.31,Cash
GFT-004793,DNR-01184,FND-007,,2024-08-13,35.12,Stock
GFT-004794,DNR-00921,FND-007,CAM-002,2025-05-01,753.5,Cash
GFT-004795,DNR-00644,FND-004,CAM-003,2023-07-19,106.89,Cash
GFT-004796,DNR-00923,FND-001,CAM-005,2025-10-20,243.65,Matching Gift
GFT-004797,DNR-00949,FND-008,CAM-003,2026-04-20,112.63,Cash
GFT-004798,DNR-00522,FND-003,CAM-004,2025-06-05,279.14,Cash
GFT-004799,DNR-DUP001,FND-001,CAM-001,2023-12-05,711.31,Pledge Payment
GFT-004800,DNR-00532,FND-003,,2026-06-14,403.38,Cash
GFT-004801,DNR-00431,FND-007,,2026-03-03,135.02,Cash
GFT-004802,DNR-00423,FND-003,,2026-01-18,776.64,Pledge Payment
GFT-004803,DNR-00360,FND-003,CAM-005,2024-06-25,1384.15,Matching Gift
GFT-004804,DNR-00218,FND-002,CAM-005,2024-01-28,539.04,Cash
GFT-004805,DNR-01004,FND-007,,2025-07-29,116.27,Cash
GFT-004806,DNR-00219,FND-007,,2026-04-03,451.27,Cash
GFT-004807,DNR-00604,FND-003,CAM-006,2023-10-26,532.29,Cash
GFT-004808,DNR-00234,FND-005,CAM-002,2025-07-31,137.74,Cash
GFT-004809,DNR-01182,FND-004,,2025-10-05,1383.89,Cash
GFT-004810,DNR-00360,FND-002,CAM-004,2025-08-06,671.55,Cash
GFT-004811,DNR-00425,FND-003,,2023-07-17,145.36,Pledge Payment
GFT-004812,DNR-00370,FND-007,CAM-006,2023-08-30,116.14,Pledge Payment
GFT-004813,DNR-00196,FND-005,,2023-07-29,517.57,Cash
GFT-004814,DNR-00551,FND-008,,2025-09-22,1976.3,Cash
GFT-004815,DNR-00865,FND-001,,2023-11-02,49.02,Cash
GFT-004816,DNR-00952,FND-001,CAM-001,2026-01-08,294.69,Stock
GFT-004817,DNR-00820,FND-004,CAM-005,2023-12-12,441.5,Cash
GFT-004818,DNR-00702,FND-001,,2023-09-19,703.14,Cash
GFT-004819,DNR-01195,FND-004,CAM-001,2025-02-16,446.82,Pledge Payment
GFT-004820,DNR-00847,FND-008,,2024-07-13,108.36,Cash
GFT-004821,DNR-00573,FND-007,CAM-001,2024-12-01,43.88,Cash
GFT-004822,DNR-00903,FND-003,CAM-002,2024-02-17,130.09,Pledge Payment
GFT-004823,DNR-00888,FND-004,CAM-006,2025-12-25,429.01,Matching Gift
GFT-004824,DNR-01106,FND-004,,2023-07-11,96.95,Cash
GFT-004825,DNR-00666,FND-005,,2025-09-22,853.62,Pledge Payment
GFT-004826,DNR-00717,FND-006,,2024-05-16,157.86,Pledge Payment
GFT-004827,DNR-00461,FND-003,CAM-005,2024-09-21,90.9,Pledge Payment
GFT-004828,DNR-01011,FND-003,CAM-006,2024-05-19,18.94,Matching Gift
GFT-004829,DNR-00328,FND-002,CAM-004,2023-12-26,334.09,Cash
GFT-004830,DNR-00713,FND-001,CAM-002,2024-09-28,141.29,Matching Gift
GFT-004831,DNR-00122,FND-003,CAM-004,2025-11-26,112.9,Pledge Payment
GFT-004832,DNR-00927,FND-007,CAM-003,2025-11-06,1651.3,Cash
GFT-004833,DNR-00930,FND-003,CAM-006,2024-06-16,96.35,Cash
GFT-004834,DNR-00729,FND-004,CAM-005,2025-03-14,125.29,Cash
GFT-004835,DNR-DUP000,FND-006,,2024-12-24,339.8,Cash
GFT-004836,DNR-00002,FND-007,CAM-002,2026-01-13,836.9,Stock
GFT-004837,DNR-00858,FND-008,CAM-003,2023-07-06,304.0,Pledge Payment
GFT-004838,DNR-00045,FND-003,,2025-10-23,203.1,Cash
GFT-004839,DNR-00212,FND-003,,2023-07-21,1942.99,Cash
GFT-004840,DNR-00382,FND-002,CAM-003,2024-06-04,119.25,Cash
GFT-004841,DNR-00488,FND-001,CAM-002,2025-03-04,119.87,Cash
GFT-004842,DNR-01111,FND-001,CAM-001,2024-12-12,97.79,Cash
GFT-004843,DNR-00322,FND-006,CAM-001,2024-06-20,283.03,Pledge Payment
GFT-004844,DNR-00423,FND-003,,2024-11-18,71.51,Cash
GFT-004845,DNR-00502,FND-006,,2024-06-08,55.13,Cash
GFT-004846,DNR-00316,FND-006,CAM-003,2023-09-22,124.89,Pledge Payment
GFT-004847,DNR-00122,FND-002,CAM-001,2025-06-04,33.59,Cash
GFT-004848,DNR-00581,FND-006,,2025-05-22,243.77,Pledge Payment
GFT-004849,DNR-00830,FND-005,CAM-001,2024-10-05,283.85,Pledge Payment
GFT-004850,DNR-00503,FND-004,,2024-07-31,343.47,Cash
GFT-004851,DNR-00505,FND-007,,2025-02-23,475.45,Cash
GFT-004852,DNR-00271,FND-001,CAM-006,2025-11-20,128.64,Matching Gift
GFT-004853,DNR-00711,FND-004,,2023-08-24,718.8,Cash
GFT-004854,DNR-00552,FND-005,,2024-03-15,632.77,Pledge Payment
GFT-004855,DNR-01188,FND-001,CAM-005,2024-05-27,62.17,Cash
GFT-004856,DNR-00805,FND-006,,2025-05-13,173.93,Stock
GFT-004857,DNR-00242,FND-003,CAM-001,2023-10-24,16.16,Cash
GFT-004858,DNR-00823,FND-004,,2026-04-12,731.86,Pledge Payment
GFT-004859,DNR-00942,FND-005,CAM-003,2026-03-12,465.39,Cash
GFT-004860,DNR-00328,FND-002,,2025-01-20,969.81,Cash
GFT-004861,DNR-00374,FND-005,,2025-08-25,37.74,Matching Gift
GFT-004862,DNR-00918,FND-006,,2024-08-20,313.88,Pledge Payment
GFT-004863,DNR-00371,FND-007,CAM-005,2024-03-28,104.67,Stock
GFT-004864,DNR-00470,FND-002,CAM-005,2023-12-03,23.09,Cash
GFT-004865,DNR-00476,FND-007,,2025-08-01,553.87,Cash
GFT-004866,DNR-00562,FND-008,CAM-003,2025-11-14,49.95,Pledge Payment
GFT-004867,DNR-01042,FND-007,CAM-002,2024-05-05,270.07,Cash
GFT-004868,DNR-00211,FND-003,,2025-08-23,103.45,Cash
GFT-004869,DNR-00247,FND-008,CAM-001,2025-11-18,221.49,Cash
GFT-004870,DNR-00010,FND-003,CAM-006,2023-08-24,483.51,Cash
GFT-004871,DNR-00646,FND-003,CAM-002,2025-01-01,222.17,Matching Gift
GFT-004872,DNR-00392,FND-003,,2023-11-03,2544.63,Matching Gift
GFT-004873,DNR-00725,FND-004,CAM-003,2023-11-06,70.14,Cash
GFT-004874,DNR-00021,FND-006,,2025-06-26,1709.83,Pledge Payment
GFT-004875,DNR-00430,FND-003,,2025-01-05,130.59,Cash
GFT-004876,DNR-00614,FND-004,,2024-02-01,84.67,Cash
GFT-004877,DNR-00905,FND-008,CAM-005,2026-05-25,168.17,Pledge Payment
GFT-004878,DNR-00535,FND-008,,2024-04-12,38.58,Cash
GFT-004879,DNR-00515,FND-003,,2025-08-05,92.56,Pledge Payment
GFT-004880,DNR-01028,FND-004,CAM-002,2024-01-08,139.1,Cash
GFT-004881,DNR-01106,FND-002,,2025-04-19,242.48,Cash
GFT-004882,DNR-00620,FND-008,CAM-005,2023-07-16,194.43,Cash
GFT-004883,DNR-00884,FND-008,CAM-004,2023-09-23,314.85,Pledge Payment
GFT-004884,DNR-00428,FND-004,,2024-08-10,175.62,Stock
GFT-004885,DNR-00726,FND-002,CAM-003,2025-11-27,623.76,Pledge Payment
GFT-004886,DNR-00340,FND-006,CAM-005,2023-10-26,381.72,Cash
GFT-004887,DNR-00888,FND-005,,2025-02-13,287.81,Cash
GFT-004888,DNR-00684,FND-006,CAM-006,2026-05-30,761.63,Pledge Payment
GFT-004889,DNR-00394,FND-003,CAM-003,2026-06-21,761.52,Matching Gift
GFT-004890,DNR-00979,FND-003,CAM-004,2025-12-12,210.33,Cash
GFT-004891,DNR-00037,FND-005,CAM-004,2024-06-17,124.03,Pledge Payment
GFT-004892,DNR-00257,FND-003,CAM-003,2026-03-14,232.7,Cash
GFT-004893,DNR-00444,FND-006,CAM-003,2025-03-16,159.98,Pledge Payment
GFT-004894,DNR-01200,FND-007,,2023-12-12,119.0,Cash
GFT-004895,DNR-00354,FND-003,CAM-003,2024-05-21,222.7,Cash
GFT-004896,DNR-00218,FND-003,CAM-003,2023-07-18,277.9,Cash
GFT-004897,DNR-00345,FND-005,CAM-005,2025-10-08,360.74,Pledge Payment
GFT-004898,DNR-01132,FND-007,CAM-001,2024-06-17,928.07,Cash
GFT-004899,DNR-00370,FND-001,,2024-11-27,247.72,Cash
GFT-004900,DNR-00333,FND-004,CAM-002,2024-06-12,179.87,Cash
GFT-004901,DNR-00589,FND-003,,2023-12-26,537.27,Pledge Payment
GFT-004902,DNR-00856,FND-007,,2023-07-28,77.23,Cash
GFT-004903,DNR-00082,FND-003,CAM-004,2025-12-25,22.84,Matching Gift
GFT-004904,DNR-00001,FND-005,CAM-003,2025-09-24,33.92,Cash
GFT-004905,DNR-01190,FND-006,CAM-004,2023-10-16,308.96,Cash
GFT-004906,DNR-00380,FND-002,CAM-005,2024-08-01,130.06,Pledge Payment
GFT-004907,DNR-00081,FND-001,CAM-001,2025-02-03,140.63,Matching Gift
GFT-004908,DNR-00103,FND-002,CAM-001,2023-12-01,75.44,Pledge Payment
GFT-004909,DNR-00760,FND-004,CAM-006,2024-11-15,681.25,Matching Gift
GFT-004910,DNR-00276,FND-003,CAM-002,2024-06-28,35.23,Cash
GFT-004911,DNR-00192,FND-002,CAM-001,2026-02-04,345.77,Cash
GFT-004912,DNR-00012,FND-001,CAM-004,2025-08-21,182.58,Pledge Payment
GFT-004913,DNR-01084,FND-003,CAM-005,2023-08-13,1005.96,Cash
GFT-004914,DNR-00077,FND-006,CAM-004,2026-03-22,540.17,Cash
GFT-004915,DNR-00820,FND-002,CAM-004,2025-01-26,57.3,Cash
GFT-004916,DNR-00971,FND-007,,2023-10-21,382.13,Cash
GFT-004917,DNR-00577,FND-004,CAM-006,2025-09-08,298.92,Cash
GFT-004918,DNR-00022,FND-001,CAM-003,2025-06-24,168.55,Pledge Payment
GFT-004919,DNR-00949,FND-003,CAM-001,2024-10-10,348.74,Pledge Payment
GFT-004920,DNR-00868,FND-002,CAM-005,2025-01-06,92.34,Cash
GFT-004921,DNR-00301,FND-004,,2025-11-18,203.04,Stock
GFT-004922,DNR-00406,FND-007,,2024-08-25,186.12,Matching Gift
GFT-004923,DNR-00531,FND-005,,2023-07-26,79.39,Cash
GFT-004924,DNR-00614,FND-003,CAM-001,2025-12-08,130.39,Cash
GFT-004925,DNR-00797,FND-006,CAM-002,2024-01-20,108.99,Pledge Payment
GFT-004926,DNR-00239,FND-004,CAM-005,2025-02-09,277.67,Cash
GFT-004927,DNR-00951,FND-008,CAM-004,2024-06-30,732.58,Cash
GFT-004928,DNR-00742,FND-008,CAM-004,2026-06-06,46.08,Stock
GFT-004929,DNR-00865,FND-004,CAM-002,2023-09-03,287.25,Cash
GFT-004930,DNR-00369,FND-001,CAM-002,2025-02-18,104.97,Cash
GFT-004931,DNR-00143,FND-008,CAM-003,2025-11-24,500.37,Cash
GFT-004932,DNR-00205,FND-008,,2025-05-27,283.36,Cash
GFT-004933,DNR-01013,FND-004,,2023-12-25,36.37,Stock
GFT-004934,DNR-00375,FND-001,,2025-03-05,222.9,Pledge Payment
GFT-004935,DNR-01148,FND-004,CAM-005,2025-02-07,159.21,Pledge Payment
GFT-004936,DNR-00547,FND-005,,2025-03-22,50.77,Cash
GFT-004937,DNR-00345,FND-004,CAM-002,2026-04-12,106.37,Pledge Payment
GFT-004938,DNR-00878,FND-006,CAM-001,2025-06-07,212.25,Cash
GFT-004939,DNR-00797,FND-005,CAM-005,2026-04-22,109.57,Cash
GFT-004940,DNR-00339,FND-006,CAM-002,2023-07-23,573.29,Stock
GFT-004941,DNR-00462,FND-007,,2025-07-27,157.7,Cash
GFT-004942,DNR-01146,FND-001,CAM-002,2025-11-03,98.87,Cash
GFT-004943,DNR-00355,FND-004,CAM-006,2026-02-12,225.44,Cash
GFT-004944,DNR-00546,FND-002,,2025-12-05,259.25,Pledge Payment
GFT-004945,DNR-00695,FND-004,CAM-006,2023-07-07,505.92,Cash
GFT-004946,DNR-00641,FND-008,CAM-002,2025-05-21,194.4,Pledge Payment
GFT-004947,DNR-00188,FND-007,CAM-002,2024-06-22,2.42,Cash
GFT-004948,DNR-00658,FND-001,,2024-10-23,247.69,Cash
GFT-004949,DNR-00977,FND-002,CAM-002,2024-09-24,130.02,Matching Gift
GFT-004950,DNR-00103,FND-005,CAM-005,2025-11-22,1039.13,Cash
GFT-004951,DNR-00193,FND-005,CAM-001,2025-10-18,281.46,Pledge Payment
GFT-004952,DNR-01035,FND-005,CAM-002,2026-01-19,217.55,Stock
GFT-004953,DNR-00937,FND-001,CAM-004,2024-09-07,109.57,Pledge Payment
GFT-004954,DNR-00169,FND-008,CAM-003,2025-08-07,589.12,Cash
GFT-004955,DNR-00526,FND-007,CAM-005,2025-10-29,33.04,Pledge Payment
GFT-004956,DNR-00795,FND-004,CAM-004,2024-03-26,226.86,Cash
GFT-004957,DNR-00754,FND-005,,2023-11-15,32.41,Matching Gift
GFT-004958,DNR-00764,FND-001,,2026-05-29,93.6,Cash
GFT-004959,DNR-00928,FND-008,,2024-05-01,448.07,Cash
GFT-004960,DNR-00023,FND-005,CAM-003,2024-02-11,262.13,Matching Gift
GFT-004961,DNR-00931,FND-007,,2023-09-22,221.04,Pledge Payment
GFT-004962,DNR-00484,FND-006,CAM-004,2025-02-14,63.32,Cash
GFT-004963,DNR-00069,FND-006,,2025-11-24,171.29,Cash
GFT-004964,DNR-00508,FND-008,CAM-002,2024-10-09,273.94,Cash
GFT-004965,DNR-DUP012,FND-004,CAM-001,2025-11-17,506.33,Cash
GFT-004966,DNR-00812,FND-008,CAM-005,2023-08-25,315.31,Pledge Payment
GFT-004967,DNR-00046,FND-007,CAM-005,2024-09-05,448.02,Matching Gift
GFT-004968,DNR-01123,FND-003,,2024-03-03,42.83,Cash
GFT-004969,DNR-00862,FND-007,CAM-005,2024-07-10,215.53,Cash
GFT-004970,DNR-00167,FND-001,CAM-006,2025-01-26,530.68,Matching Gift
GFT-004971,DNR-01041,FND-007,CAM-003,2026-01-11,18.55,Cash
GFT-004972,DNR-01029,FND-006,,2024-09-19,144.69,Cash
GFT-004973,DNR-00965,FND-004,CAM-004,2025-09-01,276.92,Matching Gift
GFT-004974,DNR-00624,FND-003,CAM-006,2024-08-22,621.88,Cash
GFT-004975,DNR-00987,FND-007,,2026-04-27,205.56,Pledge Payment
GFT-004976,DNR-00661,FND-001,CAM-002,2025-04-05,181.63,Cash
GFT-004977,DNR-00285,FND-002,CAM-005,2024-04-08,250.81,Cash
GFT-004978,DNR-00538,FND-007,,2023-10-29,279.88,Stock
GFT-004979,DNR-00907,FND-001,CAM-004,2025-09-30,74.65,Cash
GFT-004980,DNR-00422,FND-003,,2025-09-08,109.38,Cash
GFT-004981,DNR-00824,FND-003,,2023-11-20,28.31,Cash
GFT-004982,DNR-00393,FND-003,CAM-006,2026-02-26,93.61,Pledge Payment
GFT-004983,DNR-01161,FND-003,CAM-005,2023-12-12,59.1,Cash
GFT-004984,DNR-01151,FND-003,CAM-004,2024-03-02,73.98,Cash
GFT-004985,DNR-00418,FND-004,CAM-005,2025-04-22,1962.69,Pledge Payment
GFT-004986,DNR-00938,FND-001,CAM-006,2024-01-02,578.29,Pledge Payment
GFT-004987,DNR-00631,FND-005,,2025-11-13,60.42,Pledge Payment
GFT-004988,DNR-DUP002,FND-005,,2025-10-07,47.25,Cash
GFT-004989,DNR-00423,FND-004,,2023-08-31,99.29,Cash
GFT-004990,DNR-00670,FND-005,,2024-10-29,45.76,Cash
GFT-004991,DNR-00579,FND-006,CAM-004,2024-02-17,243.53,Cash
GFT-004992,DNR-00055,FND-007,,2026-01-06,238.9,Cash
GFT-004993,DNR-00697,FND-008,CAM-001,2023-11-08,72.89,Cash
GFT-004994,DNR-00754,FND-005,CAM-006,2023-07-05,385.38,Cash
GFT-004995,DNR-00557,FND-004,CAM-006,2024-05-28,385.85,Stock
GFT-004996,DNR-00570,FND-004,,2026-05-15,89.48,Cash
GFT-004997,DNR-00155,FND-008,CAM-006,2024-04-26,70.56,Cash
GFT-004998,DNR-00849,FND-008,CAM-006,2024-02-14,118.72,Matching Gift
GFT-004999,DNR-00792,FND-007,CAM-002,2023-07-12,334.06,Pledge Payment
GFT-005000,DNR-00234,FND-006,CAM-006,2024-09-27,1736.28,Stock
GFT-005001,DNR-00211,FND-007,CAM-002,2023-10-15,325.02,Cash
GFT-005002,DNR-01047,FND-002,CAM-003,2024-04-16,55.67,Matching Gift
GFT-005003,DNR-00410,FND-008,,2023-07-04,258.2,Cash
GFT-005004,DNR-00975,FND-001,,2024-02-20,206.06,Stock
GFT-005005,DNR-00612,FND-001,CAM-005,2025-10-22,193.34,Pledge Payment
GFT-005006,DNR-00417,FND-001,CAM-006,2023-10-07,46.96,Cash
GFT-005007,DNR-01061,FND-002,CAM-005,2023-09-03,257.41,Cash
GFT-005008,DNR-00824,FND-003,CAM-006,2024-05-22,177.15,Pledge Payment
GFT-005009,DNR-00850,FND-003,CAM-002,2024-06-04,53.5,Cash
GFT-005010,DNR-01079,FND-006,,2025-03-04,1192.71,Pledge Payment
GFT-005011,DNR-00938,FND-003,CAM-006,2023-08-09,48.47,Cash
GFT-005012,DNR-01187,FND-006,,2026-05-05,296.62,Pledge Payment
GFT-005013,DNR-00565,FND-002,,2026-02-11,155.35,Cash
GFT-005014,DNR-01106,FND-001,CAM-004,2025-11-05,125.33,Pledge Payment
GFT-005015,DNR-00789,FND-002,,2024-02-16,718.48,Cash
GFT-005016,DNR-00832,FND-007,,2026-02-22,496.41,Cash
GFT-005017,DNR-01142,FND-001,CAM-006,2023-08-01,156.01,Matching Gift
GFT-005018,DNR-00035,FND-004,,2024-03-30,77.0,Cash
GFT-005019,DNR-00117,FND-003,CAM-004,2026-01-20,111.3,Pledge Payment
GFT-005020,DNR-00542,FND-005,CAM-002,2024-08-02,134.65,Pledge Payment
GFT-005021,DNR-00668,FND-007,,2024-09-20,506.8,Cash
GFT-005022,DNR-00685,FND-008,,2024-11-30,272.3,Cash
GFT-005023,DNR-00366,FND-001,CAM-002,2023-12-14,527.18,Pledge Payment
GFT-005024,DNR-00611,FND-003,CAM-003,2024-04-18,45.42,Cash
GFT-005025,DNR-00836,FND-001,,2024-09-13,582.89,Stock
GFT-005026,DNR-00457,FND-008,CAM-003,2024-05-15,858.71,Pledge Payment
GFT-005027,DNR-00019,FND-003,CAM-006,2024-11-21,82.3,Pledge Payment
GFT-005028,DNR-01168,FND-008,CAM-004,2024-12-27,435.05,Matching Gift
GFT-005029,DNR-00512,FND-007,CAM-005,2023-10-29,770.94,Pledge Payment
GFT-005030,DNR-00271,FND-005,CAM-001,2023-07-02,100.22,Cash
GFT-005031,DNR-00652,FND-003,CAM-002,2025-08-07,58.41,Matching Gift
GFT-005032,DNR-00721,FND-006,CAM-001,2023-09-25,232.67,Stock
GFT-005033,DNR-00524,FND-002,CAM-006,2025-11-17,27.36,Cash
GFT-005034,DNR-00753,FND-005,,2025-12-17,573.44,Cash
GFT-005035,DNR-00820,FND-005,CAM-006,2024-11-09,72.4,Stock
GFT-005036,DNR-00244,FND-006,CAM-005,2024-04-26,140.04,Matching Gift
GFT-005037,DNR-00510,FND-006,CAM-002,2026-04-16,386.48,Cash
GFT-005038,DNR-00842,FND-003,CAM-001,2025-09-27,331.13,Cash
GFT-005039,DNR-00473,FND-007,,2024-03-17,373.38,Matching Gift
GFT-005040,DNR-00826,FND-008,CAM-006,2025-08-19,81.89,Pledge Payment
GFT-005041,DNR-00582,FND-002,,2025-10-13,255.51,Cash
GFT-005042,DNR-01191,FND-005,CAM-005,2025-08-02,465.96,Cash
GFT-005043,DNR-00277,FND-001,CAM-002,2024-06-21,97.11,Pledge Payment
GFT-005044,DNR-01075,FND-007,,2024-07-15,1315.12,Pledge Payment
GFT-005045,DNR-00842,FND-003,,2024-06-04,146.6,Cash
GFT-005046,DNR-00854,FND-007,,2025-08-25,25.53,Cash
GFT-005047,DNR-01166,FND-007,,2026-01-15,145.78,Pledge Payment
GFT-005048,DNR-00707,FND-007,,2024-07-22,758.0,Stock
GFT-005049,DNR-00442,FND-006,CAM-006,2024-11-19,68.11,Matching Gift
GFT-005050,DNR-00819,FND-008,CAM-005,2026-03-04,63.0,Pledge Payment
GFT-005051,DNR-00384,FND-006,CAM-004,2026-01-09,278.96,Pledge Payment
GFT-005052,DNR-00617,FND-002,CAM-001,2023-07-26,58.09,Stock
GFT-005053,DNR-01076,FND-003,,2024-12-03,55.83,Cash
GFT-005054,DNR-00516,FND-004,,2026-06-06,76.5,Matching Gift
GFT-005055,DNR-00410,FND-004,,2025-05-01,1041.13,Cash
GFT-005056,DNR-00259,FND-007,,2024-05-12,314.58,Cash
GFT-005057,DNR-00010,FND-002,CAM-002,2023-08-30,194.36,Pledge Payment
GFT-005058,DNR-00102,FND-008,CAM-004,2025-03-01,81.35,Cash
GFT-005059,DNR-00138,FND-005,CAM-001,2024-04-26,459.34,Cash
GFT-005060,DNR-00583,FND-002,CAM-001,2023-09-08,352.19,Pledge Payment
GFT-005061,DNR-00243,FND-001,CAM-001,2025-03-07,1143.33,Pledge Payment
GFT-005062,DNR-01178,FND-008,CAM-003,2026-05-23,67.29,Matching Gift
GFT-005063,DNR-01114,FND-008,,2024-05-07,59.5,Cash
GFT-005064,DNR-DUP011,FND-007,CAM-003,2023-09-06,26.16,Cash
GFT-005065,DNR-00609,FND-003,,2025-08-24,323.28,Cash
GFT-005066,DNR-00024,FND-006,,2025-02-27,237.05,Cash
GFT-005067,DNR-01063,FND-003,CAM-001,2023-10-22,120.47,Cash
GFT-005068,DNR-00476,FND-001,CAM-005,2025-05-20,25.7,Cash
GFT-005069,DNR-00877,FND-002,CAM-002,2025-11-20,877.42,Cash
GFT-005070,DNR-00257,FND-001,CAM-003,2025-09-28,223.76,Pledge Payment
GFT-005071,DNR-01094,FND-003,,2025-10-01,674.27,Cash
GFT-005072,DNR-00971,FND-006,CAM-001,2023-12-22,758.4,Cash
GFT-005073,DNR-00919,FND-007,CAM-004,2023-07-06,312.73,Cash
GFT-005074,DNR-01078,FND-007,CAM-003,2024-01-22,368.27,Cash
GFT-005075,DNR-00314,FND-005,,2026-03-10,93.96,Cash
GFT-005076,DNR-00508,FND-005,CAM-005,2025-03-26,204.68,Pledge Payment
GFT-005077,DNR-00247,FND-003,CAM-003,2024-12-09,545.06,Pledge Payment
GFT-005078,DNR-00149,FND-004,CAM-005,2024-10-04,76.72,Cash
GFT-005079,DNR-00829,FND-002,,2025-04-07,499.76,Cash
GFT-005080,DNR-01017,FND-008,CAM-005,2023-10-15,462.46,Cash
GFT-005081,DNR-00348,FND-002,CAM-005,2024-08-06,448.22,Pledge Payment
GFT-005082,DNR-00128,FND-004,CAM-004,2025-06-16,189.75,Cash
GFT-005083,DNR-01179,FND-003,,2023-12-24,82.58,Pledge Payment
GFT-005084,DNR-00684,FND-002,CAM-001,2024-04-26,1305.02,Pledge Payment
GFT-005085,DNR-00992,FND-004,CAM-001,2026-05-22,810.06,Pledge Payment
GFT-005086,DNR-00083,FND-004,CAM-002,2026-01-27,194.66,Pledge Payment
GFT-005087,DNR-00602,FND-005,CAM-002,2024-07-11,237.47,Matching Gift
GFT-005088,DNR-00587,FND-001,CAM-002,2026-01-04,136.91,Cash
GFT-005089,DNR-00884,FND-001,CAM-005,2026-04-06,27.8,Pledge Payment
GFT-005090,DNR-00852,FND-003,CAM-001,2026-06-29,165.43,Pledge Payment
GFT-005091,DNR-00135,FND-001,CAM-005,2025-04-06,315.7,Cash
GFT-005092,DNR-00659,FND-002,,2025-10-24,99.94,Cash
GFT-005093,DNR-00070,FND-006,,2026-02-20,129.7,Pledge Payment
GFT-005094,DNR-00490,FND-003,CAM-006,2026-03-16,128.48,Pledge Payment
GFT-005095,DNR-00161,FND-005,CAM-003,2025-06-10,207.66,Pledge Payment
GFT-005096,DNR-00395,FND-005,,2025-08-24,142.82,Cash
GFT-005097,DNR-01144,FND-006,CAM-006,2023-11-28,72.88,Matching Gift
GFT-005098,DNR-00706,FND-006,CAM-006,2023-07-03,206.9,Matching Gift
GFT-005099,DNR-00196,FND-006,CAM-005,2023-12-09,297.64,Stock
GFT-005100,DNR-00556,FND-007,CAM-003,2024-12-15,228.3,Stock
GFT-005101,DNR-00240,FND-007,,2024-11-21,25.81,Cash
GFT-005102,DNR-00969,FND-001,,2026-04-03,365.24,Cash
GFT-005103,DNR-00024,FND-004,,2025-02-03,53.79,Cash
GFT-005104,DNR-00654,FND-005,,2025-03-29,292.04,Cash
GFT-005105,DNR-00038,FND-004,CAM-006,2025-01-16,306.69,Matching Gift
GFT-005106,DNR-00365,FND-002,CAM-006,2024-05-02,37.2,Pledge Payment
GFT-005107,DNR-00429,FND-007,CAM-004,2023-08-19,480.17,Cash
GFT-005108,DNR-00082,FND-004,CAM-006,2024-05-24,1286.72,Cash
GFT-005109,DNR-01115,FND-007,CAM-002,2025-07-31,133.76,Cash
GFT-005110,DNR-00911,FND-001,,2023-08-13,292.11,Pledge Payment
GFT-005111,DNR-00659,FND-003,CAM-003,2025-09-10,111.61,Cash
GFT-005112,DNR-00783,FND-005,CAM-004,2024-01-02,53.09,Cash
GFT-005113,DNR-00418,FND-004,CAM-003,2024-08-27,537.35,Cash
GFT-005114,DNR-00271,FND-004,,2025-11-02,300.4,Stock
GFT-005115,DNR-00960,FND-005,CAM-002,2024-07-23,88.01,Cash
GFT-005116,DNR-01031,FND-001,CAM-004,2023-08-12,55.36,Pledge Payment
GFT-005117,DNR-00088,FND-008,,2026-03-25,1385.1,Pledge Payment
GFT-005118,DNR-00085,FND-002,,2024-06-09,43.02,Cash
GFT-005119,DNR-00456,FND-002,,2025-01-28,350.37,Cash
GFT-005120,DNR-00298,FND-007,CAM-004,2024-08-12,219.91,Cash
GFT-005121,DNR-00198,FND-006,CAM-006,2024-01-22,422.87,Cash
GFT-005122,DNR-01134,FND-006,CAM-006,2025-01-15,950.29,Cash
GFT-005123,DNR-00703,FND-003,CAM-004,2023-10-05,12.13,Cash
GFT-005124,DNR-00382,FND-002,,2024-11-05,61.63,Matching Gift
GFT-005125,DNR-00067,FND-005,CAM-005,2025-10-03,159.97,Pledge Payment
GFT-005126,DNR-00301,FND-001,CAM-003,2024-05-21,1052.62,Stock
GFT-005127,DNR-00964,FND-001,CAM-005,2024-10-05,116.73,Cash
GFT-005128,DNR-00559,FND-006,CAM-002,2026-03-04,95.44,Pledge Payment
GFT-005129,DNR-00984,FND-001,CAM-006,2025-02-26,17.94,Cash
GFT-005130,DNR-00403,FND-002,CAM-005,2024-04-07,86.41,Cash
GFT-005131,DNR-00593,FND-007,,2023-11-08,336.7,Stock
GFT-005132,DNR-00500,FND-005,CAM-004,2025-05-25,161.07,Cash
GFT-005133,DNR-00794,FND-007,,2026-03-22,84.26,Pledge Payment
GFT-005134,DNR-00369,FND-004,CAM-003,2025-10-12,1408.98,Cash
GFT-005135,DNR-00006,FND-006,CAM-001,2025-08-08,133.04,Stock
GFT-005136,DNR-00283,FND-007,,2023-07-28,207.63,Stock
GFT-005137,DNR-00617,FND-001,,2026-06-29,79.17,Cash
GFT-005138,DNR-00996,FND-008,,2025-08-04,52.71,Pledge Payment
GFT-005139,DNR-00796,FND-007,,2024-09-15,391.17,Cash
GFT-005140,DNR-00107,FND-007,CAM-001,2025-05-08,30.93,Cash
GFT-005141,DNR-00812,FND-007,CAM-001,2023-09-24,304.93,Cash
GFT-005142,DNR-00018,FND-006,,2025-12-05,9.07,Pledge Payment
GFT-005143,DNR-01088,FND-002,CAM-004,2024-03-21,258.99,Matching Gift
GFT-005144,DNR-00017,FND-002,,2024-12-26,57.98,Cash
GFT-005145,DNR-DUP001,FND-001,,2024-09-16,70.74,Cash
GFT-005146,DNR-00121,FND-004,,2024-06-02,134.16,Cash
GFT-005147,DNR-00748,FND-003,,2024-04-19,48.78,Cash
GFT-005148,DNR-00695,FND-003,CAM-001,2024-12-19,24.13,Pledge Payment
GFT-005149,DNR-00760,FND-008,CAM-003,2026-01-28,148.93,Cash
GFT-005150,DNR-00230,FND-003,CAM-004,2024-10-16,414.96,Cash
GFT-005151,DNR-00102,FND-007,,2023-09-24,232.49,Cash
GFT-005152,DNR-00950,FND-006,CAM-005,2024-03-29,620.0,Cash
GFT-005153,DNR-00659,FND-005,CAM-002,2025-02-24,26.96,Matching Gift
GFT-005154,DNR-00090,FND-006,CAM-002,2024-04-06,117.62,Stock
GFT-005155,DNR-00585,FND-006,CAM-001,2025-01-27,188.22,Cash
GFT-005156,DNR-00186,FND-002,CAM-006,2026-05-18,70.8,Cash
GFT-005157,DNR-01150,FND-002,CAM-006,2023-08-03,197.31,Cash
GFT-005158,DNR-00713,FND-006,CAM-006,2025-09-05,578.98,Cash
GFT-005159,DNR-00581,FND-005,CAM-003,2024-09-05,315.07,Cash
GFT-005160,DNR-00832,FND-003,,2025-09-23,687.66,Cash
GFT-005161,DNR-00306,FND-002,CAM-005,2025-07-29,247.51,Cash
GFT-005162,DNR-00108,FND-006,CAM-004,2026-04-09,162.02,Cash
GFT-005163,DNR-00025,FND-004,CAM-004,2025-08-17,964.17,Cash
GFT-005164,DNR-00861,FND-003,CAM-002,2024-01-27,206.09,Cash
GFT-005165,DNR-00063,FND-008,,2025-11-13,1270.17,Pledge Payment
GFT-005166,DNR-00920,FND-003,CAM-004,2025-02-26,493.22,Stock
GFT-005167,DNR-00033,FND-003,CAM-001,2025-10-09,87.6,Matching Gift
GFT-005168,DNR-00129,FND-006,CAM-006,2025-06-23,145.38,Cash
GFT-005169,DNR-00056,FND-002,CAM-003,2025-07-17,953.19,Cash
GFT-005170,DNR-00009,FND-002,CAM-005,2024-08-11,620.28,Cash
GFT-005171,DNR-00185,FND-007,CAM-005,2024-10-14,407.66,Pledge Payment
GFT-005172,DNR-00648,FND-007,,2024-01-09,358.08,Cash
GFT-005173,DNR-01079,FND-008,,2025-06-10,44.49,Matching Gift
GFT-005174,DNR-00265,FND-003,CAM-002,2025-08-03,55.06,Pledge Payment
GFT-005175,DNR-00154,FND-004,CAM-001,2025-03-10,234.38,Cash
GFT-005176,DNR-00630,FND-008,CAM-002,2025-04-29,1860.28,Matching Gift
GFT-005177,DNR-00769,FND-005,CAM-003,2023-10-24,72.25,Cash
GFT-005178,DNR-00199,FND-006,CAM-005,2024-09-10,135.31,Stock
GFT-005179,DNR-00654,FND-008,,2023-10-20,125.45,Cash
GFT-005180,DNR-01075,FND-007,CAM-004,2023-12-11,337.71,Stock
GFT-005181,DNR-00829,FND-004,CAM-004,2025-03-07,244.64,Pledge Payment
GFT-005182,DNR-00796,FND-002,CAM-006,2025-05-07,563.11,Stock
GFT-005183,DNR-00399,FND-006,CAM-005,2024-10-24,249.86,Pledge Payment
GFT-005184,DNR-01146,FND-008,CAM-004,2024-12-22,229.41,Matching Gift
GFT-005185,DNR-00767,FND-008,,2023-07-15,181.15,Cash
GFT-005186,DNR-00498,FND-008,CAM-005,2024-07-15,676.07,Pledge Payment
GFT-005187,DNR-01111,FND-005,CAM-001,2023-12-29,183.28,Stock
GFT-005188,DNR-00206,FND-003,,2023-07-13,84.98,Cash
GFT-005189,DNR-00738,FND-007,CAM-005,2023-08-22,378.56,Cash
GFT-005190,DNR-00445,FND-004,,2024-11-07,160.24,Cash
GFT-005191,DNR-00436,FND-003,CAM-001,2026-03-08,485.97,Pledge Payment
GFT-005192,DNR-00593,FND-005,,2025-10-07,8.9,Stock
GFT-005193,DNR-01149,FND-003,CAM-003,2024-07-16,771.08,Cash
GFT-005194,DNR-00336,FND-007,CAM-005,2024-11-03,145.7,Cash
GFT-005195,DNR-00383,FND-005,,2025-08-09,736.65,Pledge Payment
GFT-005196,DNR-00970,FND-004,,2025-12-16,501.29,Cash
GFT-005197,DNR-01096,FND-006,,2024-10-01,100.87,Cash
GFT-005198,DNR-00280,FND-004,,2023-10-04,73.61,Pledge Payment
GFT-005199,DNR-01179,FND-002,CAM-002,2023-08-14,67.82,Cash
GFT-005200,DNR-00134,FND-007,CAM-001,2023-07-01,53.82,Cash
GFT-005201,DNR-00359,FND-005,CAM-002,2024-10-09,650.44,Pledge Payment
GFT-005202,DNR-00436,FND-005,CAM-005,2024-04-09,147.91,Cash
GFT-005203,DNR-DUP010,FND-003,,2023-11-22,1157.79,Matching Gift
GFT-005204,DNR-00679,FND-006,,2026-03-16,89.04,Stock
GFT-005205,DNR-00551,FND-006,,2025-05-03,107.08,Cash
GFT-005206,DNR-00118,FND-008,CAM-003,2025-09-04,319.65,Cash
GFT-005207,DNR-01165,FND-002,CAM-001,2025-12-10,1079.29,Pledge Payment
GFT-005208,DNR-00255,FND-001,,2024-09-25,102.33,Cash
GFT-005209,DNR-00583,FND-004,CAM-001,2025-09-13,436.58,Stock
GFT-005210,DNR-00378,FND-007,,2024-05-12,182.5,Cash
GFT-005211,DNR-01010,FND-008,CAM-005,2024-03-19,324.03,Cash
GFT-005212,DNR-00448,FND-004,,2026-02-11,77.85,Cash
GFT-005213,DNR-01037,FND-001,CAM-004,2025-10-26,385.48,Matching Gift
GFT-005214,DNR-00612,FND-008,,2025-09-30,135.85,Cash
GFT-005215,DNR-00008,FND-004,CAM-006,2025-12-24,112.25,Matching Gift
GFT-005216,DNR-00108,FND-004,CAM-004,2025-07-10,174.83,Cash
GFT-005217,DNR-00687,FND-006,,2023-09-09,347.3,Pledge Payment
GFT-005218,DNR-00624,FND-003,CAM-002,2026-04-27,152.62,Stock
GFT-005219,DNR-00077,FND-008,CAM-002,2023-12-21,113.38,Matching Gift
GFT-005220,DNR-00271,FND-008,CAM-002,2023-10-18,158.03,Cash
GFT-005221,DNR-00890,FND-008,CAM-003,2023-08-07,154.0,Cash
GFT-005222,DNR-00343,FND-007,CAM-005,2026-05-02,316.01,Pledge Payment
GFT-005223,DNR-00283,FND-006,,2025-11-07,121.06,Pledge Payment
GFT-005224,DNR-00328,FND-001,,2025-11-27,117.98,Pledge Payment
GFT-005225,DNR-00830,FND-004,CAM-006,2024-11-13,78.52,Matching Gift
GFT-005226,DNR-00827,FND-005,CAM-004,2025-06-30,339.69,Pledge Payment
GFT-005227,DNR-00580,FND-008,CAM-002,2023-11-23,210.83,Cash
GFT-005228,DNR-00995,FND-004,,2025-04-06,670.89,Matching Gift
GFT-005229,DNR-00446,FND-008,CAM-006,2026-06-05,570.44,Matching Gift
GFT-005230,DNR-00159,FND-005,CAM-006,2025-01-19,234.3,Pledge Payment
GFT-005231,DNR-00071,FND-006,CAM-003,2025-11-22,163.54,Cash
GFT-005232,DNR-00578,FND-004,,2023-07-30,183.12,Cash
GFT-005233,DNR-00894,FND-005,CAM-001,2025-10-31,95.07,Cash
GFT-005234,DNR-00270,FND-004,CAM-002,2024-03-18,79.34,Cash
GFT-005235,DNR-00208,FND-003,,2025-08-19,68.88,Cash
GFT-005236,DNR-01123,FND-002,,2024-05-17,149.65,Pledge Payment
GFT-005237,DNR-00591,FND-006,CAM-001,2025-05-05,13.58,Pledge Payment
GFT-005238,DNR-00034,FND-001,,2024-11-27,1024.59,Stock
GFT-005239,DNR-00923,FND-007,,2024-07-08,1477.7,Matching Gift
GFT-005240,DNR-00396,FND-005,CAM-005,2024-04-07,61.86,Stock
GFT-005241,DNR-00354,FND-003,CAM-003,2025-03-06,1445.76,Cash
GFT-005242,DNR-00945,FND-008,,2025-09-22,62.69,Pledge Payment
GFT-005243,DNR-01027,FND-003,,2026-05-17,184.23,Matching Gift
GFT-005244,DNR-00923,FND-008,,2024-08-23,277.21,Cash
GFT-005245,DNR-01120,FND-005,,2025-05-06,202.13,Cash
GFT-005246,DNR-01070,FND-001,CAM-004,2025-09-02,102.04,Cash
GFT-005247,DNR-00410,FND-005,CAM-003,2023-12-05,97.17,Pledge Payment
GFT-005248,DNR-00627,FND-008,CAM-006,2025-09-28,442.31,Cash
GFT-005249,DNR-00802,FND-001,CAM-003,2025-01-06,695.74,Pledge Payment
GFT-005250,DNR-00878,FND-008,CAM-002,2026-05-21,28.92,Pledge Payment
GFT-005251,DNR-00395,FND-004,,2025-08-31,239.18,Cash
GFT-005252,DNR-00316,FND-004,CAM-004,2025-12-27,350.37,Stock
GFT-005253,DNR-00104,FND-001,,2024-03-01,221.52,Matching Gift
GFT-005254,DNR-00172,FND-007,CAM-004,2025-11-01,42.71,Pledge Payment
GFT-005255,DNR-00016,FND-002,CAM-004,2024-03-28,319.83,Stock
GFT-005256,DNR-00730,FND-006,CAM-005,2025-04-21,585.21,Matching Gift
GFT-005257,DNR-00833,FND-005,CAM-003,2026-05-03,77.3,Cash
GFT-005258,DNR-01071,FND-007,CAM-003,2026-04-18,100.9,Pledge Payment
GFT-005259,DNR-00735,FND-008,CAM-003,2025-05-02,225.89,Pledge Payment
GFT-005260,DNR-00353,FND-005,CAM-005,2024-01-21,168.39,Cash
GFT-005261,DNR-00563,FND-001,,2025-11-29,101.45,Cash
GFT-005262,DNR-00792,FND-008,CAM-003,2023-10-16,52.46,Cash
GFT-005263,DNR-00850,FND-003,CAM-002,2026-06-02,110.41,Cash
GFT-005264,DNR-00732,FND-002,CAM-004,2023-10-26,20.05,Cash
GFT-005265,DNR-00723,FND-005,CAM-003,2025-08-22,357.51,Pledge Payment
GFT-005266,DNR-00316,FND-003,CAM-002,2024-02-04,86.42,Pledge Payment
GFT-005267,DNR-00533,FND-002,CAM-006,2025-03-11,428.07,Matching Gift
GFT-005268,DNR-00607,FND-001,,2026-02-22,143.03,Cash
GFT-005269,DNR-00413,FND-007,CAM-006,2024-08-17,211.71,Cash
GFT-005270,DNR-00035,FND-004,CAM-003,2025-11-19,33.87,Cash
GFT-005271,DNR-00086,FND-002,CAM-005,2026-02-17,389.07,Cash
GFT-005272,DNR-00503,FND-007,CAM-001,2023-08-10,3071.83,Cash
GFT-005273,DNR-00611,FND-005,,2023-10-02,121.83,Cash
GFT-005274,DNR-01050,FND-007,,2024-09-07,207.42,Pledge Payment
GFT-005275,DNR-00093,FND-006,,2024-06-20,237.42,Pledge Payment
GFT-005276,DNR-00458,FND-001,CAM-002,2026-06-30,46.21,Cash
GFT-005277,DNR-00436,FND-005,,2023-11-19,59.31,Pledge Payment
GFT-005278,DNR-00136,FND-008,CAM-005,2025-12-04,327.68,Cash
GFT-005279,DNR-00277,FND-005,CAM-003,2026-03-24,77.35,Cash
GFT-005280,DNR-01138,FND-005,,2024-05-09,141.74,Pledge Payment
GFT-005281,DNR-00743,FND-007,CAM-002,2024-09-02,212.25,Pledge Payment
GFT-005282,DNR-00027,FND-005,CAM-003,2026-06-13,341.34,Pledge Payment
GFT-005283,DNR-00951,FND-004,CAM-003,2023-09-25,150.06,Matching Gift
GFT-005284,DNR-01008,FND-005,CAM-006,2025-08-12,154.27,Cash
GFT-005285,DNR-01174,FND-006,CAM-005,2023-07-30,2401.91,Cash
GFT-005286,DNR-01174,FND-005,,2024-09-29,515.37,Cash
GFT-005287,DNR-01198,FND-001,,2025-05-20,125.38,Cash
GFT-005288,DNR-00003,FND-003,CAM-002,2025-12-02,156.2,Cash
GFT-005289,DNR-00302,FND-001,CAM-001,2025-01-04,1329.7,Cash
GFT-005290,DNR-00725,FND-003,CAM-003,2024-01-01,342.74,Cash
GFT-005291,DNR-00575,FND-001,CAM-005,2026-06-01,601.0,Cash
GFT-005292,DNR-00640,FND-003,,2024-07-26,122.09,Pledge Payment
GFT-005293,DNR-00198,FND-008,CAM-005,2024-10-08,108.06,Cash
GFT-005294,DNR-00586,FND-007,CAM-005,2026-02-19,942.37,Cash
GFT-005295,DNR-00749,FND-002,CAM-002,2025-07-12,169.08,Cash
GFT-005296,DNR-01052,FND-007,CAM-002,2023-11-14,166.26,Stock
GFT-005297,DNR-00326,FND-004,,2026-06-05,114.01,Cash
GFT-005298,DNR-01070,FND-003,CAM-003,2026-04-21,572.24,Pledge Payment
GFT-005299,DNR-00812,FND-005,,2026-05-30,645.8,Matching Gift
GFT-005300,DNR-00326,FND-004,CAM-001,2025-11-07,224.31,Cash
GFT-005301,DNR-00880,FND-001,CAM-003,2024-06-09,55.83,Cash
GFT-005302,DNR-00574,FND-003,CAM-005,2025-08-10,101.45,Cash
GFT-005303,DNR-00985,FND-005,CAM-006,2025-11-07,734.85,Cash
GFT-005304,DNR-00203,FND-008,CAM-001,2024-09-02,230.25,Matching Gift
GFT-005305,DNR-00787,FND-007,,2023-07-06,579.36,Cash
GFT-005306,DNR-00178,FND-006,,2024-09-10,280.7,Stock
GFT-005307,DNR-00185,FND-008,CAM-006,2026-06-19,63.44,Cash
GFT-005308,DNR-00307,FND-005,,2026-04-21,316.59,Matching Gift
GFT-005309,DNR-00741,FND-006,CAM-002,2025-08-20,173.43,Cash
GFT-005310,DNR-01124,FND-001,CAM-004,2025-10-26,104.36,Pledge Payment
GFT-005311,DNR-00483,FND-003,CAM-005,2024-05-08,113.89,Cash
GFT-005312,DNR-00451,FND-008,,2024-04-21,561.43,Matching Gift
GFT-005313,DNR-01030,FND-001,,2026-01-08,238.91,Cash
GFT-005314,DNR-00467,FND-008,,2024-06-15,220.82,Cash
GFT-005315,DNR-00878,FND-006,CAM-002,2023-09-12,1072.96,Cash
GFT-005316,DNR-00114,FND-005,CAM-005,2026-01-03,87.77,Cash
GFT-005317,DNR-01190,FND-006,CAM-002,2025-12-31,164.73,Stock
GFT-005318,DNR-00912,FND-007,CAM-005,2023-11-22,95.45,Cash
GFT-005319,DNR-00643,FND-004,CAM-006,2025-04-03,309.64,Cash
GFT-005320,DNR-01116,FND-001,CAM-005,2023-12-06,225.21,Pledge Payment
GFT-005321,DNR-00948,FND-002,CAM-003,2024-09-03,124.66,Cash
GFT-005322,DNR-00657,FND-008,,2023-11-10,141.42,Pledge Payment
GFT-005323,DNR-00757,FND-007,,2025-03-11,496.32,Cash
GFT-005324,DNR-01127,FND-004,CAM-006,2025-10-07,668.51,Cash
GFT-005325,DNR-01128,FND-008,CAM-004,2024-12-21,100.98,Pledge Payment
GFT-005326,DNR-01076,FND-001,,2024-08-24,3280.09,Cash
GFT-005327,DNR-00981,FND-007,,2023-08-04,45.0,Cash
GFT-005328,DNR-00488,FND-007,,2024-05-05,61.03,Cash
GFT-005329,DNR-00235,FND-001,CAM-003,2024-07-04,135.0,Cash
GFT-005330,DNR-01121,FND-002,,2023-12-28,83.12,Cash
GFT-005331,DNR-00793,FND-002,CAM-006,2026-06-06,73.61,Pledge Payment
GFT-005332,DNR-00055,FND-008,,2024-03-31,648.28,Pledge Payment
GFT-005333,DNR-00795,FND-001,,2025-09-30,322.6,Cash
GFT-005334,DNR-00932,FND-003,CAM-001,2023-10-05,200.74,Pledge Payment
GFT-005335,DNR-00301,FND-003,CAM-004,2026-03-12,104.93,Cash
GFT-005336,DNR-00459,FND-005,CAM-006,2024-10-16,63.53,Pledge Payment
GFT-005337,DNR-00623,FND-008,,2025-12-11,60.75,Cash
GFT-005338,DNR-00648,FND-001,CAM-004,2024-11-08,644.33,Pledge Payment
GFT-005339,DNR-00672,FND-008,CAM-006,2026-04-01,612.23,Pledge Payment
GFT-005340,DNR-01063,FND-004,CAM-001,2025-10-25,138.32,Cash
GFT-005341,DNR-00726,FND-008,,2025-05-23,41.62,Pledge Payment
GFT-005342,DNR-00906,FND-004,,2026-03-24,355.45,Matching Gift
GFT-005343,DNR-00447,FND-002,CAM-003,2024-06-14,138.85,Cash
GFT-005344,DNR-00697,FND-001,CAM-003,2025-05-05,522.4,Cash
GFT-005345,DNR-00068,FND-006,,2025-12-18,59.8,Cash
GFT-005346,DNR-01075,FND-008,CAM-001,2024-01-08,199.03,Cash
GFT-005347,DNR-00561,FND-005,CAM-002,2026-05-23,54.78,Matching Gift
GFT-005348,DNR-00638,FND-006,CAM-006,2023-09-30,85.4,Pledge Payment
GFT-005349,DNR-00215,FND-002,CAM-002,2024-09-01,83.4,Cash
GFT-005350,DNR-00632,FND-008,,2023-11-08,136.09,Cash
GFT-005351,DNR-00313,FND-004,CAM-003,2024-01-26,714.82,Pledge Payment
GFT-005352,DNR-00407,FND-007,CAM-006,2023-10-09,210.41,Pledge Payment
GFT-005353,DNR-00234,FND-006,CAM-004,2025-12-26,426.46,Matching Gift
GFT-005354,DNR-00153,FND-001,CAM-005,2026-06-28,196.79,Cash
GFT-005355,DNR-00915,FND-001,,2026-01-08,117.82,Cash
GFT-005356,DNR-00620,FND-005,CAM-003,2024-10-18,22.86,Pledge Payment
GFT-005357,DNR-01050,FND-005,CAM-002,2025-11-20,62.91,Cash
GFT-005358,DNR-00969,FND-005,,2025-10-21,181.32,Cash
GFT-005359,DNR-00867,FND-007,CAM-002,2024-10-17,217.47,Pledge Payment
GFT-005360,DNR-00136,FND-007,CAM-001,2023-08-14,524.66,Cash
GFT-005361,DNR-00654,FND-008,CAM-001,2024-04-01,32.58,Pledge Payment
GFT-005362,DNR-01037,FND-004,,2026-04-17,1861.35,Cash
GFT-005363,DNR-01193,FND-008,CAM-003,2025-06-27,22.62,Cash
GFT-005364,DNR-00329,FND-003,CAM-005,2026-01-13,169.3,Matching Gift
GFT-005365,DNR-00214,FND-007,CAM-006,2024-10-21,97.57,Cash
GFT-005366,DNR-00078,FND-003,,2024-08-30,63.99,Stock
GFT-005367,DNR-01146,FND-006,CAM-002,2025-05-09,987.16,Stock
GFT-005368,DNR-00465,FND-004,,2024-05-31,101.58,Cash
GFT-005369,DNR-00186,FND-007,CAM-003,2025-03-06,30.41,Stock
GFT-005370,DNR-01127,FND-006,CAM-002,2023-11-19,47.71,Cash
GFT-005371,DNR-01195,FND-007,CAM-004,2024-11-18,606.21,Pledge Payment
GFT-005372,DNR-00956,FND-004,CAM-002,2023-08-19,49.94,Cash
GFT-005373,DNR-00788,FND-008,CAM-002,2025-02-17,39.13,Cash
GFT-005374,DNR-00362,FND-002,CAM-003,2025-09-04,221.97,Cash
GFT-005375,DNR-01116,FND-005,,2025-06-30,135.09,Stock
GFT-005376,DNR-00549,FND-002,CAM-004,2026-03-24,296.86,Pledge Payment
GFT-005377,DNR-00906,FND-001,CAM-003,2023-11-08,118.36,Cash
GFT-005378,DNR-00331,FND-003,,2023-07-27,396.93,Cash
GFT-005379,DNR-00193,FND-007,CAM-006,2026-05-17,43.49,Cash
GFT-005380,DNR-00588,FND-002,CAM-001,2023-11-25,36.29,Pledge Payment
GFT-005381,DNR-00561,FND-008,CAM-004,2025-03-06,245.05,Stock
GFT-005382,DNR-DUP009,FND-005,CAM-006,2023-10-28,135.3,Cash
GFT-005383,DNR-00998,FND-008,CAM-002,2024-08-20,111.91,Cash
GFT-005384,DNR-00264,FND-003,CAM-006,2023-08-22,355.23,Pledge Payment
GFT-005385,DNR-00592,FND-004,CAM-001,2025-10-07,2275.52,Stock
GFT-005386,DNR-00311,FND-007,CAM-003,2023-08-28,37.13,Matching Gift
GFT-005387,DNR-01178,FND-007,,2023-08-30,748.48,Cash
GFT-005388,DNR-01143,FND-004,CAM-004,2024-02-24,373.17,Cash
GFT-005389,DNR-00927,FND-008,,2025-08-11,106.97,Cash
GFT-005390,DNR-00851,FND-007,CAM-004,2025-08-12,1088.17,Cash
GFT-005391,DNR-00004,FND-003,CAM-003,2023-12-07,47.97,Pledge Payment
GFT-005392,DNR-00493,FND-005,,2025-09-15,285.23,Cash
GFT-005393,DNR-00276,FND-003,,2023-09-04,147.66,Cash
GFT-005394,DNR-00551,FND-001,,2024-09-23,106.99,Stock
GFT-005395,DNR-00897,FND-007,CAM-006,2024-08-31,54.73,Cash
GFT-005396,DNR-00863,FND-008,CAM-003,2024-09-25,3950.16,Cash
GFT-005397,DNR-00193,FND-008,CAM-005,2023-08-03,106.07,Cash
GFT-005398,DNR-00671,FND-003,CAM-002,2023-11-25,15.81,Cash
GFT-005399,DNR-00827,FND-002,CAM-002,2025-01-16,449.78,Cash
GFT-005400,DNR-00056,FND-003,CAM-001,2025-02-21,258.22,Stock
GFT-005401,DNR-00718,FND-002,CAM-005,2024-11-14,133.31,Cash
GFT-005402,DNR-00810,FND-006,CAM-004,2025-03-14,120.54,Cash
GFT-005403,DNR-00287,FND-007,,2025-03-21,165.78,Cash
GFT-005404,DNR-01126,FND-007,CAM-001,2024-02-11,454.35,Matching Gift
GFT-005405,DNR-00263,FND-007,CAM-001,2026-03-29,262.35,Matching Gift
GFT-005406,DNR-01163,FND-006,CAM-004,2023-11-14,314.23,Cash
GFT-005407,DNR-00730,FND-003,,2025-05-16,314.04,Stock
GFT-005408,DNR-00899,FND-007,CAM-002,2026-03-22,479.57,Pledge Payment
GFT-005409,DNR-00612,FND-001,,2024-01-06,670.27,Cash
GFT-005410,DNR-01122,FND-006,,2024-09-16,87.22,Cash
GFT-005411,DNR-00686,FND-006,,2024-07-01,221.67,Cash
GFT-005412,DNR-00556,FND-005,CAM-002,2024-08-30,23.59,Matching Gift
GFT-005413,DNR-00986,FND-003,,2025-09-25,631.5,Stock
GFT-005414,DNR-01098,FND-004,,2026-06-27,86.56,Cash
GFT-005415,DNR-00961,FND-004,CAM-001,2025-03-07,830.02,Matching Gift
GFT-005416,DNR-00518,FND-006,CAM-002,2023-11-13,85.78,Pledge Payment
GFT-005417,DNR-00172,FND-006,CAM-005,2025-08-13,273.42,Cash
GFT-005418,DNR-01189,FND-004,,2025-02-18,135.8,Pledge Payment
GFT-005419,DNR-00191,FND-002,CAM-002,2025-07-02,114.06,Pledge Payment
GFT-005420,DNR-01078,FND-008,CAM-003,2026-01-23,296.7,Pledge Payment
GFT-005421,DNR-00131,FND-003,,2024-09-10,677.26,Cash
GFT-005422,DNR-00029,FND-006,CAM-002,2025-02-12,132.41,Cash
GFT-005423,DNR-00903,FND-008,CAM-004,2024-11-11,757.37,Pledge Payment
GFT-005424,DNR-00195,FND-004,,2025-11-17,82.64,Pledge Payment
GFT-005425,DNR-00766,FND-001,,2026-06-17,689.83,Cash
GFT-005426,DNR-01098,FND-008,CAM-001,2024-01-21,203.64,Cash
GFT-005427,DNR-00640,FND-004,,2023-12-23,255.08,Cash
GFT-005428,DNR-00189,FND-002,CAM-002,2025-04-25,53.16,Cash
GFT-005429,DNR-00888,FND-008,CAM-006,2024-10-11,109.24,Cash
GFT-005430,DNR-00350,FND-002,,2025-10-22,175.78,Pledge Payment
GFT-005431,DNR-01124,FND-002,CAM-006,2026-03-22,587.7,Pledge Payment
GFT-005432,DNR-00200,FND-001,CAM-004,2026-01-20,144.17,Cash
GFT-005433,DNR-00656,FND-007,CAM-002,2026-06-09,76.21,Pledge Payment
GFT-005434,DNR-00678,FND-008,,2024-03-20,232.51,Matching Gift
GFT-005435,DNR-01123,FND-001,,2025-10-10,1571.69,Cash
GFT-005436,DNR-01185,FND-004,CAM-001,2025-11-23,262.09,Cash
GFT-005437,DNR-00763,FND-005,,2023-11-25,142.4,Cash
GFT-005438,DNR-00026,FND-007,,2024-08-05,234.73,Cash
GFT-005439,DNR-00379,FND-004,,2023-10-17,71.12,Matching Gift
GFT-005440,DNR-01029,FND-007,CAM-003,2024-07-13,897.84,Cash
GFT-005441,DNR-00039,FND-006,,2025-05-17,877.78,Cash
GFT-005442,DNR-00591,FND-002,,2024-06-09,68.35,Pledge Payment
GFT-005443,DNR-00315,FND-001,CAM-004,2025-02-12,849.58,Cash
GFT-005444,DNR-00984,FND-001,,2025-10-15,237.4,Pledge Payment
GFT-005445,DNR-00155,FND-005,CAM-003,2025-04-06,381.99,Pledge Payment
GFT-005446,DNR-00040,FND-002,CAM-004,2024-04-16,179.75,Pledge Payment
GFT-005447,DNR-00512,FND-004,CAM-006,2025-11-16,194.88,Cash
GFT-005448,DNR-00264,FND-003,,2024-04-14,93.61,Matching Gift
GFT-005449,DNR-00077,FND-001,CAM-003,2025-01-20,69.4,Cash
GFT-005450,DNR-DUP002,FND-003,,2024-10-18,65.88,Cash
GFT-005451,DNR-00097,FND-006,CAM-004,2024-06-25,609.7,Stock
GFT-005452,DNR-00057,FND-002,,2024-04-12,220.44,Cash
GFT-005453,DNR-00234,FND-004,CAM-002,2023-12-02,72.55,Matching Gift
GFT-005454,DNR-00629,FND-004,CAM-001,2026-06-29,201.32,Cash
GFT-005455,DNR-00395,FND-004,,2024-01-23,31.98,Cash
GFT-005456,DNR-00372,FND-007,,2025-07-14,71.15,Cash
GFT-005457,DNR-00325,FND-004,CAM-002,2024-09-12,687.16,Stock
GFT-005458,DNR-00844,FND-005,CAM-003,2025-05-18,103.96,Cash
GFT-005459,DNR-00444,FND-005,,2024-03-15,587.22,Cash
GFT-005460,DNR-00819,FND-005,CAM-002,2026-04-21,164.44,Stock
GFT-005461,DNR-00877,FND-001,,2025-12-23,384.98,Pledge Payment
GFT-005462,DNR-01196,FND-007,CAM-004,2024-12-22,55.44,Pledge Payment
GFT-005463,DNR-00549,FND-003,,2024-07-30,321.61,Stock
GFT-005464,DNR-00507,FND-007,CAM-005,2025-06-30,18.31,Cash
GFT-005465,DNR-00497,FND-005,CAM-006,2026-02-24,114.02,Cash
GFT-005466,DNR-00364,FND-008,CAM-001,2025-07-08,734.67,Pledge Payment
GFT-005467,DNR-00829,FND-002,CAM-003,2025-06-29,187.82,Cash
GFT-005468,DNR-00786,FND-007,CAM-003,2024-06-28,67.82,Cash
GFT-005469,DNR-01153,FND-002,CAM-002,2025-05-11,660.0,Cash
GFT-005470,DNR-00799,FND-003,CAM-003,2026-03-26,1858.66,Cash
GFT-005471,DNR-01047,FND-001,CAM-004,2024-11-16,138.42,Matching Gift
GFT-005472,DNR-00615,FND-002,CAM-002,2025-10-30,34.12,Stock
GFT-005473,DNR-00757,FND-004,CAM-001,2026-02-23,190.73,Cash
GFT-005474,DNR-01192,FND-006,,2025-10-06,413.16,Pledge Payment
GFT-005475,DNR-00905,FND-005,CAM-004,2025-02-10,146.57,Matching Gift
GFT-005476,DNR-00651,FND-004,CAM-003,2025-12-06,20.57,Pledge Payment
GFT-005477,DNR-01150,FND-007,,2024-08-30,366.08,Cash
GFT-005478,DNR-00512,FND-003,CAM-002,2025-05-25,83.15,Cash
GFT-005479,DNR-00796,FND-008,,2024-08-18,112.33,Matching Gift
GFT-005480,DNR-00212,FND-006,CAM-005,2025-03-01,35.67,Stock
GFT-005481,DNR-00321,FND-008,CAM-004,2023-12-15,14.58,Pledge Payment
GFT-005482,DNR-01121,FND-004,CAM-003,2024-08-06,53.55,Cash
GFT-005483,DNR-00436,FND-005,CAM-004,2025-01-06,102.52,Cash
GFT-005484,DNR-01025,FND-007,CAM-001,2025-05-03,100.28,Cash
GFT-005485,DNR-00846,FND-002,CAM-004,2023-08-23,952.55,Cash
GFT-005486,DNR-00607,FND-008,CAM-001,2024-04-27,60.32,Cash
GFT-005487,DNR-00851,FND-002,CAM-003,2023-12-06,528.01,Cash
GFT-005488,DNR-01025,FND-002,,2024-10-02,212.25,Cash
GFT-005489,DNR-01056,FND-004,CAM-005,2025-09-14,1148.25,Cash
GFT-005490,DNR-00060,FND-004,,2023-12-29,167.29,Cash
GFT-005491,DNR-00427,FND-008,,2026-04-14,22.56,Stock
GFT-005492,DNR-00121,FND-008,,2025-08-16,152.01,Pledge Payment
GFT-005493,DNR-00196,FND-005,CAM-006,2023-07-09,15.28,Cash
GFT-005494,DNR-00988,FND-001,CAM-006,2025-11-14,52.58,Cash
GFT-005495,DNR-00792,FND-005,CAM-001,2024-04-12,154.54,Cash
GFT-005496,DNR-00270,FND-002,CAM-002,2024-02-27,158.56,Pledge Payment
GFT-005497,DNR-00403,FND-005,CAM-005,2025-09-23,506.52,Pledge Payment
GFT-005498,DNR-00377,FND-006,CAM-002,2025-09-20,292.01,Cash
GFT-005499,DNR-01185,FND-003,CAM-004,2024-04-21,1004.31,Cash
GFT-005500,DNR-00706,FND-007,CAM-001,2025-02-27,505.82,Cash
GFT-005501,DNR-00223,FND-008,,2024-07-26,434.52,Pledge Payment
GFT-005502,DNR-00024,FND-004,CAM-004,2025-03-07,1647.56,Pledge Payment
GFT-005503,DNR-01036,FND-002,,2024-12-19,476.53,Cash
GFT-005504,DNR-00848,FND-007,CAM-002,2024-07-06,799.16,Pledge Payment
GFT-005505,DNR-00182,FND-007,CAM-005,2026-01-28,32.15,Cash
GFT-005506,DNR-00844,FND-004,CAM-001,2023-08-22,129.26,Pledge Payment
GFT-005507,DNR-00452,FND-002,,2025-05-04,278.37,Cash
GFT-005508,DNR-00798,FND-002,,2024-01-31,196.84,Cash
GFT-005509,DNR-01170,FND-001,,2025-06-16,80.22,Pledge Payment
GFT-005510,DNR-00506,FND-005,,2025-09-29,440.77,Pledge Payment
GFT-005511,DNR-00399,FND-004,CAM-001,2023-12-14,580.08,Cash
GFT-005512,DNR-00557,FND-004,CAM-005,2025-01-08,165.85,Cash
GFT-005513,DNR-00988,FND-004,CAM-002,2025-11-05,136.37,Matching Gift
GFT-005514,DNR-00206,FND-005,,2026-06-27,104.92,Pledge Payment
GFT-005515,DNR-00182,FND-001,,2024-12-25,463.27,Cash
GFT-005516,DNR-01011,FND-004,,2025-12-06,133.5,Cash
GFT-005517,DNR-00515,FND-002,,2023-11-29,190.2,Pledge Payment
GFT-005518,DNR-00022,FND-005,,2025-09-28,695.82,Cash
GFT-005519,DNR-00098,FND-005,,2023-08-21,249.41,Cash
GFT-005520,DNR-00309,FND-007,CAM-004,2023-09-18,190.24,Pledge Payment
GFT-005521,DNR-00828,FND-001,,2024-02-29,96.28,Pledge Payment
GFT-005522,DNR-00505,FND-005,,2023-09-20,178.91,Cash
GFT-005523,DNR-00411,FND-005,CAM-006,2024-03-06,82.72,Matching Gift
GFT-005524,DNR-00620,FND-005,,2025-05-05,232.51,Cash
GFT-005525,DNR-00430,FND-006,CAM-001,2023-10-31,109.32,Matching Gift
GFT-005526,DNR-00872,FND-001,CAM-005,2023-11-30,124.84,Pledge Payment
GFT-005527,DNR-00995,FND-002,CAM-001,2024-01-13,180.44,Cash
GFT-005528,DNR-00121,FND-002,CAM-003,2025-08-21,1183.11,Cash
GFT-005529,DNR-00203,FND-002,CAM-005,2026-03-11,32.1,Matching Gift
GFT-005530,DNR-00417,FND-003,,2024-02-23,272.95,Pledge Payment
GFT-005531,DNR-00034,FND-003,CAM-002,2025-03-25,53.16,Pledge Payment
GFT-005532,DNR-00009,FND-003,CAM-006,2026-02-05,133.47,Cash
GFT-005533,DNR-00593,FND-002,,2023-12-28,98.68,Pledge Payment
GFT-005534,DNR-01093,FND-008,CAM-002,2024-03-28,94.18,Pledge Payment
GFT-005535,DNR-00280,FND-008,,2025-04-10,97.79,Cash
GFT-005536,DNR-00894,FND-008,CAM-006,2024-09-09,137.56,Pledge Payment
GFT-005537,DNR-01006,FND-007,CAM-002,2025-07-24,84.93,Matching Gift
GFT-005538,DNR-00385,FND-002,CAM-001,2025-11-24,85.33,Matching Gift
GFT-005539,DNR-00077,FND-008,CAM-002,2023-12-11,99.08,Cash
GFT-005540,DNR-00777,FND-002,CAM-002,2024-02-13,94.26,Cash
GFT-005541,DNR-00511,FND-003,,2024-06-11,72.8,Matching Gift
GFT-005542,DNR-00582,FND-001,,2025-06-13,347.49,Stock
GFT-005543,DNR-00169,FND-006,CAM-001,2024-10-29,119.18,Pledge Payment
GFT-005544,DNR-00106,FND-007,CAM-004,2025-05-09,144.33,Pledge Payment
GFT-005545,DNR-00796,FND-002,CAM-004,2024-07-14,132.91,Matching Gift
GFT-005546,DNR-00706,FND-006,,2024-11-30,90.56,Pledge Payment
GFT-005547,DNR-00360,FND-008,CAM-002,2025-04-22,70.04,Cash
GFT-005548,DNR-00005,FND-003,CAM-003,2023-12-01,388.41,Cash
GFT-005549,DNR-00997,FND-002,CAM-005,2025-01-30,74.07,Cash
GFT-005550,DNR-01067,FND-006,CAM-004,2025-01-16,77.74,Pledge Payment
GFT-005551,DNR-00579,FND-004,,2025-09-07,541.51,Cash
GFT-005552,DNR-00757,FND-002,CAM-003,2023-09-01,100.76,Cash
GFT-005553,DNR-00925,FND-006,CAM-004,2025-12-03,178.82,Cash
GFT-005554,DNR-00749,FND-006,CAM-006,2024-08-30,126.32,Matching Gift
GFT-005555,DNR-00299,FND-003,CAM-005,2025-02-26,171.56,Cash
GFT-005556,DNR-00934,FND-003,CAM-004,2023-12-24,914.96,Pledge Payment
GFT-005557,DNR-00273,FND-006,CAM-004,2025-10-05,82.89,Pledge Payment
GFT-005558,DNR-00054,FND-005,CAM-004,2025-07-21,348.85,Stock
GFT-005559,DNR-00976,FND-001,,2023-07-17,386.67,Stock
GFT-005560,DNR-00603,FND-005,,2023-12-17,354.5,Matching Gift
GFT-005561,DNR-00011,FND-007,CAM-006,2024-09-28,863.48,Pledge Payment
GFT-005562,DNR-00369,FND-005,,2025-11-09,21.23,Pledge Payment
GFT-005563,DNR-00912,FND-002,,2026-05-14,41.57,Cash
GFT-005564,DNR-00844,FND-007,CAM-006,2023-07-08,68.43,Cash
GFT-005565,DNR-00557,FND-002,CAM-005,2023-10-29,106.71,Pledge Payment
GFT-005566,DNR-01099,FND-003,,2024-04-03,236.72,Pledge Payment
GFT-005567,DNR-00835,FND-003,CAM-001,2026-02-21,72.12,Pledge Payment
GFT-005568,DNR-00228,FND-002,CAM-003,2026-04-23,71.58,Pledge Payment
GFT-005569,DNR-00287,FND-004,,2024-05-26,198.57,Matching Gift
GFT-005570,DNR-00371,FND-003,CAM-006,2024-04-29,305.11,Stock
GFT-005571,DNR-00582,FND-001,CAM-006,2024-05-13,175.43,Pledge Payment
GFT-005572,DNR-00965,FND-006,,2025-01-19,322.8,Cash
GFT-005573,DNR-00395,FND-006,CAM-002,2026-06-12,34.41,Cash
GFT-005574,DNR-00003,FND-005,,2023-09-04,85.07,Cash
GFT-005575,DNR-01136,FND-005,CAM-005,2023-09-18,65.42,Pledge Payment
GFT-005576,DNR-00468,FND-006,,2024-02-23,100.8,Cash
GFT-005577,DNR-00505,FND-006,,2024-02-22,165.54,Pledge Payment
GFT-005578,DNR-00398,FND-006,CAM-005,2025-04-04,27.78,Cash
GFT-005579,DNR-00338,FND-003,,2024-04-24,99.75,Matching Gift
GFT-005580,DNR-00593,FND-002,CAM-003,2025-12-11,84.21,Cash
GFT-005581,DNR-01140,FND-001,CAM-005,2026-03-29,37.34,Cash
GFT-005582,DNR-00493,FND-001,,2026-06-08,332.0,Cash
GFT-005583,DNR-00150,FND-001,CAM-002,2023-08-05,174.35,Cash
GFT-005584,DNR-00590,FND-006,CAM-001,2024-01-26,101.52,Cash
GFT-005585,DNR-00159,FND-006,,2025-03-09,1083.4,Matching Gift
GFT-005586,DNR-00196,FND-005,CAM-002,2026-05-11,40.53,Stock
GFT-005587,DNR-01139,FND-007,CAM-005,2026-02-16,1166.24,Cash
GFT-005588,DNR-00264,FND-001,,2025-02-09,136.22,Cash
GFT-005589,DNR-01045,FND-004,,2023-12-22,77.6,Cash
GFT-005590,DNR-00455,FND-006,CAM-005,2025-08-28,104.25,Cash
GFT-005591,DNR-00466,FND-008,CAM-006,2023-08-21,115.85,Cash
GFT-005592,DNR-00299,FND-002,CAM-001,2024-02-22,1388.33,Cash
GFT-005593,DNR-00514,FND-004,CAM-004,2025-12-27,238.09,Matching Gift
GFT-005594,DNR-00654,FND-006,CAM-006,2023-07-29,55.85,Cash
GFT-005595,DNR-00706,FND-008,CAM-003,2025-04-22,385.87,Cash
GFT-005596,DNR-00043,FND-005,,2025-03-18,116.96,Stock
GFT-005597,DNR-00859,FND-007,,2023-07-02,11.69,Cash
GFT-005598,DNR-00736,FND-003,CAM-006,2025-03-02,374.59,Cash
GFT-005599,DNR-00031,FND-007,,2025-11-25,386.33,Pledge Payment
GFT-005600,DNR-00796,FND-006,CAM-004,2023-10-08,123.73,Pledge Payment
GFT-005601,DNR-00493,FND-004,CAM-005,2026-01-27,89.17,Pledge Payment
GFT-005602,DNR-00761,FND-008,,2025-01-10,433.8,Cash
GFT-005603,DNR-00818,FND-006,,2023-12-17,84.58,Pledge Payment
GFT-005604,DNR-00849,FND-002,CAM-001,2025-12-26,560.43,Stock
GFT-005605,DNR-01148,FND-002,CAM-002,2025-11-03,86.7,Cash
GFT-005606,DNR-00287,FND-006,CAM-001,2023-10-28,153.46,Cash
GFT-005607,DNR-01049,FND-005,CAM-001,2023-08-11,266.29,Cash
GFT-005608,DNR-00817,FND-003,CAM-004,2026-03-07,209.95,Cash
GFT-005609,DNR-00552,FND-005,CAM-005,2025-02-25,79.61,Cash
GFT-005610,DNR-00370,FND-006,,2026-04-17,249.84,Matching Gift
GFT-005611,DNR-00578,FND-003,CAM-001,2026-06-23,364.59,Pledge Payment
GFT-005612,DNR-00514,FND-003,CAM-001,2024-04-14,58.62,Stock
GFT-005613,DNR-01050,FND-001,,2025-03-09,274.6,Pledge Payment
GFT-005614,DNR-00164,FND-008,,2025-01-11,148.38,Pledge Payment
GFT-005615,DNR-00227,FND-006,CAM-003,2025-03-22,62.48,Matching Gift
GFT-005616,DNR-00816,FND-002,CAM-003,2024-11-17,238.21,Cash
GFT-005617,DNR-00693,FND-006,CAM-005,2026-06-29,414.77,Pledge Payment
GFT-005618,DNR-01198,FND-001,CAM-004,2025-01-28,94.92,Stock
GFT-005619,DNR-01022,FND-007,,2024-06-21,13.78,Matching Gift
GFT-005620,DNR-00569,FND-003,CAM-003,2024-05-28,252.05,Cash
GFT-005621,DNR-00126,FND-004,CAM-001,2026-01-12,115.97,Stock
GFT-005622,DNR-00296,FND-006,CAM-002,2024-09-26,327.31,Cash
GFT-005623,DNR-00372,FND-004,,2025-07-04,512.16,Cash
GFT-005624,DNR-01102,FND-003,CAM-006,2025-04-20,224.68,Pledge Payment
GFT-005625,DNR-00464,FND-001,CAM-002,2025-08-31,360.43,Matching Gift
GFT-005626,DNR-00287,FND-007,CAM-004,2023-08-11,439.41,Cash
GFT-005627,DNR-00186,FND-008,,2024-07-11,94.24,Pledge Payment
GFT-005628,DNR-00995,FND-005,,2024-01-20,113.88,Cash
GFT-005629,DNR-00269,FND-001,CAM-002,2024-04-10,259.25,Cash
GFT-005630,DNR-00835,FND-008,CAM-006,2023-12-26,663.27,Stock
GFT-005631,DNR-00245,FND-006,CAM-001,2024-06-27,49.6,Pledge Payment
GFT-005632,DNR-00832,FND-007,CAM-001,2024-06-25,291.82,Pledge Payment
GFT-005633,DNR-00011,FND-007,CAM-001,2026-02-27,597.6,Cash
GFT-005634,DNR-00727,FND-001,CAM-001,2024-03-15,143.58,Cash
GFT-005635,DNR-00473,FND-003,CAM-006,2024-03-05,170.46,Cash
GFT-005636,DNR-00619,FND-006,,2023-10-01,166.26,Matching Gift
GFT-005637,DNR-00310,FND-001,CAM-004,2024-07-13,156.49,Cash
GFT-005638,DNR-01199,FND-001,,2024-01-12,77.14,Stock
GFT-005639,DNR-00499,FND-004,CAM-003,2024-11-02,149.62,Pledge Payment
GFT-005640,DNR-01003,FND-008,,2024-10-05,79.66,Cash
GFT-005641,DNR-00005,FND-001,,2023-11-04,333.65,Matching Gift
GFT-005642,DNR-01192,FND-006,CAM-004,2024-07-11,30.38,Cash
GFT-005643,DNR-00772,FND-003,,2024-01-20,419.66,Matching Gift
GFT-005644,DNR-00772,FND-005,CAM-005,2025-05-28,500.06,Matching Gift
GFT-005645,DNR-01053,FND-006,CAM-003,2023-11-09,207.85,Cash
GFT-005646,DNR-00006,FND-008,,2025-03-25,1051.45,Cash
GFT-005647,DNR-00001,FND-005,CAM-003,2024-10-07,270.88,Pledge Payment
GFT-005648,DNR-00280,FND-004,,2024-09-17,237.31,Cash
GFT-005649,DNR-00960,FND-008,CAM-006,2025-08-27,28.95,Cash
GFT-005650,DNR-00584,FND-006,CAM-004,2023-12-02,538.95,Cash
GFT-005651,DNR-00904,FND-005,CAM-001,2025-02-13,69.0,Matching Gift
GFT-005652,DNR-00027,FND-002,CAM-002,2025-12-26,61.35,Cash
GFT-005653,DNR-00402,FND-002,,2025-06-22,217.09,Cash
GFT-005654,DNR-01022,FND-007,CAM-004,2026-01-10,80.08,Cash
GFT-005655,DNR-00697,FND-001,CAM-003,2025-11-23,141.58,Matching Gift
GFT-005656,DNR-00965,FND-007,,2024-06-27,591.42,Cash
GFT-005657,DNR-00055,FND-003,CAM-006,2024-03-13,898.69,Cash
GFT-005658,DNR-00658,FND-008,CAM-006,2023-12-25,94.93,Cash
GFT-005659,DNR-00834,FND-002,,2023-10-21,147.64,Pledge Payment
GFT-005660,DNR-00271,FND-004,,2024-05-15,1974.98,Matching Gift
GFT-005661,DNR-00801,FND-008,CAM-006,2024-02-19,887.83,Cash
GFT-005662,DNR-00050,FND-007,CAM-005,2025-12-21,28.8,Matching Gift
GFT-005663,DNR-00419,FND-006,CAM-001,2025-11-22,449.93,Cash
GFT-005664,DNR-00310,FND-004,CAM-005,2024-04-03,79.88,Cash
GFT-005665,DNR-01105,FND-006,,2024-03-09,96.63,Cash
GFT-005666,DNR-00283,FND-007,CAM-006,2023-11-24,444.46,Cash
GFT-005667,DNR-01050,FND-006,CAM-004,2025-02-02,25.33,Pledge Payment
GFT-005668,DNR-01020,FND-002,,2024-09-24,548.85,Cash
GFT-005669,DNR-00312,FND-005,CAM-001,2025-02-05,733.72,Stock
GFT-005670,DNR-00083,FND-001,CAM-001,2023-08-14,126.5,Cash
GFT-005671,DNR-00690,FND-004,CAM-006,2026-01-14,917.75,Cash
GFT-005672,DNR-00499,FND-002,CAM-001,2024-04-30,284.14,Cash
GFT-005673,DNR-00532,FND-007,CAM-003,2024-04-19,53.16,Cash
GFT-005674,DNR-00779,FND-007,CAM-001,2026-04-24,196.48,Cash
GFT-005675,DNR-00981,FND-005,,2024-03-16,88.16,Cash
GFT-005676,DNR-01135,FND-004,CAM-005,2026-04-01,224.63,Cash
GFT-005677,DNR-00702,FND-002,CAM-003,2025-10-23,49.66,Pledge Payment
GFT-005678,DNR-01073,FND-003,,2024-09-03,1010.89,Pledge Payment
GFT-005679,DNR-00202,FND-005,,2024-01-10,328.31,Cash
GFT-005680,DNR-00724,FND-003,CAM-004,2025-09-02,112.96,Stock
GFT-005681,DNR-00600,FND-003,CAM-004,2025-09-12,231.12,Pledge Payment
GFT-005682,DNR-00452,FND-006,,2025-12-28,172.93,Matching Gift
GFT-005683,DNR-01000,FND-003,CAM-002,2024-04-21,7.09,Pledge Payment
GFT-005684,DNR-00708,FND-004,CAM-001,2025-04-08,1059.14,Stock
GFT-005685,DNR-00749,FND-007,CAM-003,2026-03-28,169.36,Pledge Payment
GFT-005686,DNR-00962,FND-007,CAM-002,2025-08-29,216.97,Cash
GFT-005687,DNR-00904,FND-005,CAM-004,2026-06-18,43.04,Cash
GFT-005688,DNR-00338,FND-005,CAM-002,2024-05-23,222.44,Matching Gift
GFT-005689,DNR-00247,FND-001,CAM-002,2025-07-22,272.59,Pledge Payment
GFT-005690,DNR-00283,FND-006,,2025-10-11,60.92,Cash
GFT-005691,DNR-01185,FND-003,CAM-004,2025-10-24,382.38,Cash
GFT-005692,DNR-00785,FND-006,,2025-04-30,23.05,Stock
GFT-005693,DNR-00112,FND-007,,2024-04-18,146.63,Pledge Payment
GFT-005694,DNR-00856,FND-008,,2026-01-02,41.53,Cash
GFT-005695,DNR-00655,FND-001,CAM-005,2024-10-16,187.95,Matching Gift
GFT-005696,DNR-00528,FND-005,,2024-09-14,118.98,Cash
GFT-005697,DNR-00269,FND-002,CAM-002,2023-11-27,294.28,Pledge Payment
GFT-005698,DNR-00761,FND-001,,2025-12-12,166.91,Pledge Payment
GFT-005699,DNR-00402,FND-005,CAM-005,2024-04-27,285.63,Pledge Payment
GFT-005700,DNR-01127,FND-001,CAM-002,2026-01-31,192.5,Stock
GFT-005701,DNR-01010,FND-008,,2025-06-06,582.24,Cash
GFT-005702,DNR-00239,FND-005,,2025-08-04,487.61,Cash
GFT-005703,DNR-00050,FND-004,CAM-001,2026-01-25,83.82,Pledge Payment
GFT-005704,DNR-00275,FND-002,CAM-002,2026-06-19,530.46,Cash
GFT-005705,DNR-01138,FND-003,CAM-001,2026-01-13,270.1,Cash
GFT-005706,DNR-00911,FND-003,,2024-07-30,651.26,Cash
GFT-005707,DNR-00649,FND-002,CAM-004,2025-01-03,63.1,Cash
GFT-005708,DNR-00820,FND-008,,2026-03-26,49.39,Cash
GFT-005709,DNR-00404,FND-007,CAM-001,2025-09-17,50.3,Pledge Payment
GFT-005710,DNR-01066,FND-007,CAM-001,2024-04-13,913.91,Cash
GFT-005711,DNR-00232,FND-002,,2023-07-09,667.59,Pledge Payment
GFT-005712,DNR-00056,FND-001,CAM-006,2024-05-06,486.94,Cash
GFT-005713,DNR-01031,FND-005,,2025-02-18,44.47,Cash
GFT-005714,DNR-00519,FND-004,CAM-001,2025-09-02,493.73,Cash
GFT-005715,DNR-00867,FND-008,CAM-004,2024-09-08,47.18,Pledge Payment
GFT-005716,DNR-01044,FND-003,CAM-006,2023-08-16,11.88,Cash
GFT-005717,DNR-01022,FND-002,CAM-001,2025-10-08,116.38,Pledge Payment
GFT-005718,DNR-00018,FND-006,CAM-002,2025-08-19,150.47,Pledge Payment
GFT-005719,DNR-00891,FND-003,,2025-02-05,778.61,Cash
GFT-005720,DNR-00859,FND-005,,2025-07-28,62.2,Cash
GFT-005721,DNR-00385,FND-003,CAM-002,2024-02-18,2199.29,Pledge Payment
GFT-005722,DNR-00192,FND-004,CAM-003,2025-07-26,223.03,Cash
GFT-005723,DNR-00002,FND-002,,2023-10-11,160.97,Pledge Payment
GFT-005724,DNR-00598,FND-007,,2025-05-10,160.09,Stock
GFT-005725,DNR-00707,FND-001,CAM-006,2026-02-28,49.19,Pledge Payment
GFT-005726,DNR-00444,FND-001,CAM-002,2023-10-08,126.82,Stock
GFT-005727,DNR-00140,FND-001,CAM-002,2024-12-04,241.83,Stock
GFT-005728,DNR-00557,FND-004,,2023-11-03,506.12,Cash
GFT-005729,DNR-00831,FND-007,CAM-006,2025-06-13,121.77,Cash
GFT-005730,DNR-00156,FND-999,CAM-003,2025-05-27,220.64,Cash
GFT-005731,DNR-01070,FND-002,CAM-002,2024-07-26,420.02,Cash
GFT-005732,DNR-00445,FND-008,CAM-002,2026-05-20,117.99,Cash
GFT-005733,DNR-00655,FND-006,CAM-006,2026-01-24,546.59,Matching Gift
GFT-005734,DNR-00404,FND-001,,2023-10-11,331.39,Stock
GFT-005735,DNR-00826,FND-006,CAM-004,2024-01-28,449.42,Cash
GFT-005736,DNR-00917,FND-002,CAM-005,2025-01-28,27.14,Cash
GFT-005737,DNR-01125,FND-005,,2026-01-09,133.14,Stock
GFT-005738,DNR-00077,FND-003,CAM-005,2024-01-03,92.05,Cash
GFT-005739,DNR-00830,FND-004,CAM-005,2024-01-27,22.11,Cash
GFT-005740,DNR-00893,FND-002,,2024-01-27,1280.52,Matching Gift
GFT-005741,DNR-01057,FND-007,CAM-004,2025-07-19,491.53,Cash
GFT-005742,DNR-00866,FND-002,,2026-05-25,36.71,Cash
GFT-005743,DNR-00790,FND-008,CAM-003,2026-02-17,814.13,Cash
GFT-005744,DNR-00414,FND-004,,2026-06-02,172.23,Cash
GFT-005745,DNR-00135,FND-008,,2025-10-25,297.39,Pledge Payment
GFT-005746,DNR-00058,FND-006,CAM-006,2025-04-18,94.77,Pledge Payment
GFT-005747,DNR-00768,FND-004,CAM-002,2024-08-28,541.9,Pledge Payment
GFT-005748,DNR-01105,FND-002,CAM-003,2025-06-30,165.74,Stock
GFT-005749,DNR-00671,FND-008,,2025-11-11,316.48,Cash
GFT-005750,DNR-00506,FND-006,CAM-001,2025-07-26,615.94,Stock
GFT-005751,DNR-01185,FND-003,CAM-002,2024-11-18,367.26,Cash
GFT-005752,DNR-00795,FND-007,,2024-05-22,118.94,Cash
GFT-005753,DNR-00959,FND-008,CAM-003,2024-01-10,166.68,Pledge Payment
GFT-005754,DNR-00137,FND-006,CAM-006,2023-09-27,29.14,Matching Gift
GFT-005755,DNR-00872,FND-007,CAM-006,2024-12-30,467.02,Cash
GFT-005756,DNR-00427,FND-001,CAM-001,2026-03-20,8.64,Cash
GFT-005757,DNR-00311,FND-006,CAM-001,2023-07-14,136.03,Cash
GFT-005758,DNR-00947,FND-003,CAM-005,2024-05-18,183.16,Cash
GFT-005759,DNR-00881,FND-004,CAM-002,2025-08-25,252.97,Cash
GFT-005760,DNR-00143,FND-006,,2025-04-09,94.81,Stock
GFT-005761,DNR-00656,FND-003,CAM-006,2024-06-02,163.42,Cash
GFT-005762,DNR-00615,FND-007,,2025-07-29,221.32,Cash
GFT-005763,DNR-00010,FND-008,CAM-001,2024-10-31,216.98,Stock
GFT-005764,DNR-01097,FND-008,,2023-07-16,208.87,Cash
GFT-005765,DNR-00936,FND-004,CAM-006,2023-07-17,122.85,Cash
GFT-005766,DNR-00991,FND-008,CAM-005,2024-06-06,232.77,Pledge Payment
GFT-005767,DNR-00238,FND-002,CAM-006,2026-01-19,755.23,Stock
GFT-005768,DNR-00288,FND-006,,2025-02-19,166.12,Matching Gift
GFT-005769,DNR-01033,FND-007,CAM-001,2026-03-11,229.5,Cash
GFT-005770,DNR-00126,FND-001,CAM-005,2023-07-03,163.04,Cash
GFT-005771,DNR-00300,FND-002,,2023-12-17,707.05,Cash
GFT-005772,DNR-00571,FND-003,CAM-001,2024-04-15,136.52,Stock
GFT-005773,DNR-00595,FND-008,CAM-001,2025-02-24,70.43,Matching Gift
GFT-005774,DNR-00715,FND-008,CAM-005,2023-10-15,382.72,Cash
GFT-005775,DNR-00193,FND-007,,2026-02-16,129.65,Cash
GFT-005776,DNR-00222,FND-007,CAM-003,2026-02-27,358.72,Cash
GFT-005777,DNR-00717,FND-007,CAM-004,2025-12-06,109.34,Cash
GFT-005778,DNR-00833,FND-005,,2026-01-18,56.28,Cash
GFT-005779,DNR-01074,FND-004,CAM-001,2025-08-12,171.95,Pledge Payment
GFT-005780,DNR-00545,FND-001,,2025-02-08,40.28,Pledge Payment
GFT-005781,DNR-00312,FND-003,CAM-002,2025-07-20,246.91,Pledge Payment
GFT-005782,DNR-00778,FND-006,CAM-001,2024-04-09,441.37,Pledge Payment
GFT-005783,DNR-00411,FND-003,,2026-01-25,1418.21,Cash
GFT-005784,DNR-01187,FND-002,CAM-002,2023-12-28,104.68,Stock
GFT-005785,DNR-00028,FND-008,,2024-11-11,82.24,Pledge Payment
GFT-005786,DNR-00583,FND-008,CAM-001,2025-07-11,429.15,Cash
GFT-005787,DNR-00103,FND-002,CAM-003,2025-11-09,395.08,Stock
GFT-005788,DNR-DUP001,FND-002,,2026-04-05,425.49,Cash
GFT-005789,DNR-00077,FND-002,,2025-05-04,1448.39,Cash
GFT-005790,DNR-00813,FND-003,CAM-004,2023-11-19,183.55,Pledge Payment
GFT-005791,DNR-00063,FND-001,,2023-07-19,1898.56,Cash
GFT-005792,DNR-00715,FND-004,CAM-002,2025-09-29,125.19,Cash
GFT-005793,DNR-00689,FND-008,CAM-006,2026-02-14,89.18,Cash
GFT-005794,DNR-00452,FND-006,CAM-002,2024-08-20,81.26,Cash
GFT-005795,DNR-01025,FND-004,CAM-003,2026-05-05,76.41,Pledge Payment
GFT-005796,DNR-00183,FND-003,,2026-04-03,1546.67,Pledge Payment
GFT-005797,DNR-01169,FND-007,CAM-005,2025-01-31,661.78,Matching Gift
GFT-005798,DNR-00517,FND-007,CAM-001,2024-01-03,1363.14,Stock
GFT-005799,DNR-00847,FND-007,CAM-002,2026-04-30,25.83,Cash
GFT-005800,DNR-00320,FND-001,CAM-001,2024-11-03,46.86,Cash
GFT-005801,DNR-01014,FND-003,CAM-004,2024-01-04,130.24,Cash
GFT-005802,DNR-00748,FND-003,CAM-006,2025-11-13,110.87,Matching Gift
GFT-005803,DNR-00636,FND-007,CAM-006,2024-04-16,230.73,Cash
GFT-005804,DNR-00541,FND-003,CAM-005,2025-05-13,188.45,Cash
GFT-005805,DNR-00595,FND-001,,2024-03-20,60.82,Cash
GFT-005806,DNR-00290,FND-001,CAM-006,2023-09-09,99.07,Matching Gift
GFT-005807,DNR-00102,FND-002,CAM-002,2025-09-09,138.13,Cash
GFT-005808,DNR-00036,FND-006,,2025-08-11,52.32,Cash
GFT-005809,DNR-01146,FND-006,CAM-002,2023-08-19,157.84,Cash
GFT-005810,DNR-00294,FND-008,,2024-08-30,55.68,Cash
GFT-005811,DNR-00416,FND-001,CAM-001,2025-09-28,153.11,Matching Gift
GFT-005812,DNR-00656,FND-007,CAM-001,2024-10-23,69.89,Cash
GFT-005813,DNR-00412,FND-001,,2025-08-20,491.5,Cash
GFT-005814,DNR-00117,FND-001,,2023-10-28,283.28,Cash
GFT-005815,DNR-DUP005,FND-004,,2026-06-12,275.5,Pledge Payment
GFT-005816,DNR-01068,FND-002,,2025-12-25,387.52,Cash
GFT-005817,DNR-01089,FND-001,,2025-03-26,300.55,Cash
GFT-005818,DNR-00473,FND-006,CAM-002,2026-06-13,495.2,Cash
GFT-005819,DNR-00687,FND-003,,2023-11-10,209.96,Cash
GFT-005820,DNR-00102,FND-005,CAM-001,2024-10-14,381.16,Cash
GFT-005821,DNR-00855,FND-007,,2025-12-25,266.21,Stock
GFT-005822,DNR-00856,FND-007,,2024-11-08,264.1,Pledge Payment
GFT-005823,DNR-00051,FND-002,,2026-06-28,37.81,Cash
GFT-005824,DNR-00879,FND-002,CAM-003,2024-04-06,62.06,Stock
GFT-005825,DNR-00940,FND-005,CAM-005,2025-03-12,233.35,Cash
GFT-005826,DNR-00712,FND-004,,2023-07-08,81.71,Cash
GFT-005827,DNR-00075,FND-006,CAM-006,2023-12-28,166.31,Cash
GFT-005828,DNR-00501,FND-001,CAM-004,2024-09-07,102.82,Pledge Payment
GFT-005829,DNR-00416,FND-008,CAM-006,2026-04-14,106.89,Cash
GFT-005830,DNR-00286,FND-002,CAM-006,2025-02-14,187.38,Pledge Payment
GFT-005831,DNR-00632,FND-003,CAM-004,2024-03-12,134.23,Pledge Payment
GFT-005832,DNR-00972,FND-007,CAM-003,2024-10-19,795.29,Pledge Payment
GFT-005833,DNR-00213,FND-007,CAM-005,2023-08-28,41.46,Pledge Payment
GFT-005834,DNR-00981,FND-002,CAM-006,2025-11-21,327.78,Pledge Payment
GFT-005835,DNR-00981,FND-007,,2026-04-10,406.62,Matching Gift
GFT-005836,DNR-01112,FND-004,CAM-004,2026-06-22,866.68,Cash
GFT-005837,DNR-00886,FND-006,,2024-10-26,192.24,Pledge Payment
GFT-005838,DNR-00813,FND-003,CAM-005,2023-12-27,361.74,Cash
GFT-005839,DNR-00353,FND-003,,2025-09-30,782.5,Pledge Payment
GFT-005840,DNR-00886,FND-007,CAM-005,2025-11-17,94.79,Cash
GFT-005841,DNR-01055,FND-001,CAM-001,2026-05-20,70.27,Matching Gift
GFT-005842,DNR-00814,FND-002,CAM-004,2026-01-02,201.79,Stock
GFT-005843,DNR-00347,FND-003,CAM-006,2025-04-26,141.27,Pledge Payment
GFT-005844,DNR-00950,FND-005,CAM-001,2023-07-02,370.21,Cash
GFT-005845,DNR-01159,FND-002,,2025-04-12,43.88,Cash
GFT-005846,DNR-00700,FND-008,CAM-005,2025-04-23,719.9,Cash
GFT-005847,DNR-00312,FND-007,CAM-003,2026-02-07,235.49,Cash
GFT-005848,DNR-00779,FND-005,,2026-04-11,136.99,Cash
GFT-005849,DNR-01141,FND-006,CAM-006,2024-07-19,179.61,Cash
GFT-005850,DNR-00650,FND-001,,2023-08-20,530.29,Matching Gift
GFT-005851,DNR-00256,FND-008,,2025-02-15,306.96,Cash
GFT-005852,DNR-00676,FND-008,CAM-006,2025-09-01,175.93,Cash
GFT-005853,DNR-01171,FND-002,,2024-07-20,144.97,Pledge Payment
GFT-005854,DNR-00812,FND-006,,2025-06-21,151.91,Pledge Payment
GFT-005855,DNR-01092,FND-008,,2026-06-29,352.71,Pledge Payment
GFT-005856,DNR-00632,FND-007,,2024-02-19,133.18,Cash
GFT-005857,DNR-00740,FND-001,,2023-10-23,323.01,Matching Gift
GFT-005858,DNR-00537,FND-005,,2024-07-11,13.1,Matching Gift
GFT-005859,DNR-00916,FND-008,CAM-003,2026-06-05,72.4,Cash
GFT-005860,DNR-00102,FND-004,,2026-02-03,84.76,Pledge Payment
GFT-005861,DNR-DUP007,FND-004,,2024-04-15,173.83,Cash
GFT-005862,DNR-00209,FND-003,CAM-003,2024-03-09,143.8,Cash
GFT-005863,DNR-00131,FND-007,,2023-07-28,89.76,Stock
GFT-005864,DNR-00564,FND-003,,2026-04-06,55.24,Pledge Payment
GFT-005865,DNR-00706,FND-003,,2025-09-30,77.66,Pledge Payment
GFT-005866,DNR-00466,FND-004,CAM-004,2024-05-27,965.56,Cash
GFT-005867,DNR-00244,FND-001,CAM-004,2024-09-04,89.45,Pledge Payment
GFT-005868,DNR-00086,FND-001,CAM-005,2024-06-09,19.51,Matching Gift
GFT-005869,DNR-00041,FND-003,CAM-002,2024-08-04,188.26,Cash
GFT-005870,DNR-00789,FND-007,,2024-06-18,89.44,Cash
GFT-005871,DNR-01176,FND-008,CAM-003,2024-12-13,129.98,Matching Gift
GFT-005872,DNR-00962,FND-005,,2024-11-01,457.51,Pledge Payment
GFT-005873,DNR-01014,FND-002,CAM-002,2025-04-29,140.46,Cash
GFT-005874,DNR-00801,FND-006,CAM-004,2025-03-16,124.43,Cash
GFT-005875,DNR-00524,FND-001,CAM-004,2026-04-11,4.7,Matching Gift
GFT-005876,DNR-00427,FND-006,CAM-002,2026-04-05,94.7,Cash
GFT-005877,DNR-00764,FND-004,CAM-002,2024-11-30,134.89,Cash
GFT-005878,DNR-00135,FND-005,CAM-004,2025-05-07,265.72,Cash
GFT-005879,DNR-01125,FND-007,CAM-003,2025-11-25,28.58,Stock
GFT-005880,DNR-00407,FND-005,CAM-006,2026-05-18,47.98,Cash
GFT-005881,DNR-00608,FND-004,CAM-003,2024-08-10,272.69,Cash
GFT-005882,DNR-00328,FND-007,CAM-005,2025-11-25,184.94,Cash
GFT-005883,DNR-00890,FND-007,CAM-002,2024-09-15,99.65,Pledge Payment
GFT-005884,DNR-00642,FND-004,,2026-05-26,290.07,Cash
GFT-005885,DNR-00944,FND-008,CAM-003,2023-08-30,118.23,Cash
GFT-005886,DNR-00965,FND-001,CAM-006,2026-06-09,449.49,Pledge Payment
GFT-005887,DNR-00500,FND-003,CAM-004,2025-02-15,95.61,Cash
GFT-005888,DNR-00516,FND-005,CAM-001,2024-09-20,70.73,Cash
GFT-005889,DNR-00691,FND-001,CAM-003,2025-11-28,2658.14,Pledge Payment
GFT-005890,DNR-00626,FND-006,,2023-08-18,354.41,Pledge Payment
GFT-005891,DNR-00066,FND-003,CAM-006,2025-07-09,80.16,Pledge Payment
GFT-005892,DNR-00822,FND-008,,2025-01-02,119.11,Stock
GFT-005893,DNR-00105,FND-008,CAM-001,2023-07-17,96.06,Cash
GFT-005894,DNR-00353,FND-004,,2025-01-25,34.43,Cash
GFT-005895,DNR-00916,FND-004,CAM-005,2026-02-12,126.68,Pledge Payment
GFT-005896,DNR-DUP008,FND-006,CAM-002,2024-04-16,205.34,Cash
GFT-005897,DNR-00010,FND-004,CAM-006,2025-06-07,746.68,Cash
GFT-005898,DNR-00130,FND-007,,2023-08-28,158.06,Cash
GFT-005899,DNR-01146,FND-006,,2025-05-17,108.76,Cash
GFT-005900,DNR-00079,FND-003,,2025-06-25,868.08,Matching Gift
GFT-005901,DNR-00704,FND-001,,2025-03-06,657.36,Cash
GFT-005902,DNR-00639,FND-004,CAM-003,2024-01-09,204.03,Cash
GFT-005903,DNR-00133,FND-003,CAM-005,2024-10-07,184.31,Cash
GFT-005904,DNR-00477,FND-004,CAM-005,2024-12-24,262.42,Cash
GFT-005905,DNR-00386,FND-002,,2025-05-08,94.44,Cash
GFT-005906,DNR-00292,FND-004,CAM-003,2024-02-14,176.67,Cash
GFT-005907,DNR-00563,FND-003,CAM-004,2023-08-29,90.94,Matching Gift
GFT-005908,DNR-00379,FND-008,CAM-002,2025-07-03,684.2,Cash
GFT-005909,DNR-01130,FND-007,CAM-004,2024-05-01,74.05,Pledge Payment
GFT-005910,DNR-00705,FND-002,,2024-07-10,221.08,Matching Gift
GFT-005911,DNR-00745,FND-008,CAM-001,2026-06-07,232.57,Cash
GFT-005912,DNR-00395,FND-006,CAM-003,2026-06-17,755.75,Stock
GFT-005913,DNR-00701,FND-002,CAM-002,2025-02-19,107.44,Cash
GFT-005914,DNR-00084,FND-002,CAM-001,2025-11-30,87.34,Cash
GFT-005915,DNR-00193,FND-002,CAM-005,2025-04-24,333.28,Pledge Payment
GFT-005916,DNR-00705,FND-006,CAM-003,2025-03-15,287.82,Pledge Payment
GFT-005917,DNR-00930,FND-001,CAM-004,2024-09-23,1406.92,Cash
GFT-005918,DNR-00971,FND-003,CAM-006,2024-04-03,207.92,Stock
GFT-005919,DNR-00852,FND-008,CAM-001,2024-02-06,667.48,Cash
GFT-005920,DNR-00906,FND-005,CAM-004,2024-11-18,582.69,Stock
GFT-005921,DNR-00288,FND-002,CAM-003,2024-01-12,86.9,Pledge Payment
GFT-005922,DNR-00768,FND-007,,2026-03-01,39.1,Cash
GFT-005923,DNR-00528,FND-002,,2025-11-18,128.92,Cash
GFT-005924,DNR-00059,FND-005,CAM-006,2025-11-15,429.94,Stock
GFT-005925,DNR-01047,FND-008,CAM-004,2024-02-28,771.22,Cash
GFT-005926,DNR-00029,FND-001,CAM-004,2024-05-23,7.39,Cash
GFT-005927,DNR-00172,FND-007,CAM-001,2024-10-22,73.58,Stock
GFT-005928,DNR-00482,FND-006,,2023-08-11,262.41,Pledge Payment
GFT-005929,DNR-01012,FND-001,CAM-002,2025-12-09,349.22,Pledge Payment
GFT-005930,DNR-00067,FND-006,CAM-006,2025-05-18,63.74,Cash
GFT-005931,DNR-00257,FND-007,CAM-005,2024-04-18,90.63,Pledge Payment
GFT-005932,DNR-00205,FND-003,CAM-001,2024-10-09,32.22,Pledge Payment
GFT-005933,DNR-00470,FND-001,CAM-002,2025-01-25,1005.13,Pledge Payment
GFT-005934,DNR-00705,FND-002,CAM-002,2026-04-24,222.67,Pledge Payment
GFT-005935,DNR-00118,FND-003,CAM-003,2024-05-07,89.52,Stock
GFT-005936,DNR-00821,FND-005,CAM-003,2024-11-08,615.08,Pledge Payment
GFT-005937,DNR-00297,FND-003,CAM-001,2023-10-03,222.45,Cash
GFT-005938,DNR-00505,FND-005,,2024-02-05,754.37,Cash
GFT-005939,DNR-00741,FND-006,CAM-005,2026-02-20,895.26,Cash
GFT-005940,DNR-00956,FND-003,,2025-08-14,63.93,Stock
GFT-005941,DNR-00679,FND-005,,2024-02-11,660.91,Cash
GFT-005942,DNR-00530,FND-004,,2025-02-04,631.59,Matching Gift
GFT-005943,DNR-00416,FND-005,CAM-001,2026-06-02,290.95,Cash
GFT-005944,DNR-00763,FND-004,,2025-12-09,317.15,Cash
GFT-005945,DNR-00322,FND-008,CAM-005,2023-09-17,206.47,Cash
GFT-005946,DNR-00220,FND-006,,2024-02-29,53.11,Pledge Payment
GFT-005947,DNR-00302,FND-002,CAM-005,2025-10-13,49.23,Cash
GFT-005948,DNR-00799,FND-006,,2024-03-16,1059.37,Stock
GFT-005949,DNR-00438,FND-003,CAM-006,2026-01-11,222.13,Cash
GFT-005950,DNR-00876,FND-003,,2024-02-14,138.01,Cash
GFT-005951,DNR-01032,FND-008,CAM-001,2023-10-18,339.29,Cash
GFT-005952,DNR-00321,FND-002,CAM-006,2024-05-14,86.17,Stock
GFT-005953,DNR-00814,FND-002,CAM-003,2024-11-16,114.22,Pledge Payment
GFT-005954,DNR-00447,FND-008,CAM-004,2025-12-23,185.65,Cash
GFT-005955,DNR-00234,FND-001,CAM-003,2026-03-18,100.37,Cash
GFT-005956,DNR-01157,FND-008,CAM-005,2024-04-06,303.5,Pledge Payment
GFT-005957,DNR-00906,FND-005,CAM-003,2023-07-03,157.02,Stock
GFT-005958,DNR-00765,FND-004,,2023-12-13,301.11,Cash
GFT-005959,DNR-00562,FND-006,,2024-12-02,333.93,Cash
GFT-005960,DNR-00364,FND-001,,2023-07-22,596.8,Cash
GFT-005961,DNR-01067,FND-004,CAM-006,2025-08-11,129.24,Cash
GFT-005962,DNR-01137,FND-001,CAM-001,2026-04-08,62.52,Pledge Payment
GFT-005963,DNR-00710,FND-001,,2025-03-26,2359.77,Matching Gift
GFT-005964,DNR-01031,FND-007,CAM-005,2025-04-08,754.1,Cash
GFT-005965,DNR-00097,FND-004,,2025-09-20,29.95,Cash
GFT-005966,DNR-00018,FND-004,CAM-002,2025-01-08,2909.42,Cash
GFT-005967,DNR-00941,FND-006,CAM-002,2025-10-13,94.7,Pledge Payment
GFT-005968,DNR-01099,FND-003,CAM-001,2023-11-18,158.77,Cash
GFT-005969,DNR-01110,FND-002,,2025-11-15,53.68,Matching Gift
GFT-005970,DNR-00499,FND-003,CAM-005,2023-12-02,202.72,Stock
GFT-005971,DNR-00147,FND-001,CAM-003,2024-06-18,99.61,Pledge Payment
GFT-005972,DNR-00500,FND-004,CAM-002,2024-01-22,55.39,Cash
GFT-005973,DNR-00124,FND-002,CAM-006,2025-08-07,44.27,Matching Gift
GFT-005974,DNR-00328,FND-003,,2025-03-27,79.54,Stock
GFT-005975,DNR-00482,FND-003,CAM-003,2024-01-18,376.0,Matching Gift
GFT-005976,DNR-00356,FND-001,CAM-006,2024-10-26,3173.94,Matching Gift
GFT-005977,DNR-00158,FND-007,CAM-006,2024-08-07,306.54,Cash
GFT-005978,DNR-00842,FND-004,CAM-004,2024-03-05,66.09,Cash
GFT-005979,DNR-00487,FND-002,CAM-005,2023-07-19,123.42,Stock
GFT-005980,DNR-00780,FND-001,CAM-005,2024-11-14,489.49,Pledge Payment
GFT-005981,DNR-DUP013,FND-005,CAM-005,2026-05-11,128.27,Cash
GFT-005982,DNR-00988,FND-003,,2025-11-24,779.03,Cash
GFT-005983,DNR-00048,FND-006,,2023-09-26,1988.33,Cash
GFT-005984,DNR-00527,FND-002,,2023-12-13,24.35,Matching Gift
GFT-005985,DNR-00019,FND-008,,2026-02-25,80.43,Cash
GFT-005986,DNR-00495,FND-005,CAM-006,2025-12-05,90.95,Cash
GFT-005987,DNR-00057,FND-006,,2025-07-17,937.6,Cash
GFT-005988,DNR-00444,FND-008,,2024-07-04,126.0,Pledge Payment
GFT-005989,DNR-00761,FND-002,,2026-06-18,531.12,Cash
GFT-005990,DNR-00543,FND-005,CAM-003,2023-12-12,220.89,Cash
GFT-005991,DNR-00745,FND-007,CAM-005,2024-12-13,143.94,Cash
GFT-005992,DNR-00810,FND-006,CAM-003,2024-04-16,354.02,Matching Gift
GFT-005993,DNR-00236,FND-003,CAM-005,2025-09-05,953.82,Stock
GFT-005994,DNR-01021,FND-002,CAM-001,2025-11-23,6.93,Pledge Payment
GFT-005995,DNR-00914,FND-002,CAM-006,2025-12-16,640.12,Stock
GFT-005996,DNR-00851,FND-003,CAM-004,2026-04-20,168.79,Matching Gift
GFT-005997,DNR-01198,FND-006,CAM-004,2024-11-04,227.86,Cash
GFT-005998,DNR-00276,FND-007,CAM-004,2024-02-04,536.22,Pledge Payment
GFT-005999,DNR-01114,FND-004,,2025-12-19,243.15,Cash
GFT-006000,DNR-00745,FND-008,CAM-001,2025-08-01,1148.75,Matching Gift
